Source,recipe_name,Target,ingredient_en,Type,book,chapter,section,ingredient_type
B01C001S01,conditum_paradoxum,piper,pepper,Undirected,1,1,1,Spices
B01C001S01,conditum_paradoxum,mastiche,mastich,Undirected,1,1,1,Spices
B01C001S01,conditum_paradoxum,crocus,saffron,Undirected,1,1,1,Spices
B01C001S01,conditum_paradoxum,folium,aromatic leaf,Undirected,1,1,1,Spices
B01C001S01,conditum_paradoxum,mel,honey,Undirected,1,1,1,Additive
B01C001S01,conditum_paradoxum,vinum,wine,Undirected,1,1,1,Alcoholic Beverages
B01C001S01,conditum_paradoxum,palmula,dates,Undirected,1,1,1,Fruit
B01C001S02,conditum_melizomum_uiatorium,piper,pepper,Undirected,1,1,2,Spices
B01C001S02,conditum_melizomum_uiatorium,mel,honey,Undirected,1,1,2,Additive
B01C001S02,conditum_melizomum_uiatorium,vinum,wine,Undirected,1,1,2,Alcoholic Beverages
B01C002S01,apsinthium_romanum,mastiche,mastich,Undirected,1,2,1,Spices
B01C002S01,apsinthium_romanum,costum,costmary,Undirected,1,2,1,Plants
B01C002S01,apsinthium_romanum,crocus,saffron,Undirected,1,2,1,Spices
B01C002S01,apsinthium_romanum,folium,aromatic leaf,Undirected,1,2,1,Spices
B01C002S01,apsinthium_romanum,vinum,wine,Undirected,1,2,1,Alcoholic Beverages
B01C002S01,apsinthium_romanum,apsinthium,absinthe,Undirected,1,2,1,Herbs
B01C003S01,rosatum_et_uiolatium,folia_rosae,rose petals,Undirected,1,3,1,Flowers
B01C003S01,rosatum_et_uiolatium,mel,honey,Undirected,1,3,1,Additive
B01C003S01,rosatum_et_uiolatium,viola,violet,Undirected,1,3,1,Flowers
B01C003S01,rosatum_et_uiolatium,vinum,wine,Undirected,1,3,1,Alcoholic Beverages
B01C003S02,rosatum_sine_rosa,folia_citri,citron leaves,Undirected,1,3,2,Herbs
B01C003S02,rosatum_sine_rosa,mel,honey,Undirected,1,3,2,Additive
B01C003S02,rosatum_sine_rosa,mustum,must / grape must (mustum),Undirected,1,3,2,Additive
B01C004S01,oleum_liburnicum,cyperus,cyperus,Undirected,1,4,1,Spices
B01C004S01,oleum_liburnicum,folium_lauri,bay/laurel leaves,Undirected,1,4,1,Herbs
B01C004S01,oleum_liburnicum,helenium,elecampane,Undirected,1,4,1,Herbs
B01C004S01,oleum_liburnicum,oleum,oil,Undirected,1,4,1,Plants
B01C004S01,oleum_liburnicum,sal,salt,Undirected,1,4,1,Additive
B01C005S01,vinum_ex_atro_candidum_facies,vinum,wine,Undirected,1,5,1,Alcoholic Beverages
B01C005S01,vinum_ex_atro_candidum_facies,ovum,eggs,Undirected,1,5,1,Dairy
B01C005S01,vinum_ex_atro_candidum_facies,faba,bean,Undirected,1,5,1,Legumes
B01C006S01,deliquamine_emendando,liquamen,liquamen,Undirected,1,6,1,Additive
B01C006S01,deliquamine_emendando,mel,honey,Undirected,1,6,1,Additive
B01C006S01,deliquamine_emendando,mustum,must / grape must (mustum),Undirected,1,6,1,Additive
B01C007S01,vt_carnes_sine_sale_quovis_tempore_recen,caro,meat (caro),Undirected,1,7,1,Meat
B01C007S01,vt_carnes_sine_sale_quovis_tempore_recen,mel,honey,Undirected,1,7,1,Additive
B01C007S02,callum_porcinum_vel_bubulum_et_unguellae,caro,meat (caro),Undirected,1,7,2,Meat
B01C007S02,callum_porcinum_vel_bubulum_et_unguellae,sinapis,mustard,Undirected,1,7,2,Spices
B01C007S02,callum_porcinum_vel_bubulum_et_unguellae,acetum,vinegar,Undirected,1,7,2,Additive
B01C007S02,callum_porcinum_vel_bubulum_et_unguellae,sal,salt,Undirected,1,7,2,Additive
B01C007S02,callum_porcinum_vel_bubulum_et_unguellae,mel,honey,Undirected,1,7,2,Additive
B01C008S01,vt_carnem_salsam_dulcem_facias,caro,meat (caro),Undirected,1,8,1,Meat
B01C008S01,vt_carnem_salsam_dulcem_facias,sal,salt,Undirected,1,8,1,Additive
B01C008S01,vt_carnem_salsam_dulcem_facias,lac,milk,Undirected,1,8,1,Dairy
B01C009S01,vt_pisces_fricti_diu_durent,acetum,vinegar,Undirected,1,9,1,Additive
B01C009S01,vt_pisces_fricti_diu_durent,piscis,fish,Undirected,1,9,1,Fish
B01C009S02,ostrea_ut_diu_durent,acetum,vinegar,Undirected,1,9,2,Additive
B01C009S02,ostrea_ut_diu_durent,ostrea,oysters,Undirected,1,9,2,Seafood
B01C010S01,vt_uncia_laseris_toto_tempore_utaris,laser,laser,Undirected,1,10,1,Spices
B01C010S01,vt_uncia_laseris_toto_tempore_utaris,nucleus,pine nuts,Undirected,1,10,1,Nuts & Seeds
B01C011S01,vt_dulcia_de_melle_diu_durent,cnecus,safflower (cnecus),Undirected,1,11,1,Spices
B01C011S01,vt_dulcia_de_melle_diu_durent,mel,honey,Undirected,1,11,1,Additive
B01C011S01,vt_dulcia_de_melle_diu_durent,farina,flour,Undirected,1,11,1,Cereals
B01C011S02,vt_mel_malum_bonum_facias,mel,honey,Undirected,1,11,2,Additive
B01C011S03,mel_corruptum_ut_probes,helenium,elecampane,Undirected,1,11,3,Herbs
B01C011S03,mel_corruptum_ut_probes,mel,honey,Undirected,1,11,3,Additive
B01C012S01,Vvae ut diu serventur,uva,grapes,Undirected,1,12,1,Fruit
B01C012S01,Vvae ut diu serventur,hordeum,barley,Undirected,1,12,1,Cereals
B01C012S02,vt_mala_et_mala_granata_diu_durent,granatum,pomegranate,Undirected,1,12,2,Fruit
B01C012S03,vt_mala_cydonia_diu_serventur,cotoneum,quince,Undirected,1,12,3,Fruit
B01C012S03,vt_mala_cydonia_diu_serventur,mel,honey,Undirected,1,12,3,Additive
B01C012S03,vt_mala_cydonia_diu_serventur,defritum,defritum,Undirected,1,12,3,Additive
B01C012S04,"ficum_recentem,_mala,_pruna,_pira,_ceras",mel,honey,Undirected,1,12,4,Additive
B01C012S04,"ficum_recentem,_mala,_pruna,_pira,_ceras",malum,apple,Undirected,1,12,4,Fruit
B01C012S04,"ficum_recentem,_mala,_pruna,_pira,_ceras",pirum,pear,Undirected,1,12,4,Fruit
B01C012S04,"ficum_recentem,_mala,_pruna,_pira,_ceras",ficus,fig,Undirected,1,12,4,Fruit
B01C012S05,citria_ut_diu_durent,citrum,citron,Undirected,1,12,5,Fruit
B01C012S06,mora_ut_diu_durent,morum,mulberry,Undirected,1,12,6,Fruit
B01C012S06,mora_ut_diu_durent,defritum,defritum,Undirected,1,12,6,Additive
B01C012S06,mora_ut_diu_durent,holus,vegetables,Undirected,1,12,7,Vegetables
B01C012S07,holera_ut_diu_serventur,holus,vegetables,Undirected,1,12,7,Vegetables
B01C012S08,rapae_ut_diu_serventur,acetum,vinegar,Undirected,1,12,8,Additive
B01C012S08,rapae_ut_diu_serventur,mel,honey,Undirected,1,12,8,Additive
B01C012S09,rapae_ut_diu_serventur_aliter_1,sinapis,mustard,Undirected,1,12,9,Spices
B01C012S09,rapae_ut_diu_serventur_aliter_1,acetum,vinegar,Undirected,1,12,9,Additive
B01C012S09,rapae_ut_diu_serventur_aliter_1,sal,salt,Undirected,1,12,9,Additive
B01C012S09,rapae_ut_diu_serventur_aliter_1,mel,honey,Undirected,1,12,9,Additive
B01C012S09,rapae_ut_diu_serventur_aliter_1,rapa,turnips,Undirected,1,12,9,Vegetables
B01C012S10,tubera_ut_diu_serventur,tubera,truffles,Undirected,1,12,10,Fungi
B01C012S11,duracina_persica_ut_diu_durent,acetum,vinegar,Undirected,1,12,11,Additive
B01C012S11,duracina_persica_ut_diu_durent,sal,salt,Undirected,1,12,11,Additive
B01C012S11,duracina_persica_ut_diu_durent,persica,peach,Undirected,1,12,11,Fruit
B01C013S01,sales_conditos_ad_multa,piper,pepper,Undirected,1,13,1,Spices
B01C013S01,sales_conditos_ad_multa,anethum,dill,Undirected,1,13,1,Herbs
B01C013S01,sales_conditos_ad_multa,origanum,oregano,Undirected,1,13,1,Herbs
B01C013S01,sales_conditos_ad_multa,thymum,thyme,Undirected,1,13,1,Herbs
B01C013S01,sales_conditos_ad_multa,zingiber,ginger,Undirected,1,13,1,Spices
B01C013S01,sales_conditos_ad_multa,crocus,saffron,Undirected,1,13,1,Spices
B01C013S01,sales_conditos_ad_multa,folium,aromatic leaf,Undirected,1,13,1,Spices
B01C013S01,sales_conditos_ad_multa,apium,celery (celery seed),Undirected,1,13,1,Herbs
B01C013S01,sales_conditos_ad_multa,petroselinum,parsley,Undirected,1,13,1,Herbs
B01C013S01,sales_conditos_ad_multa,sal,salt,Undirected,1,13,1,Additive
B01C014S01,olivas_virides_servare_ut_quovis_tempore,oliva,olives,Undirected,1,14,1,Fruit
B01C014S01,olivas_virides_servare_ut_quovis_tempore,oleum,oil,Undirected,1,14,1,Plants
B01C015S01,cuminatum_in_ostrea_et_conchylia,piper,pepper,Undirected,1,15,1,Spices
B01C015S01,cuminatum_in_ostrea_et_conchylia,cuminum,cumin,Undirected,1,15,1,Spices
B01C015S01,cuminatum_in_ostrea_et_conchylia,malabathrum,malabathrum,Undirected,1,15,1,Spices
B01C015S01,cuminatum_in_ostrea_et_conchylia,folium,aromatic leaf,Undirected,1,15,1,Spices
B01C015S01,cuminatum_in_ostrea_et_conchylia,petroselinum,parsley,Undirected,1,15,1,Herbs
B01C015S01,cuminatum_in_ostrea_et_conchylia,liquamen,liquamen,Undirected,1,15,1,Additive
B01C015S01,cuminatum_in_ostrea_et_conchylia,acetum,vinegar,Undirected,1,15,1,Additive
B01C015S01,cuminatum_in_ostrea_et_conchylia,mel,honey,Undirected,1,15,1,Additive
B01C015S01,cuminatum_in_ostrea_et_conchylia,ligusticum,lovage,Undirected,1,15,1,Herbs
B01C015S01,cuminatum_in_ostrea_et_conchylia,menta,mint,Undirected,1,15,1,Herbs
B01C015S02,cuminatum_in_ostrea_et_conchylia_aliter_,piper,pepper,Undirected,1,15,2,Spices
B01C015S02,cuminatum_in_ostrea_et_conchylia_aliter_,cuminum,cumin,Undirected,1,15,2,Spices
B01C015S02,cuminatum_in_ostrea_et_conchylia_aliter_,petroselinum,parsley,Undirected,1,15,2,Herbs
B01C015S02,cuminatum_in_ostrea_et_conchylia_aliter_,liquamen,liquamen,Undirected,1,15,2,Additive
B01C015S02,cuminatum_in_ostrea_et_conchylia_aliter_,acetum,vinegar,Undirected,1,15,2,Additive
B01C015S02,cuminatum_in_ostrea_et_conchylia_aliter_,mel,honey,Undirected,1,15,2,Additive
B01C015S02,cuminatum_in_ostrea_et_conchylia_aliter_,ligusticum,lovage,Undirected,1,15,2,Herbs
B01C015S02,cuminatum_in_ostrea_et_conchylia_aliter_,menta,mint,Undirected,1,15,2,Herbs
B01C016S01,laseratum,piper,pepper,Undirected,1,16,1,Spices
B01C016S01,laseratum,laser,laser,Undirected,1,16,1,Spices
B01C016S01,laseratum,petroselinum,parsley,Undirected,1,16,1,Herbs
B01C016S01,laseratum,liquamen,liquamen,Undirected,1,16,1,Additive
B01C016S01,laseratum,acetum,vinegar,Undirected,1,16,1,Additive
B01C016S01,laseratum,mel,honey,Undirected,1,16,1,Additive
B01C016S01,laseratum,menta,mint,Undirected,1,16,1,Herbs
B01C016S02,laseratum_aliter_1,piper,pepper,Undirected,1,16,2,Spices
B01C016S02,laseratum_aliter_1,anethum,dill,Undirected,1,16,2,Herbs
B01C016S02,laseratum_aliter_1,menta,mint,Undirected,1,16,2,Herbs
B01C016S02,laseratum_aliter_1,silphium,silphium,Undirected,1,16,2,Spices
B01C016S02,laseratum_aliter_1,carum,caraway,Undirected,1,16,2,Spices
B01C016S02,laseratum_aliter_1,costum,costmary,Undirected,1,16,2,Plants
B01C016S02,laseratum_aliter_1,malabathrum,malabathrum,Undirected,1,16,2,Spices
B01C016S02,laseratum_aliter_1,folium,aromatic leaf,Undirected,1,16,2,Spices
B01C016S02,laseratum_aliter_1,petroselinum,parsley,Undirected,1,16,2,Herbs
B01C016S02,laseratum_aliter_1,liquamen,liquamen,Undirected,1,16,2,Additive
B01C016S02,laseratum_aliter_1,acetum,vinegar,Undirected,1,16,2,Additive
B01C016S02,laseratum_aliter_1,mel,honey,Undirected,1,16,2,Additive
B01C016S02,laseratum_aliter_1,spica_nardi,indian spikenard,Undirected,1,16,2,Spices
B01C017S01,oenogarum_in_tubera,piper,pepper,Undirected,1,17,1,Spices
B01C017S01,oenogarum_in_tubera,coriandrum,coriander,Undirected,1,17,1,Herbs
B01C017S01,oenogarum_in_tubera,ruta,rue,Undirected,1,17,1,Herbs
B01C017S01,oenogarum_in_tubera,liquamen,liquamen,Undirected,1,17,1,Additive
B01C017S01,oenogarum_in_tubera,oenogarum,oenogarum,Undirected,1,17,1,Additive
B01C017S01,oenogarum_in_tubera,mel,honey,Undirected,1,17,1,Additive
B01C017S01,oenogarum_in_tubera,oleum,oil,Undirected,1,17,1,Plants
B01C017S01,oenogarum_in_tubera,tubera,truffles,Undirected,1,17,1,Fungi
B01C017S01,oenogarum_in_tubera,ligusticum,lovage,Undirected,1,17,1,Herbs
B01C017S02,oenogarum_in_tubera_aliter_1,piper,pepper,Undirected,1,17,2,Spices
B01C017S02,oenogarum_in_tubera_aliter_1,thymum,thyme,Undirected,1,17,2,Herbs
B01C017S02,oenogarum_in_tubera_aliter_1,satureia,savory,Undirected,1,17,2,Herbs
B01C017S02,oenogarum_in_tubera_aliter_1,liquamen,liquamen,Undirected,1,17,2,Additive
B01C017S02,oenogarum_in_tubera_aliter_1,mel,honey,Undirected,1,17,2,Additive
B01C017S02,oenogarum_in_tubera_aliter_1,oleum,oil,Undirected,1,17,2,Plants
B01C017S02,oenogarum_in_tubera_aliter_1,ligusticum,lovage,Undirected,1,17,2,Herbs
B01C018S01,oxyporum,piper,pepper,Undirected,1,18,1,Spices
B01C018S01,oxyporum,cuminum,cumin,Undirected,1,18,1,Spices
B01C018S01,oxyporum,zingiber,ginger,Undirected,1,18,1,Spices
B01C018S01,oxyporum,nitrum,soda,Undirected,1,18,1,Additive
B01C018S01,oxyporum,ruta,rue,Undirected,1,18,1,Herbs
B01C018S01,oxyporum,oxygarum,oxygarum,Undirected,1,18,1,Additive
B01C018S01,oxyporum,acetum,vinegar,Undirected,1,18,1,Additive
B01C018S01,oxyporum,mel,honey,Undirected,1,18,1,Additive
B01C018S01,oxyporum,palmula,dates,Undirected,1,18,1,Fruit
B01C019S01,hypotrimma,piper,pepper,Undirected,1,19,1,Spices
B01C019S01,hypotrimma,liquamen,liquamen,Undirected,1,19,1,Additive
B01C019S01,hypotrimma,acetum,vinegar,Undirected,1,19,1,Additive
B01C019S01,hypotrimma,mel,honey,Undirected,1,19,1,Additive
B01C019S01,hypotrimma,caroenum,caroenum,Undirected,1,19,1,Additive
B01C019S01,hypotrimma,menta,mint,Undirected,1,19,1,Herbs
B01C019S01,hypotrimma,oleum,oil,Undirected,1,19,1,Plants
B01C019S01,hypotrimma,vinum,wine,Undirected,1,19,1,Alcoholic Beverages
B01C019S01,hypotrimma,caseus,cheese,Undirected,1,19,1,Dairy
B01C019S01,hypotrimma,uva,grapes,Undirected,1,19,1,Fruit
B01C019S01,hypotrimma,nucleus,pine nuts,Undirected,1,19,1,Nuts & Seeds
B01C019S01,hypotrimma,ligusticum,lovage,Undirected,1,19,1,Herbs
B01C019S01,hypotrimma,uvae_passae,raisins,Undirected,1,19,1,Fruit
B01C019S01,hypotrimma,defritum,defritum,Undirected,1,19,1,Additive
B01C019S01,hypotrimma,cariota,date,Undirected,1,19,1,Fruit
B01C020S01,oxygarum_digestibile,piper,pepper,Undirected,1,20,1,Spices
B01C020S01,oxygarum_digestibile,cuminum,cumin,Undirected,1,20,1,Spices
B01C020S01,oxygarum_digestibile,cardamomum,cardamon,Undirected,1,20,1,Spices
B01C020S01,oxygarum_digestibile,folium,aromatic leaf,Undirected,1,20,1,Spices
B01C020S01,oxygarum_digestibile,liquamen,liquamen,Undirected,1,20,1,Additive
B01C020S01,oxygarum_digestibile,oxygarum,oxygarum,Undirected,1,20,1,Additive
B01C020S01,oxygarum_digestibile,acetum,vinegar,Undirected,1,20,1,Additive
B01C020S01,oxygarum_digestibile,mel,honey,Undirected,1,20,1,Additive
B01C020S01,oxygarum_digestibile,menta,mint,Undirected,1,20,1,Herbs
B01C020S02,oxygarum_digestibile_aliter_1,piper,pepper,Undirected,1,20,2,Spices
B01C020S02,oxygarum_digestibile_aliter_1,carum,caraway,Undirected,1,20,2,Spices
B01C020S02,oxygarum_digestibile_aliter_1,petroselinum,parsley,Undirected,1,20,2,Herbs
B01C020S02,oxygarum_digestibile_aliter_1,liquamen,liquamen,Undirected,1,20,2,Additive
B01C020S02,oxygarum_digestibile_aliter_1,acetum,vinegar,Undirected,1,20,2,Additive
B01C020S02,oxygarum_digestibile_aliter_1,mel,honey,Undirected,1,20,2,Additive
B01C020S02,oxygarum_digestibile_aliter_1,ligusticum,lovage,Undirected,1,20,2,Herbs
B01C021S01,moretaria,piper,pepper,Undirected,1,21,1,Spices
B01C021S01,moretaria,coriandrum,coriander,Undirected,1,21,1,Herbs
B01C021S01,moretaria,foeniculum,fennel,Undirected,1,21,1,Herbs
B01C021S01,moretaria,ruta,rue,Undirected,1,21,1,Herbs
B01C021S01,moretaria,liquamen,liquamen,Undirected,1,21,1,Additive
B01C021S01,moretaria,acetum,vinegar,Undirected,1,21,1,Additive
B01C021S01,moretaria,menta,mint,Undirected,1,21,1,Herbs
B01C021S01,moretaria,mel,honey,Undirected,1,21,1,Additive
B01C021S01,moretaria,ligusticum,lovage,Undirected,1,21,1,Herbs
B02C001S01,isicia,piper,pepper,Undirected,2,1,1,Spices
B02C001S01,isicia,cuminum,cumin,Undirected,2,1,1,Spices
B02C001S01,isicia,laser,laser,Undirected,2,1,1,Spices
B02C001S01,isicia,sepia,cuttlefish,Undirected,2,1,1,Seafood
B02C001S01,isicia,cammarus,lobster / crawfish (cammarus),Undirected,2,1,1,Seafood
B02C001S01,isicia,ligusticum,lovage,Undirected,2,1,1,Herbs
B02C001S01,isicia,isicium,isicium,Undirected,2,1,1,Meat
B02C001S01,isicia,locusta,lobster,Undirected,2,1,1,Seafood
B02C001S01,isicia,lolligo,squid,Undirected,2,1,1,Seafood
B02C001S02,isicia_de_lolligine,lolligo,squid,Undirected,2,1,2,Seafood
B02C001S02,isicia_de_lolligine,liquamen,liquamen,Undirected,2,1,2,Additive
B02C001S03,isicia_de_scillis_vel_de_cammaris_amplis,piper,pepper,Undirected,2,1,3,Spices
B02C001S03,isicia_de_scillis_vel_de_cammaris_amplis,liquamen,liquamen,Undirected,2,1,3,Additive
B02C001S03,isicia_de_scillis_vel_de_cammaris_amplis,scilla,sea onion,Undirected,2,1,3,Plants
B02C001S03,isicia_de_scillis_vel_de_cammaris_amplis,cammarus,lobster / crawfish (cammarus),Undirected,2,1,3,Seafood
B02C001S04,omentata_ita_fiunt,porcus,pork,Undirected,2,1,4,Meat
B02C001S04,omentata_ita_fiunt,piper,pepper,Undirected,2,1,4,Spices
B02C001S04,omentata_ita_fiunt,folium_lauri,bay/laurel leaves,Undirected,2,1,4,Herbs
B02C001S04,omentata_ita_fiunt,ruta,rue,Undirected,2,1,4,Herbs
B02C001S04,omentata_ita_fiunt,liquamen,liquamen,Undirected,2,1,4,Additive
B02C001S04,omentata_ita_fiunt,iecur,liver,Undirected,2,1,4,Meat
B02C001S05,omentata_ita_fiunt_aliter_isicium_1,piper,pepper,Undirected,2,1,5,Spices
B02C001S05,omentata_ita_fiunt_aliter_isicium_1,origanum,oregano,Undirected,2,1,5,Herbs
B02C001S05,omentata_ita_fiunt_aliter_isicium_1,liquamen,liquamen,Undirected,2,1,5,Additive
B02C001S05,omentata_ita_fiunt_aliter_isicium_1,ovum,eggs,Undirected,2,1,5,Dairy
B02C001S05,omentata_ita_fiunt_aliter_isicium_1,ligusticum,lovage,Undirected,2,1,5,Herbs
B02C001S05,omentata_ita_fiunt_aliter_isicium_1,cerebrum,brain,Undirected,2,1,5,Meat
B02C001S06,isicia_exsphondylis,sphondylus,hogweed,Undirected,2,1,6,Plants
B02C001S06,isicia_exsphondylis,piper,pepper,Undirected,2,1,6,Spices
B02C001S06,isicia_exsphondylis,oenogarum,oenogarum,Undirected,2,1,6,Additive
B02C001S06,isicia_exsphondylis,ovum,eggs,Undirected,2,1,6,Dairy
B02C001S06,isicia_exsphondylis,isicium,isicium,Undirected,2,1,6,Meat
B02C001S06,isicia_exsphondylis,alica,spelt / emmer wheat,Undirected,2,1,6,Cereals
B02C001S06,isicia_exsphondylis,omentum,caul,Undirected,2,1,6,Meat
B02C001S07,isicia_omentata,piper,pepper,Undirected,2,1,7,Spices
B02C001S07,isicia_omentata,liquamen,liquamen,Undirected,2,1,7,Additive
B02C001S07,isicia_omentata,caroenum,caroenum,Undirected,2,1,7,Additive
B02C001S07,isicia_omentata,vinum,wine,Undirected,2,1,7,Alcoholic Beverages
B02C001S07,isicia_omentata,porcus,pork,Undirected,2,1,7,Meat
B02C001S07,isicia_omentata,nux,wallnuts,Undirected,2,1,7,Nuts & Seeds
B02C001S07,isicia_omentata,bacae_myrti,myrtle berry,Undirected,2,1,7,Fruit
B02C001S07,isicia_omentata,nucleus,pine nuts,Undirected,2,1,7,Nuts & Seeds
B02C001S07,isicia_omentata,omentum,caul,Undirected,2,1,7,Meat
B02C002S01,hydrogaratum_et_apothermum_et_amulatum,piper,pepper,Undirected,2,2,1,Spices
B02C002S01,hydrogaratum_et_apothermum_et_amulatum,liquamen,liquamen,Undirected,2,2,1,Additive
B02C002S01,hydrogaratum_et_apothermum_et_amulatum,caroenum,caroenum,Undirected,2,2,1,Additive
B02C002S01,hydrogaratum_et_apothermum_et_amulatum,phasianus,pheasant,Undirected,2,2,1,Meat
B02C002S02,hydrogarata_isicia,piper,pepper,Undirected,2,2,2,Spices
B02C002S02,hydrogarata_isicia,liquamen,liquamen,Undirected,2,2,2,Additive
B02C002S02,hydrogarata_isicia,ligusticum,lovage,Undirected,2,2,2,Herbs
B02C002S02,hydrogarata_isicia,pyrethrum,pellitory,Undirected,2,2,2,Spices
B02C002S03,in_isicia_de_pullo,piper,pepper,Undirected,2,2,3,Spices
B02C002S03,in_isicia_de_pullo,liquamen,liquamen,Undirected,2,2,3,Additive
B02C002S03,in_isicia_de_pullo,oleum,oil,Undirected,2,2,3,Plants
B02C002S03,in_isicia_de_pullo,pullus,chicken,Undirected,2,2,3,Meat
B02C002S03,in_isicia_de_pullo,farina,flour,Undirected,2,2,3,Cereals
B02C002S04,in_isicia_de_pullo_aliter_de_pullo_1,piper,pepper,Undirected,2,2,4,Spices
B02C002S04,in_isicia_de_pullo_aliter_de_pullo_1,liquamen,liquamen,Undirected,2,2,4,Additive
B02C002S04,in_isicia_de_pullo_aliter_de_pullo_1,caroenum,caroenum,Undirected,2,2,4,Additive
B02C002S04,in_isicia_de_pullo_aliter_de_pullo_1,pullus,chicken,Undirected,2,2,4,Meat
B02C002S05,isicium_simplex,piper,pepper,Undirected,2,2,5,Spices
B02C002S05,isicium_simplex,apium,celery (celery seed),Undirected,2,2,5,Herbs
B02C002S05,isicium_simplex,liquamen,liquamen,Undirected,2,2,5,Additive
B02C002S05,isicium_simplex,conditum,spiced wine,Undirected,2,2,5,Alcoholic Beverages
B02C002S06,isicia_(dishRANKING,porcellus,suckling pig,Undirected,2,2,6,Meat
B02C002S07,isicia_amulata_ab_aheno,piper,pepper,Undirected,2,2,7,Spices
B02C002S07,isicia_amulata_ab_aheno,origanum,oregano,Undirected,2,2,7,Herbs
B02C002S07,isicia_amulata_ab_aheno,zingiber,ginger,Undirected,2,2,7,Spices
B02C002S07,isicia_amulata_ab_aheno,silphium,silphium,Undirected,2,2,7,Spices
B02C002S07,isicia_amulata_ab_aheno,liquamen,liquamen,Undirected,2,2,7,Additive
B02C002S07,isicia_amulata_ab_aheno,mel,honey,Undirected,2,2,7,Additive
B02C002S07,isicia_amulata_ab_aheno,amulum,roux,Undirected,2,2,7,Cereals
B02C002S07,isicia_amulata_ab_aheno,ligusticum,lovage,Undirected,2,2,7,Herbs
B02C002S08,amulatum_aliter,piper,pepper,Undirected,2,2,8,Spices
B02C002S08,amulatum_aliter,liquamen,liquamen,Undirected,2,2,8,Additive
B02C002S08,amulatum_aliter,mel,honey,Undirected,2,2,8,Additive
B02C002S08,amulatum_aliter,amulum,roux,Undirected,2,2,8,Cereals
B02C002S08,amulatum_aliter,oryza,rice,Undirected,2,2,8,Cereals
B02C002S08,amulatum_aliter,defritum,defritum,Undirected,2,2,8,Additive
B02C002S09,amulatum_aliter_aliter_1,piper,pepper,Undirected,2,2,9,Spices
B02C002S09,amulatum_aliter_aliter_1,anethum,dill,Undirected,2,2,9,Herbs
B02C002S09,amulatum_aliter_aliter_1,apium,celery (celery seed),Undirected,2,2,9,Herbs
B02C002S09,amulatum_aliter_aliter_1,porrum,leeks,Undirected,2,2,9,Vegetables
B02C002S09,amulatum_aliter_aliter_1,liquamen,liquamen,Undirected,2,2,9,Additive
B02C002S09,amulatum_aliter_aliter_1,sal,salt,Undirected,2,2,9,Additive
B02C002S09,amulatum_aliter_aliter_1,passum,raisin wine,Undirected,2,2,9,Alcoholic Beverages
B02C002S09,amulatum_aliter_aliter_1,amulum,roux,Undirected,2,2,9,Cereals
B02C002S09,amulatum_aliter_aliter_1,oryza,rice,Undirected,2,2,9,Cereals
B02C002S09,amulatum_aliter_aliter_1,pullus,chicken,Undirected,2,2,9,Meat
B02C002S09,amulatum_aliter_aliter_1,isicium,isicium,Undirected,2,2,9,Meat
B02C002S09,amulatum_aliter_aliter_1,defritum,defritum,Undirected,2,2,9,Additive
B02C002S10,apothermum,piper,pepper,Undirected,2,2,10,Spices
B02C002S10,apothermum,passum,raisin wine,Undirected,2,2,10,Alcoholic Beverages
B02C002S10,apothermum,caroenum,caroenum,Undirected,2,2,10,Additive
B02C002S10,apothermum,uva,grapes,Undirected,2,2,10,Fruit
B02C002S10,apothermum,amygdala,almonds,Undirected,2,2,10,Nuts & Seeds
B02C002S10,apothermum,uvae_passae,raisins,Undirected,2,2,10,Fruit
B02C002S10,apothermum,nucleus,pine nuts,Undirected,2,2,10,Nuts & Seeds
B02C002S10,apothermum,alica,spelt / emmer wheat,Undirected,2,2,10,Cereals
B02C003S01,vulvulae_botelli,piper,pepper,Undirected,2,3,1,Spices
B02C003S01,vulvulae_botelli,cuminum,cumin,Undirected,2,3,1,Spices
B02C003S01,vulvulae_botelli,anethum,dill,Undirected,2,3,1,Herbs
B02C003S01,vulvulae_botelli,ruta,rue,Undirected,2,3,1,Herbs
B02C003S01,vulvulae_botelli,porrum,leeks,Undirected,2,3,1,Vegetables
B02C003S01,vulvulae_botelli,liquamen,liquamen,Undirected,2,3,1,Additive
B02C003S01,vulvulae_botelli,oleum,oil,Undirected,2,3,1,Plants
B02C003S01,vulvulae_botelli,porcus,pork,Undirected,2,3,1,Meat
B02C003S01,vulvulae_botelli,nucleus,pine nuts,Undirected,2,3,1,Nuts & Seeds
B02C003S02,botellum,piper,pepper,Undirected,2,3,2,Spices
B02C003S02,botellum,cepa,onion,Undirected,2,3,2,Vegetables
B02C003S02,botellum,porrum,leeks,Undirected,2,3,2,Vegetables
B02C003S02,botellum,liquamen,liquamen,Undirected,2,3,2,Additive
B02C003S02,botellum,vinum,wine,Undirected,2,3,2,Alcoholic Beverages
B02C003S02,botellum,ovum,eggs,Undirected,2,3,2,Dairy
B02C003S02,botellum,nucleus,pine nuts,Undirected,2,3,2,Nuts & Seeds
B02C004S01,lucanicae,piper,pepper,Undirected,2,4,1,Spices
B02C004S01,lucanicae,cuminum,cumin,Undirected,2,4,1,Spices
B02C004S01,lucanicae,ruta,rue,Undirected,2,4,1,Herbs
B02C004S01,lucanicae,satureia,savory,Undirected,2,4,1,Herbs
B02C004S01,lucanicae,petroselinum,parsley,Undirected,2,4,1,Herbs
B02C004S01,lucanicae,liquamen,liquamen,Undirected,2,4,1,Additive
B02C004S01,lucanicae,porcus,pork,Undirected,2,4,1,Meat
B02C004S01,lucanicae,nux,wallnuts,Undirected,2,4,1,Nuts & Seeds
B02C004S01,lucanicae,bacae_lauri,laurel berry,Undirected,2,4,1,Spices
B02C004S01,lucanicae,conditum,spiced wine,Undirected,2,4,1,Alcoholic Beverages
B02C004S01,lucanicae,nucleus,pine nuts,Undirected,2,4,1,Nuts & Seeds
B02C005S01,farcimina,piper,pepper,Undirected,2,5,1,Spices
B02C005S01,farcimina,laser,laser,Undirected,2,5,1,Spices
B02C005S01,farcimina,liquamen,liquamen,Undirected,2,5,1,Additive
B02C005S01,farcimina,ovum,eggs,Undirected,2,5,1,Dairy
B02C005S01,farcimina,nucleus,pine nuts,Undirected,2,5,1,Nuts & Seeds
B02C005S01,farcimina,cerebrum,brain,Undirected,2,5,1,Meat
B02C005S02,farcimina_aliter_1,piper,pepper,Undirected,2,5,2,Spices
B02C005S02,farcimina_aliter_1,sinapis,mustard,Undirected,2,5,2,Spices
B02C005S02,farcimina_aliter_1,liquamen,liquamen,Undirected,2,5,2,Additive
B02C005S02,farcimina_aliter_1,sal,salt,Undirected,2,5,2,Additive
B02C005S02,farcimina_aliter_1,porcus,pork,Undirected,2,5,2,Meat
B02C005S02,farcimina_aliter_1,nucleus,pine nuts,Undirected,2,5,2,Nuts & Seeds
B02C005S02,farcimina_aliter_1,alica,spelt / emmer wheat,Undirected,2,5,2,Cereals
B02C005S03,farcimina_aliter_2,piper,pepper,Undirected,2,5,3,Spices
B02C005S03,farcimina_aliter_2,porrum,leeks,Undirected,2,5,3,Vegetables
B02C005S03,farcimina_aliter_2,liquamen,liquamen,Undirected,2,5,3,Additive
B02C005S03,farcimina_aliter_2,ovum,eggs,Undirected,2,5,3,Dairy
B02C005S03,farcimina_aliter_2,ligusticum,lovage,Undirected,2,5,3,Herbs
B02C005S03,farcimina_aliter_2,lardum,bacon/fat,Undirected,2,5,3,Meat
B02C005S03,farcimina_aliter_2,porcus,pork,Undirected,2,5,3,Meat
B02C005S03,farcimina_aliter_2,nucleus,pine nuts,Undirected,2,5,3,Nuts & Seeds
B02C005S03,farcimina_aliter_2,alica,spelt / emmer wheat,Undirected,2,5,3,Cereals
B02C005S04,farcimina_aliter_circellos_isiciatos_3,cuminum,cumin,Undirected,2,5,4,Spices
B02C005S04,farcimina_aliter_circellos_isiciatos_3,oenogarum,oenogarum,Undirected,2,5,4,Additive
B03C001S01,de_holeribus,nitrum,soda,Undirected,3,1,1,Additive
B03C001S01,de_holeribus,holus,vegetables,Undirected,3,1,1,Vegetables
B03C002S01,pulmentarium_ad_uentrem,piper,pepper,Undirected,3,2,1,Spices
B03C002S01,pulmentarium_ad_uentrem,cuminum,cumin,Undirected,3,2,1,Spices
B03C002S01,pulmentarium_ad_uentrem,porrum,leeks,Undirected,3,2,1,Vegetables
B03C002S01,pulmentarium_ad_uentrem,liquamen,liquamen,Undirected,3,2,1,Additive
B03C002S01,pulmentarium_ad_uentrem,passum,raisin wine,Undirected,3,2,1,Alcoholic Beverages
B03C002S01,pulmentarium_ad_uentrem,beta,beet,Undirected,3,2,1,Vegetables
B03C002S02,similiter,piper,pepper,Undirected,3,2,2,Spices
B03C002S02,similiter,cuminum,cumin,Undirected,3,2,2,Spices
B03C002S03,similiter_aliter_ad_ventrem_1,piper,pepper,Undirected,3,2,3,Spices
B03C002S03,similiter_aliter_ad_ventrem_1,cuminum,cumin,Undirected,3,2,3,Spices
B03C002S03,similiter_aliter_ad_ventrem_1,nitrum,soda,Undirected,3,2,3,Additive
B03C002S03,similiter_aliter_ad_ventrem_1,liquamen,liquamen,Undirected,3,2,3,Additive
B03C002S03,similiter_aliter_ad_ventrem_1,passum,raisin wine,Undirected,3,2,3,Alcoholic Beverages
B03C002S03,similiter_aliter_ad_ventrem_1,caroenum,caroenum,Undirected,3,2,3,Additive
B03C002S03,similiter_aliter_ad_ventrem_1,oleum,oil,Undirected,3,2,3,Plants
B03C002S03,similiter_aliter_ad_ventrem_1,nux,wallnuts,Undirected,3,2,3,Nuts & Seeds
B03C002S04,aliter_betacios_varronis,oleum,oil,Undirected,3,2,4,Plants
B03C002S04,aliter_betacios_varronis,sal,salt,Undirected,3,2,4,Additive
B03C002S04,aliter_betacios_varronis,beta,beet,Undirected,3,2,4,Vegetables
B03C002S04,aliter_betacios_varronis,pullus,chicken,Undirected,3,2,4,Meat
B03C002S05,similiter_aliter_ad_ventrem_2,piper,pepper,Undirected,3,2,5,Spices
B03C002S05,similiter_aliter_ad_ventrem_2,apium,celery (celery seed),Undirected,3,2,5,Herbs
B03C002S05,similiter_aliter_ad_ventrem_2,porrum,leeks,Undirected,3,2,5,Vegetables
B03C002S05,similiter_aliter_ad_ventrem_2,liquamen,liquamen,Undirected,3,2,5,Additive
B03C002S05,similiter_aliter_ad_ventrem_2,mel,honey,Undirected,3,2,5,Additive
B03C003S01,asparagos,asparagus,asparagus,Undirected,3,3,1,Vegetables
B03C004S01,cucurbitas,piper,pepper,Undirected,3,4,1,Spices
B03C004S01,cucurbitas,cuminum,cumin,Undirected,3,4,1,Spices
B03C004S01,cucurbitas,silphium,silphium,Undirected,3,4,1,Spices
B03C004S01,cucurbitas,laser,laser,Undirected,3,4,1,Spices
B03C004S01,cucurbitas,ruta,rue,Undirected,3,4,1,Herbs
B03C004S01,cucurbitas,liquamen,liquamen,Undirected,3,4,1,Additive
B03C004S01,cucurbitas,acetum,vinegar,Undirected,3,4,1,Additive
B03C004S01,cucurbitas,cucurbita,gourd,Undirected,3,4,1,Vegetables
B03C004S01,cucurbitas,defritum,defritum,Undirected,3,4,1,Additive
B03C004S02,cucurbitas_aliter_cucurbitas_iure_coloca,piper,pepper,Undirected,3,4,2,Spices
B03C004S02,cucurbitas_aliter_cucurbitas_iure_coloca,cuminum,cumin,Undirected,3,4,2,Spices
B03C004S02,cucurbitas_aliter_cucurbitas_iure_coloca,ruta,rue,Undirected,3,4,2,Herbs
B03C004S02,cucurbitas_aliter_cucurbitas_iure_coloca,liquamen,liquamen,Undirected,3,4,2,Additive
B03C004S02,cucurbitas_aliter_cucurbitas_iure_coloca,acetum,vinegar,Undirected,3,4,2,Additive
B03C004S02,cucurbitas_aliter_cucurbitas_iure_coloca,amulum,roux,Undirected,3,4,2,Cereals
B03C004S02,cucurbitas_aliter_cucurbitas_iure_coloca,cucurbita,gourd,Undirected,3,4,2,Vegetables
B03C004S02,cucurbitas_aliter_cucurbitas_iure_coloca,colocasia,colocasia ,Undirected,3,4,2,Plants
B03C004S03,cucurbitas_aliter_cucurbitas_more_alexan,piper,pepper,Undirected,3,4,3,Spices
B03C004S03,cucurbitas_aliter_cucurbitas_more_alexan,cuminum,cumin,Undirected,3,4,3,Spices
B03C004S03,cucurbitas_aliter_cucurbitas_more_alexan,coriandrum,coriander,Undirected,3,4,3,Herbs
B03C004S03,cucurbitas_aliter_cucurbitas_more_alexan,laser,laser,Undirected,3,4,3,Spices
B03C004S03,cucurbitas_aliter_cucurbitas_more_alexan,liquamen,liquamen,Undirected,3,4,3,Additive
B03C004S03,cucurbitas_aliter_cucurbitas_more_alexan,acetum,vinegar,Undirected,3,4,3,Additive
B03C004S03,cucurbitas_aliter_cucurbitas_more_alexan,sal,salt,Undirected,3,4,3,Additive
B03C004S03,cucurbitas_aliter_cucurbitas_more_alexan,mel,honey,Undirected,3,4,3,Additive
B03C004S03,cucurbitas_aliter_cucurbitas_more_alexan,oleum,oil,Undirected,3,4,3,Plants
B03C004S03,cucurbitas_aliter_cucurbitas_more_alexan,cucurbita,gourd,Undirected,3,4,3,Vegetables
B03C004S03,cucurbitas_aliter_cucurbitas_more_alexan,menta,mint,Undirected,3,4,3,Herbs
B03C004S03,cucurbitas_aliter_cucurbitas_more_alexan,palmula,dates,Undirected,3,4,3,Fruit
B03C004S03,cucurbitas_aliter_cucurbitas_more_alexan,nucleus,pine nuts,Undirected,3,4,3,Nuts & Seeds
B03C004S03,cucurbitas_aliter_cucurbitas_more_alexan,caroenum,caroenum,Undirected,3,4,3,Additive
B03C004S03,cucurbitas_aliter_cucurbitas_more_alexan,defritum,defritum,Undirected,3,4,3,Additive
B03C004S03,cucurbitas_aliter_cucurbitas_more_alexan,cariota,date,Undirected,3,4,3,Fruit
B03C004S04,cucurbitas_aliter_cucurbitas_elixatus_3,oleum,oil,Undirected,3,4,4,Plants
B03C004S04,cucurbitas_aliter_cucurbitas_elixatus_3,cucurbita,gourd,Undirected,3,4,4,Vegetables
B03C004S04,cucurbitas_aliter_cucurbitas_elixatus_3,liquamen,liquamen,Undirected,3,4,4,Additive
B03C004S04,cucurbitas_aliter_cucurbitas_elixatus_3,merum,pure wine,Undirected,3,4,4,Alcoholic Beverages
B03C004S05,cucurbitas_aliter_cucurbitas_frictas_4,oenogarum,oenogarum,Undirected,3,4,5,Additive
B03C004S05,cucurbitas_aliter_cucurbitas_frictas_4,piper,pepper,Undirected,3,4,5,Spices
B03C004S05,cucurbitas_aliter_cucurbitas_frictas_4,cucurbita,gourd,Undirected,3,4,5,Vegetables
B03C004S06,cucurbitas_aliter_cucurbitas_elixatus_et,oleum,oil,Undirected,3,4,6,Plants
B03C004S06,cucurbitas_aliter_cucurbitas_elixatus_et,cucurbita,gourd,Undirected,3,4,6,Vegetables
B03C004S06,cucurbitas_aliter_cucurbitas_elixatus_et,cuminum,cumin,Undirected,3,4,6,Spices
B03C004S07,cucurbitas_aliter_cucurbitas_frictas_tri,piper,pepper,Undirected,3,4,7,Spices
B03C004S07,cucurbitas_aliter_cucurbitas_frictas_tri,cuminum,cumin,Undirected,3,4,7,Spices
B03C004S07,cucurbitas_aliter_cucurbitas_frictas_tri,origanum,oregano,Undirected,3,4,7,Herbs
B03C004S07,cucurbitas_aliter_cucurbitas_frictas_tri,cepa,onion,Undirected,3,4,7,Vegetables
B03C004S07,cucurbitas_aliter_cucurbitas_frictas_tri,liquamen,liquamen,Undirected,3,4,7,Additive
B03C004S07,cucurbitas_aliter_cucurbitas_frictas_tri,oleum,oil,Undirected,3,4,7,Plants
B03C004S07,cucurbitas_aliter_cucurbitas_frictas_tri,vinum,wine,Undirected,3,4,7,Alcoholic Beverages
B03C004S07,cucurbitas_aliter_cucurbitas_frictas_tri,amulum,roux,Undirected,3,4,7,Cereals
B03C004S07,cucurbitas_aliter_cucurbitas_frictas_tri,cucurbita,gourd,Undirected,3,4,7,Vegetables
B03C004S07,cucurbitas_aliter_cucurbitas_frictas_tri,ligusticum,lovage,Undirected,3,4,7,Herbs
B03C004S08,cucurbitas_aliter_cucurbitas_cum_gallina,piper,pepper,Undirected,3,4,8,Spices
B03C004S08,cucurbitas_aliter_cucurbitas_cum_gallina,cuminum,cumin,Undirected,3,4,8,Spices
B03C004S08,cucurbitas_aliter_cucurbitas_cum_gallina,coriandrum,coriander,Undirected,3,4,8,Herbs
B03C004S08,cucurbitas_aliter_cucurbitas_cum_gallina,silphium,silphium,Undirected,3,4,8,Spices
B03C004S08,cucurbitas_aliter_cucurbitas_cum_gallina,carum,caraway,Undirected,3,4,8,Spices
B03C004S08,cucurbitas_aliter_cucurbitas_cum_gallina,apium,celery (celery seed),Undirected,3,4,8,Herbs
B03C004S08,cucurbitas_aliter_cucurbitas_cum_gallina,liquamen,liquamen,Undirected,3,4,8,Additive
B03C004S08,cucurbitas_aliter_cucurbitas_cum_gallina,acetum,vinegar,Undirected,3,4,8,Additive
B03C004S08,cucurbitas_aliter_cucurbitas_cum_gallina,mel,honey,Undirected,3,4,8,Additive
B03C004S08,cucurbitas_aliter_cucurbitas_cum_gallina,oleum,oil,Undirected,3,4,8,Plants
B03C004S08,cucurbitas_aliter_cucurbitas_cum_gallina,vinum,wine,Undirected,3,4,8,Alcoholic Beverages
B03C004S08,cucurbitas_aliter_cucurbitas_cum_gallina,cucurbita,gourd,Undirected,3,4,8,Vegetables
B03C004S08,cucurbitas_aliter_cucurbitas_cum_gallina,tubera,truffles,Undirected,3,4,8,Fungi
B03C004S08,cucurbitas_aliter_cucurbitas_cum_gallina,gallina,hen,Undirected,3,4,8,Meat
B03C004S08,cucurbitas_aliter_cucurbitas_cum_gallina,menta,mint,Undirected,3,4,8,Herbs
B03C004S08,cucurbitas_aliter_cucurbitas_cum_gallina,pulegium,pennyroyal,Undirected,3,4,8,Herbs
B03C004S08,cucurbitas_aliter_cucurbitas_cum_gallina,nasturtium,cress,Undirected,3,4,8,Herbs
B03C005S01,citrium,silphium,silphium,Undirected,3,5,1,Spices
B03C005S01,citrium,acetum,vinegar,Undirected,3,5,1,Additive
B03C005S01,citrium,menta,mint,Undirected,3,5,1,Herbs
B03C005S01,citrium,liquamen,liquamen,Undirected,3,5,1,Additive
B03C006S01,cucumeres,liquamen,liquamen,Undirected,3,6,1,Additive
B03C006S01,cucumeres,oenogarum,oenogarum,Undirected,3,6,1,Additive
B03C006S01,cucumeres,cucumis,cucumber,Undirected,3,6,1,Vegetables
B03C006S02,cucumeres_aliter_cucumeres_rasos_1,piper,pepper,Undirected,3,6,2,Spices
B03C006S02,cucumeres_aliter_cucumeres_rasos_1,cuminum,cumin,Undirected,3,6,2,Spices
B03C006S02,cucumeres_aliter_cucumeres_rasos_1,apium,celery (celery seed),Undirected,3,6,2,Herbs
B03C006S02,cucumeres_aliter_cucumeres_rasos_1,liquamen,liquamen,Undirected,3,6,2,Additive
B03C006S02,cucumeres_aliter_cucumeres_rasos_1,mel,honey,Undirected,3,6,2,Additive
B03C006S02,cucumeres_aliter_cucumeres_rasos_1,oleum,oil,Undirected,3,6,2,Plants
B03C006S02,cucumeres_aliter_cucumeres_rasos_1,cucumis,cucumber,Undirected,3,6,2,Vegetables
B03C006S02,cucumeres_aliter_cucumeres_rasos_1,cerebrum,brain,Undirected,3,6,2,Meat
B03C006S02,cucumeres_aliter_cucumeres_rasos_1,ovum,eggs,Undirected,3,6,2,Dairy
B03C006S03,cucumeres_aliter_cucumeres_2,piper,pepper,Undirected,3,6,3,Spices
B03C006S03,cucumeres_aliter_cucumeres_2,silphium,silphium,Undirected,3,6,3,Spices
B03C006S03,cucumeres_aliter_cucumeres_2,liquamen,liquamen,Undirected,3,6,3,Additive
B03C006S03,cucumeres_aliter_cucumeres_2,acetum,vinegar,Undirected,3,6,3,Additive
B03C006S03,cucumeres_aliter_cucumeres_2,mel,honey,Undirected,3,6,3,Additive
B03C006S03,cucumeres_aliter_cucumeres_2,passum,raisin wine,Undirected,3,6,3,Alcoholic Beverages
B03C006S03,cucumeres_aliter_cucumeres_2,cucumis,cucumber,Undirected,3,6,3,Vegetables
B03C007S01,pepones_et_melones,piper,pepper,Undirected,3,7,1,Spices
B03C007S01,pepones_et_melones,silphium,silphium,Undirected,3,7,1,Spices
B03C007S01,pepones_et_melones,liquamen,liquamen,Undirected,3,7,1,Additive
B03C007S01,pepones_et_melones,acetum,vinegar,Undirected,3,7,1,Additive
B03C007S01,pepones_et_melones,mel,honey,Undirected,3,7,1,Additive
B03C007S01,pepones_et_melones,passum,raisin wine,Undirected,3,7,1,Alcoholic Beverages
B03C008S01,maluas,piper,pepper,Undirected,3,8,1,Spices
B03C008S01,maluas,oenogarum,oenogarum,Undirected,3,8,1,Additive
B03C008S01,maluas,liquamen,liquamen,Undirected,3,8,1,Additive
B03C008S01,maluas,acetum,vinegar,Undirected,3,8,1,Additive
B03C008S01,maluas,passum,raisin wine,Undirected,3,8,1,Alcoholic Beverages
B03C008S01,maluas,caroenum,caroenum,Undirected,3,8,1,Additive
B03C008S01,maluas,oleum,oil,Undirected,3,8,1,Plants
B03C008S01,maluas,malva,mallows,Undirected,3,8,1,Vegetables
B03C009S01,cymas_et_cauliculos,piper,pepper,Undirected,3,9,1,Spices
B03C009S01,cymas_et_cauliculos,cuminum,cumin,Undirected,3,9,1,Spices
B03C009S01,cymas_et_cauliculos,coriandrum,coriander,Undirected,3,9,1,Herbs
B03C009S01,cymas_et_cauliculos,folia_cauliculorum,cabbage,Undirected,3,9,1,Vegetables
B03C009S01,cymas_et_cauliculos,ruta,rue,Undirected,3,9,1,Herbs
B03C009S01,cymas_et_cauliculos,liquamen,liquamen,Undirected,3,9,1,Additive
B03C009S01,cymas_et_cauliculos,sal,salt,Undirected,3,9,1,Additive
B03C009S01,cymas_et_cauliculos,oleum,oil,Undirected,3,9,1,Plants
B03C009S01,cymas_et_cauliculos,vinum,wine,Undirected,3,9,1,Alcoholic Beverages
B03C009S01,cymas_et_cauliculos,ligusticum,lovage,Undirected,3,9,1,Herbs
B03C009S01,cymas_et_cauliculos,menta,mint,Undirected,3,9,1,Herbs
B03C009S02,cymas_et_cauliculos_aliter_1,piper,pepper,Undirected,3,9,2,Spices
B03C009S02,cymas_et_cauliculos_aliter_1,cuminum,cumin,Undirected,3,9,2,Spices
B03C009S02,cymas_et_cauliculos_aliter_1,coriandrum,coriander,Undirected,3,9,2,Herbs
B03C009S02,cymas_et_cauliculos_aliter_1,folia_cauliculorum,cabbage,Undirected,3,9,2,Vegetables
B03C009S02,cymas_et_cauliculos_aliter_1,cepa,onion,Undirected,3,9,2,Vegetables
B03C009S02,cymas_et_cauliculos_aliter_1,passum,raisin wine,Undirected,3,9,2,Alcoholic Beverages
B03C009S02,cymas_et_cauliculos_aliter_1,caroenum,caroenum,Undirected,3,9,2,Additive
B03C009S02,cymas_et_cauliculos_aliter_1,oleum,oil,Undirected,3,9,2,Plants
B03C009S03,cymas_et_cauliculos_aliter_2,piper,pepper,Undirected,3,9,3,Spices
B03C009S03,cymas_et_cauliculos_aliter_2,folia_cauliculorum,cabbage,Undirected,3,9,3,Vegetables
B03C009S03,cymas_et_cauliculos_aliter_2,cuminum,cumin,Undirected,3,9,3,Spices
B03C009S03,cymas_et_cauliculos_aliter_2,coriandrum,coriander,Undirected,3,9,3,Herbs
B03C009S03,cymas_et_cauliculos_aliter_2,porrum,leeks,Undirected,3,9,3,Vegetables
B03C009S03,cymas_et_cauliculos_aliter_2,liquamen,liquamen,Undirected,3,9,3,Additive
B03C009S03,cymas_et_cauliculos_aliter_2,oleum,oil,Undirected,3,9,3,Plants
B03C009S03,cymas_et_cauliculos_aliter_2,merum,pure wine,Undirected,3,9,3,Alcoholic Beverages
B03C009S04,cymas_et_cauliculos_aliter_3,porrum,leeks,Undirected,3,9,4,Vegetables
B03C009S04,cymas_et_cauliculos_aliter_3,conditum,spiced wine,Undirected,3,9,4,Alcoholic Beverages
B03C009S04,cymas_et_cauliculos_aliter_3,piper,pepper,Undirected,3,9,4,Spices
B03C009S04,cymas_et_cauliculos_aliter_3,folia_cauliculorum,cabbage,Undirected,3,9,4,Vegetables
B03C009S04,cymas_et_cauliculos_aliter_3,cuminum,cumin,Undirected,3,9,4,Spices
B03C009S04,cymas_et_cauliculos_aliter_3,coriandrum,coriander,Undirected,3,9,4,Herbs
B03C009S04,cymas_et_cauliculos_aliter_3,liquamen,liquamen,Undirected,3,9,4,Additive
B03C009S04,cymas_et_cauliculos_aliter_3,oleum,oil,Undirected,3,9,4,Plants
B03C009S05,cymas_et_cauliculos_aliter_4,piper,pepper,Undirected,3,9,5,Spices
B03C009S05,cymas_et_cauliculos_aliter_4,folia_cauliculorum,cabbage,Undirected,3,9,5,Vegetables
B03C009S05,cymas_et_cauliculos_aliter_4,cuminum,cumin,Undirected,3,9,5,Spices
B03C009S05,cymas_et_cauliculos_aliter_4,coriandrum,coriander,Undirected,3,9,5,Herbs
B03C009S05,cymas_et_cauliculos_aliter_4,porrum,leeks,Undirected,3,9,5,Vegetables
B03C009S05,cymas_et_cauliculos_aliter_4,liquamen,liquamen,Undirected,3,9,5,Additive
B03C009S05,cymas_et_cauliculos_aliter_4,oleum,oil,Undirected,3,9,5,Plants
B03C009S05,cymas_et_cauliculos_aliter_4,oliva,olives,Undirected,3,9,5,Fruit
B03C009S06,cymas_et_cauliculos_aliter_5,piper,pepper,Undirected,3,9,6,Spices
B03C009S06,cymas_et_cauliculos_aliter_5,passum,raisin wine,Undirected,3,9,6,Alcoholic Beverages
B03C009S06,cymas_et_cauliculos_aliter_5,folia_cauliculorum,cabbage,Undirected,3,9,6,Vegetables
B03C009S06,cymas_et_cauliculos_aliter_5,cuminum,cumin,Undirected,3,9,6,Spices
B03C009S06,cymas_et_cauliculos_aliter_5,coriandrum,coriander,Undirected,3,9,6,Herbs
B03C009S06,cymas_et_cauliculos_aliter_5,porrum,leeks,Undirected,3,9,6,Vegetables
B03C009S06,cymas_et_cauliculos_aliter_5,liquamen,liquamen,Undirected,3,9,6,Additive
B03C009S06,cymas_et_cauliculos_aliter_5,oleum,oil,Undirected,3,9,6,Plants
B03C009S06,cymas_et_cauliculos_aliter_5,alica,spelt / emmer wheat,Undirected,3,9,6,Cereals
B03C009S06,cymas_et_cauliculos_aliter_5,nucleus,pine nuts,Undirected,3,9,6,Nuts & Seeds
B03C009S06,cymas_et_cauliculos_aliter_5,uvae_passae,raisins,Undirected,3,9,6,Fruit
B03C010S01,porros,porrum,leeks,Undirected,3,10,1,Vegetables
B03C010S01,porros,liquamen,liquamen,Undirected,3,10,1,Additive
B03C010S01,porros,sal,salt,Undirected,3,10,1,Additive
B03C010S01,porros,oleum,oil,Undirected,3,10,1,Plants
B03C010S01,porros,merum,pure wine,Undirected,3,10,1,Alcoholic Beverages
B03C010S02,porros_aliter_porros_1,folia_cauliculorum,cabbage,Undirected,3,10,2,Vegetables
B03C010S02,porros_aliter_porros_1,porrum,leeks,Undirected,3,10,2,Vegetables
B03C010S02,porros_aliter_porros_1,liquamen,liquamen,Undirected,3,10,2,Additive
B03C010S02,porros_aliter_porros_1,oleum,oil,Undirected,3,10,2,Plants
B03C010S02,porros_aliter_porros_1,merum,pure wine,Undirected,3,10,2,Alcoholic Beverages
B03C010S02,porros_aliter_porros_1,sal,salt,Undirected,3,10,2,Additive
B03C010S03,porros_aliter_porros_2,bacae_lauri,laurel berry,Undirected,3,10,3,Spices
B03C010S03,porros_aliter_porros_2,porrum,leeks,Undirected,3,10,3,Vegetables
B03C010S03,porros_aliter_porros_2,liquamen,liquamen,Undirected,3,10,3,Additive
B03C010S03,porros_aliter_porros_2,oleum,oil,Undirected,3,10,3,Plants
B03C010S03,porros_aliter_porros_2,merum,pure wine,Undirected,3,10,3,Alcoholic Beverages
B03C010S03,porros_aliter_porros_2,sal,salt,Undirected,3,10,3,Additive
B03C010S04,porros_aliter_porros_3,porrum,leeks,Undirected,3,10,4,Vegetables
B03C010S04,porros_aliter_porros_3,faba,bean,Undirected,3,10,4,Legumes
B03C011S01,betas,cuminum,cumin,Undirected,3,11,1,Spices
B03C011S01,betas,coriandrum,coriander,Undirected,3,11,1,Herbs
B03C011S01,betas,porrum,leeks,Undirected,3,11,1,Vegetables
B03C011S01,betas,liquamen,liquamen,Undirected,3,11,1,Additive
B03C011S01,betas,acetum,vinegar,Undirected,3,11,1,Additive
B03C011S01,betas,oleum,oil,Undirected,3,11,1,Plants
B03C011S01,betas,farina,flour,Undirected,3,11,1,Cereals
B03C011S01,betas,beta,beet,Undirected,3,11,1,Vegetables
B03C011S01,betas,uvae_passae,raisins,Undirected,3,11,1,Fruit
B03C011S02,betas_aliter_betas_elixas_1,sinapis,mustard,Undirected,3,11,2,Spices
B03C011S02,betas_aliter_betas_elixas_1,acetum,vinegar,Undirected,3,11,2,Additive
B03C011S02,betas_aliter_betas_elixas_1,oleum,oil,Undirected,3,11,2,Plants
B03C011S02,betas_aliter_betas_elixas_1,beta,beet,Undirected,3,11,2,Vegetables
B03C012S01,holisera,liquamen,liquamen,Undirected,3,12,1,Additive
B03C012S01,holisera,oleum,oil,Undirected,3,12,1,Plants
B03C012S01,holisera,holus,vegetables,Undirected,3,12,1,Vegetables
B03C012S01,holisera,piscis,fish,Undirected,3,12,1,Fish
B03C012S01,holisera,merum,pure wine,Undirected,3,12,1,Alcoholic Beverages
B03C013S01,rapas_siue_napos,cuminum,cumin,Undirected,3,13,1,Spices
B03C013S01,rapas_siue_napos,laser,laser,Undirected,3,13,1,Spices
B03C013S01,rapas_siue_napos,ruta,rue,Undirected,3,13,1,Herbs
B03C013S01,rapas_siue_napos,rapa,turnips,Undirected,3,13,1,Vegetables
B03C013S01,rapas_siue_napos,liquamen,liquamen,Undirected,3,13,1,Additive
B03C013S01,rapas_siue_napos,acetum,vinegar,Undirected,3,13,1,Additive
B03C013S01,rapas_siue_napos,mel,honey,Undirected,3,13,1,Additive
B03C013S01,rapas_siue_napos,oleum,oil,Undirected,3,13,1,Plants
B03C013S01,rapas_siue_napos,caroenum,caroenum,Undirected,3,13,1,Additive
B03C013S01,rapas_siue_napos,defritum,defritum,Undirected,3,13,1,Additive
B03C013S02,aliter rapas sive napos,acetum,vinegar,Undirected,3,13,2,Additive
B03C013S02,aliter rapas sive napos,oleum,oil,Undirected,3,13,2,Plants
B03C014S01,rafanos,raphanus,radish,Undirected,3,14,1,Vegetables
B03C014S01,rafanos,piper,pepper,Undirected,3,14,1,Spices
B03C014S01,rafanos,liquamen,liquamen,Undirected,3,14,1,Additive
B03C015S01,holus_molle,piper,pepper,Undirected,3,15,1,Spices
B03C015S01,holus_molle,satureia,savory,Undirected,3,15,1,Herbs
B03C015S01,holus_molle,cepa,onion,Undirected,3,15,1,Vegetables
B03C015S01,holus_molle,liquamen,liquamen,Undirected,3,15,1,Additive
B03C015S01,holus_molle,oleum,oil,Undirected,3,15,1,Plants
B03C015S01,holus_molle,vinum,wine,Undirected,3,15,1,Alcoholic Beverages
B03C015S01,holus_molle,holus,vegetables,Undirected,3,15,1,Vegetables
B03C015S01,holus_molle,ligusticum,lovage,Undirected,3,15,1,Herbs
B03C015S01,holus_molle,nitrum,soda,Undirected,3,15,1,Additive
B03C015S02,holus_molle_aliter_holus_molle_1,piper,pepper,Undirected,3,15,2,Spices
B03C015S02,holus_molle_aliter_holus_molle_1,origanum,oregano,Undirected,3,15,2,Herbs
B03C015S02,holus_molle_aliter_holus_molle_1,apium,celery (celery seed),Undirected,3,15,2,Herbs
B03C015S02,holus_molle_aliter_holus_molle_1,cepa,onion,Undirected,3,15,2,Vegetables
B03C015S02,holus_molle_aliter_holus_molle_1,liquamen,liquamen,Undirected,3,15,2,Additive
B03C015S02,holus_molle_aliter_holus_molle_1,oleum,oil,Undirected,3,15,2,Plants
B03C015S02,holus_molle_aliter_holus_molle_1,vinum,wine,Undirected,3,15,2,Alcoholic Beverages
B03C015S02,holus_molle_aliter_holus_molle_1,holus,vegetables,Undirected,3,15,2,Vegetables
B03C015S02,holus_molle_aliter_holus_molle_1,ligusticum,lovage,Undirected,3,15,2,Herbs
B03C015S02,holus_molle_aliter_holus_molle_1,nitrum,soda,Undirected,3,15,2,Additive
B03C015S03,holus_molle_aliter_holus_molle_ex_foliis,piper,pepper,Undirected,3,15,3,Spices
B03C015S03,holus_molle_aliter_holus_molle_ex_foliis,folia_lactucae,lettuce leaves,Undirected,3,15,3,Vegetables
B03C015S03,holus_molle_aliter_holus_molle_ex_foliis,apium,celery (celery seed),Undirected,3,15,3,Herbs
B03C015S03,holus_molle_aliter_holus_molle_ex_foliis,cepa,onion,Undirected,3,15,3,Vegetables
B03C015S03,holus_molle_aliter_holus_molle_ex_foliis,liquamen,liquamen,Undirected,3,15,3,Additive
B03C015S03,holus_molle_aliter_holus_molle_ex_foliis,oleum,oil,Undirected,3,15,3,Plants
B03C015S03,holus_molle_aliter_holus_molle_ex_foliis,vinum,wine,Undirected,3,15,3,Alcoholic Beverages
B03C015S03,holus_molle_aliter_holus_molle_ex_foliis,holus,vegetables,Undirected,3,15,3,Vegetables
B03C015S03,holus_molle_aliter_holus_molle_ex_foliis,ligusticum,lovage,Undirected,3,15,3,Herbs
B03C015S03,holus_molle_aliter_holus_molle_ex_foliis,menta,mint,Undirected,3,15,3,Herbs
B03C015S03,holus_molle_aliter_holus_molle_ex_foliis,nitrum,soda,Undirected,3,15,3,Additive
B03C016S01,herbae_rusticae,herbae,herbs,Undirected,3,16,1,Herbs
B03C016S01,herbae_rusticae,piper,pepper,Undirected,3,16,1,Spices
B03C016S01,herbae_rusticae,cuminum,cumin,Undirected,3,16,1,Spices
B03C016S01,herbae_rusticae,liquamen,liquamen,Undirected,3,16,1,Additive
B03C016S01,herbae_rusticae,acetum,vinegar,Undirected,3,16,1,Additive
B03C016S01,herbae_rusticae,oleum,oil,Undirected,3,16,1,Plants
B03C018S01,intuba_et_lactucae,cepa,onion,Undirected,3,18,1,Vegetables
B03C018S01,intuba_et_lactucae,liquamen,liquamen,Undirected,3,18,1,Additive
B03C018S01,intuba_et_lactucae,acetum,vinegar,Undirected,3,18,1,Additive
B03C018S01,intuba_et_lactucae,mel,honey,Undirected,3,18,1,Additive
B03C018S01,intuba_et_lactucae,oleum,oil,Undirected,3,18,1,Plants
B03C018S01,intuba_et_lactucae,lactuca,lettuce,Undirected,3,18,1,Vegetables
B03C018S02,lactucas_cum_oxyporio_et_aceto_et_modico,liquamen,liquamen,Undirected,3,18,2,Additive
B03C018S02,lactucas_cum_oxyporio_et_aceto_et_modico,acetum,vinegar,Undirected,3,18,2,Additive
B03C018S02,lactucas_cum_oxyporio_et_aceto_et_modico,lactuca,lettuce,Undirected,3,18,2,Vegetables
B03C018S03,ad_digestionem_et_inflationem_et_ne_lact,piper,pepper,Undirected,3,18,3,Spices
B03C018S03,ad_digestionem_et_inflationem_et_ne_lact,cuminum,cumin,Undirected,3,18,3,Spices
B03C018S03,ad_digestionem_et_inflationem_et_ne_lact,zingiber,ginger,Undirected,3,18,3,Spices
B03C018S03,ad_digestionem_et_inflationem_et_ne_lact,ruta,rue,Undirected,3,18,3,Herbs
B03C018S03,ad_digestionem_et_inflationem_et_ne_lact,liquamen,liquamen,Undirected,3,18,3,Additive
B03C018S03,ad_digestionem_et_inflationem_et_ne_lact,acetum,vinegar,Undirected,3,18,3,Additive
B03C018S03,ad_digestionem_et_inflationem_et_ne_lact,lactuca,lettuce,Undirected,3,18,3,Vegetables
B03C018S03,ad_digestionem_et_inflationem_et_ne_lact,mel,honey,Undirected,3,18,3,Additive
B03C018S03,ad_digestionem_et_inflationem_et_ne_lact,palmula,dates,Undirected,3,18,3,Fruit
B03C019S01,cardui,liquamen,liquamen,Undirected,3,19,1,Additive
B03C019S01,cardui,oleum,oil,Undirected,3,19,1,Plants
B03C019S01,cardui,carduus,cardoon,Undirected,3,19,1,Vegetables
B03C019S01,cardui,ovum,eggs,Undirected,3,19,1,Dairy
B03C019S02,cardui_aliter_carduos_1,piper,pepper,Undirected,3,19,2,Spices
B03C019S02,cardui_aliter_carduos_1,coriandrum,coriander,Undirected,3,19,2,Herbs
B03C019S02,cardui_aliter_carduos_1,foeniculum,fennel,Undirected,3,19,2,Herbs
B03C019S02,cardui_aliter_carduos_1,ruta,rue,Undirected,3,19,2,Herbs
B03C019S02,cardui_aliter_carduos_1,liquamen,liquamen,Undirected,3,19,2,Additive
B03C019S02,cardui_aliter_carduos_1,mel,honey,Undirected,3,19,2,Additive
B03C019S02,cardui_aliter_carduos_1,oleum,oil,Undirected,3,19,2,Plants
B03C019S02,cardui_aliter_carduos_1,ligusticum,lovage,Undirected,3,19,2,Herbs
B03C019S02,cardui_aliter_carduos_1,menta,mint,Undirected,3,19,2,Herbs
B03C019S03,cardui_aliter_carduos_elixos_2,piper,pepper,Undirected,3,19,3,Spices
B03C019S03,cardui_aliter_carduos_elixos_2,cuminum,cumin,Undirected,3,19,3,Spices
B03C019S03,cardui_aliter_carduos_elixos_2,carduus,cardoon,Undirected,3,19,3,Vegetables
B03C019S03,cardui_aliter_carduos_elixos_2,liquamen,liquamen,Undirected,3,19,3,Additive
B03C019S03,cardui_aliter_carduos_elixos_2,oleum,oil,Undirected,3,19,3,Plants
B03C020S01,sphondyli_vel_fundili,oenogarum,oenogarum,Undirected,3,20,2,Additive
B03C020S01,sphondyli_vel_fundili,sphondylus,hogweed,Undirected,3,20,2,Plants
B03C020S02,sphondyli_aliter_1,piper,pepper,Undirected,3,20,2,Spices
B03C020S02,sphondyli_aliter_1,coriandrum,coriander,Undirected,3,20,2,Herbs
B03C020S02,sphondyli_aliter_1,sal,salt,Undirected,3,20,2,Additive
B03C020S02,sphondyli_aliter_1,sphondylus,hogweed,Undirected,3,20,2,Plants
B03C020S02,sphondyli_aliter_1,oleum,oil,Undirected,3,20,2,Plants
B03C020S02,sphondyli_aliter_1,merum,pure wine,Undirected,3,20,2,Alcoholic Beverages
B03C020S03,sphondyli_aliter_2,piper,pepper,Undirected,3,20,3,Spices
B03C020S03,sphondyli_aliter_2,sphondylus,hogweed,Undirected,3,20,3,Plants
B03C020S03,sphondyli_aliter_2,ruta,rue,Undirected,3,20,3,Herbs
B03C020S03,sphondyli_aliter_2,apium,celery (celery seed),Undirected,3,20,3,Herbs
B03C020S03,sphondyli_aliter_2,liquamen,liquamen,Undirected,3,20,3,Additive
B03C020S03,sphondyli_aliter_2,mel,honey,Undirected,3,20,3,Additive
B03C020S03,sphondyli_aliter_2,passum,raisin wine,Undirected,3,20,3,Alcoholic Beverages
B03C020S03,sphondyli_aliter_2,oleum,oil,Undirected,3,20,3,Plants
B03C020S03,sphondyli_aliter_2,amulum,roux,Undirected,3,20,3,Cereals
B03C020S04,sphondyli_aliter_sphondylos_3,cuminum,cumin,Undirected,3,20,4,Spices
B03C020S04,sphondyli_aliter_sphondylos_3,coriandrum,coriander,Undirected,3,20,4,Herbs
B03C020S04,sphondyli_aliter_sphondylos_3,ruta,rue,Undirected,3,20,4,Herbs
B03C020S04,sphondyli_aliter_sphondylos_3,sphondylus,hogweed,Undirected,3,20,4,Plants
B03C020S04,sphondyli_aliter_sphondylos_3,porrum,leeks,Undirected,3,20,4,Vegetables
B03C020S04,sphondyli_aliter_sphondylos_3,liquamen,liquamen,Undirected,3,20,4,Additive
B03C020S04,sphondyli_aliter_sphondylos_3,caroenum,caroenum,Undirected,3,20,4,Additive
B03C020S04,sphondyli_aliter_sphondylos_3,oleum,oil,Undirected,3,20,4,Plants
B03C020S05,sphondyli_aliter_4,piper,pepper,Undirected,3,20,5,Spices
B03C020S05,sphondyli_aliter_4,liquamen,liquamen,Undirected,3,20,5,Additive
B03C020S05,sphondyli_aliter_4,passum,raisin wine,Undirected,3,20,5,Alcoholic Beverages
B03C020S05,sphondyli_aliter_4,oleum,oil,Undirected,3,20,5,Plants
B03C020S05,sphondyli_aliter_4,sphondylus,hogweed,Undirected,3,20,5,Plants
B03C020S06,sphondyli_aliter_5,piper,pepper,Undirected,3,20,6,Spices
B03C020S06,sphondyli_aliter_5,liquamen,liquamen,Undirected,3,20,6,Additive
B03C020S06,sphondyli_aliter_5,sal,salt,Undirected,3,20,6,Additive
B03C020S06,sphondyli_aliter_5,oleum,oil,Undirected,3,20,6,Plants
B03C020S06,sphondyli_aliter_5,sphondylus,hogweed,Undirected,3,20,6,Plants
B03C020S07,sphondyli_aliter_6,oenogarum,oenogarum,Undirected,3,20,7,Additive
B03C020S07,sphondyli_aliter_7,sphondylus,hogweed,Undirected,3,20,7,Plants
B03C020S07,sphondyli_aliter_8,isicium,isicium,Undirected,3,20,7,Meat
B03C020S07,sphondyli_aliter_9,liquamen,liquamen,Undirected,3,20,7,Additive
B03C020S07,sphondyli_aliter_10,piper,pepper,Undirected,3,20,7,Spices
B03C020S07,sphondyli_aliter_11,nucleus,pine nuts,Undirected,3,20,7,Nuts & Seeds
B03C020S07,sphondyli_aliter_12,alica,spelt / emmer wheat,Undirected,3,20,7,Cereals
B03C020S07,sphondyli_aliter_13,ovum,eggs,Undirected,3,20,7,Dairy
B03C020S07,sphondyli_aliter_14,omentum,caul,Undirected,3,20,7,Meat
B03C021S01,caroetae_et_pastinacae,carota,carrot,Undirected,3,21,1,Vegetables
B03C021S01,caroetae_et_pastinacae,pastinaca,parsnip,Undirected,3,21,1,Vegetables
B03C021S01,caroetae_et_pastinacae,oenogarum,oenogarum,Undirected,3,21,1,Additive
B03C021S02,caroetae_seu_pastinacae_aliter_caroetas_,acetum,vinegar,Undirected,3,21,2,Additive
B03C021S02,caroetae_seu_pastinacae_aliter_caroetas_,carota,carrot,Undirected,3,21,2,Vegetables
B03C021S02,caroetae_seu_pastinacae_aliter_caroetas_,pastinaca,parsnip,Undirected,3,21,2,Vegetables
B03C021S02,caroetae_seu_pastinacae_aliter_caroetas_,sal,salt,Undirected,3,21,2,Additive
B03C021S02,caroetae_seu_pastinacae_aliter_caroetas_,oleum,oil,Undirected,3,21,2,Plants
B03C021S03,caroetae_seu_pastinacae_aliter_2,carota,carrot,Undirected,3,21,3,Vegetables
B03C021S03,caroetae_seu_pastinacae_aliter_2,pastinaca,parsnip,Undirected,3,21,3,Vegetables
B03C021S03,caroetae_seu_pastinacae_aliter_2,cuminum,cumin,Undirected,3,21,3,Spices
B03C021S03,caroetae_seu_pastinacae_aliter_2,oleum,oil,Undirected,3,21,3,Plants
B04C001S01,sala_cattabia,piper,pepper,Undirected,4,1,1,Spices
B04C001S01,sala_cattabia,apium,celery (celery seed),Undirected,4,1,1,Herbs
B04C001S01,sala_cattabia,liquamen,liquamen,Undirected,4,1,1,Additive
B04C001S01,sala_cattabia,acetum,vinegar,Undirected,4,1,1,Additive
B04C001S01,sala_cattabia,mel,honey,Undirected,4,1,1,Additive
B04C001S01,sala_cattabia,caseus,cheese,Undirected,4,1,1,Dairy
B04C001S01,sala_cattabia,ovum,eggs,Undirected,4,1,1,Dairy
B04C001S01,sala_cattabia,panis,bread,Undirected,4,1,1,Bakery
B04C001S01,sala_cattabia,cucumis,cucumber,Undirected,4,1,1,Vegetables
B04C001S01,sala_cattabia,nucleus,pine nuts,Undirected,4,1,1,Nuts & Seeds
B04C001S01,sala_cattabia,gallina,hen,Undirected,4,1,1,Meat
B04C001S01,sala_cattabia,menta,mint,Undirected,4,1,1,Herbs
B04C001S01,sala_cattabia,pulegium,pennyroyal,Undirected,4,1,1,Herbs
B04C001S01,sala_cattabia,capparis,caper,Undirected,4,1,1,Plants
B04C001S02,sala_cattabia_apiciana,coriandrum,coriander,Undirected,4,1,2,Herbs
B04C001S02,sala_cattabia_apiciana,zingiber,ginger,Undirected,4,1,2,Spices
B04C001S02,sala_cattabia_apiciana,apium,celery (celery seed),Undirected,4,1,2,Herbs
B04C001S02,sala_cattabia_apiciana,cepa,onion,Undirected,4,1,2,Vegetables
B04C001S02,sala_cattabia_apiciana,acetum,vinegar,Undirected,4,1,2,Additive
B04C001S02,sala_cattabia_apiciana,mel,honey,Undirected,4,1,2,Additive
B04C001S02,sala_cattabia_apiciana,oleum,oil,Undirected,4,1,2,Plants
B04C001S02,sala_cattabia_apiciana,vinum,wine,Undirected,4,1,2,Alcoholic Beverages
B04C001S02,sala_cattabia_apiciana,caseus,cheese,Undirected,4,1,2,Dairy
B04C001S02,sala_cattabia_apiciana,panis,bread,Undirected,4,1,2,Bakery
B04C001S02,sala_cattabia_apiciana,cucumis,cucumber,Undirected,4,1,2,Vegetables
B04C001S02,sala_cattabia_apiciana,nucleus,pine nuts,Undirected,4,1,2,Nuts & Seeds
B04C001S02,sala_cattabia_apiciana,pullus,chicken,Undirected,4,1,2,Meat
B04C001S02,sala_cattabia_apiciana,menta,mint,Undirected,4,1,2,Herbs
B04C001S02,sala_cattabia_apiciana,pulegium,pennyroyal,Undirected,4,1,2,Herbs
B04C001S02,sala_cattabia_apiciana,uvae_passae,raisins,Undirected,4,1,2,Fruit
B04C001S03,sala_cattabia_aliter,piper,pepper,Undirected,4,1,3,Spices
B04C001S03,sala_cattabia_aliter,coriandrum,coriander,Undirected,4,1,3,Herbs
B04C001S03,sala_cattabia_aliter,allium,garlic,Undirected,4,1,3,Vegetables
B04C001S03,sala_cattabia_aliter,sal,salt,Undirected,4,1,3,Additive
B04C001S03,sala_cattabia_aliter,mel,honey,Undirected,4,1,3,Additive
B04C001S03,sala_cattabia_aliter,conditum,spiced wine,Undirected,4,1,3,Alcoholic Beverages
B04C001S03,sala_cattabia_aliter,oleum,oil,Undirected,4,1,3,Plants
B04C001S03,sala_cattabia_aliter,caseus,cheese,Undirected,4,1,3,Dairy
B04C001S03,sala_cattabia_aliter,panis,bread,Undirected,4,1,3,Bakery
B04C001S03,sala_cattabia_aliter,menta,mint,Undirected,4,1,3,Herbs
B04C002S01,patina_cotidiana,piper,pepper,Undirected,4,2,1,Spices
B04C002S01,patina_cotidiana,cuminum,cumin,Undirected,4,2,1,Spices
B04C002S01,patina_cotidiana,laser,laser,Undirected,4,2,1,Spices
B04C002S01,patina_cotidiana,liquamen,liquamen,Undirected,4,2,1,Additive
B04C002S01,patina_cotidiana,caroenum,caroenum,Undirected,4,2,1,Additive
B04C002S01,patina_cotidiana,lac,milk,Undirected,4,2,1,Dairy
B04C002S01,patina_cotidiana,cerebrum,brain,Undirected,4,2,1,Meat
B04C002S01,patina_cotidiana,ovum,eggs,Undirected,4,2,1,Dairy
B04C002S01,patina_cotidiana,cerebrum,brain,Undirected,4,2,1,Meat
B04C002S02,patinae_piscium_holerum_pomorum_aliter_p,piper,pepper,Undirected,4,2,2,Spices
B04C002S02,patinae_piscium_holerum_pomorum_aliter_p,liquamen,liquamen,Undirected,4,2,2,Additive
B04C002S02,patinae_piscium_holerum_pomorum_aliter_p,mel,honey,Undirected,4,2,2,Additive
B04C002S02,patinae_piscium_holerum_pomorum_aliter_p,oleum,oil,Undirected,4,2,2,Plants
B04C002S02,patinae_piscium_holerum_pomorum_aliter_p,lac,milk,Undirected,4,2,2,Dairy
B04C002S02,patinae_piscium_holerum_pomorum_aliter_p,nux,wallnuts,Undirected,4,2,2,Nuts & Seeds
B04C002S02,patinae_piscium_holerum_pomorum_aliter_p,ovum,eggs,Undirected,4,2,2,Dairy
B04C002S02,patinae_piscium_holerum_pomorum_aliter_p,nucleus,pine nuts,Undirected,4,2,2,Nuts & Seeds
B04C002S03,patinae_piscium_holerum_pomorum_aliter_p,piper,pepper,Undirected,4,2,3,Spices
B04C002S03,patinae_piscium_holerum_pomorum_aliter_p,liquamen,liquamen,Undirected,4,2,3,Additive
B04C002S03,patinae_piscium_holerum_pomorum_aliter_p,caroenum,caroenum,Undirected,4,2,3,Additive
B04C002S03,patinae_piscium_holerum_pomorum_aliter_p,oleum,oil,Undirected,4,2,3,Plants
B04C002S03,patinae_piscium_holerum_pomorum_aliter_p,lactuca,lettuce,Undirected,4,2,3,Vegetables
B04C002S03,patinae_piscium_holerum_pomorum_aliter_p,ovum,eggs,Undirected,4,2,3,Dairy
B04C002S04,patinae_piscium_holerum_pomorum_aliter_p,piper,pepper,Undirected,4,2,4,Spices
B04C002S04,patinae_piscium_holerum_pomorum_aliter_p,liquamen,liquamen,Undirected,4,2,4,Additive
B04C002S04,patinae_piscium_holerum_pomorum_aliter_p,passum,raisin wine,Undirected,4,2,4,Alcoholic Beverages
B04C002S04,patinae_piscium_holerum_pomorum_aliter_p,vinum,wine,Undirected,4,2,4,Alcoholic Beverages
B04C002S04,patinae_piscium_holerum_pomorum_aliter_p,ovum,eggs,Undirected,4,2,4,Dairy
B04C002S04,patinae_piscium_holerum_pomorum_aliter_p,cerebrum,brain,Undirected,4,2,4,Meat
B04C002S05,patinae_piscium_holerum_pomorum_aliter_p,piper,pepper,Undirected,4,2,5,Spices
B04C002S05,patinae_piscium_holerum_pomorum_aliter_p,liquamen,liquamen,Undirected,4,2,5,Additive
B04C002S05,patinae_piscium_holerum_pomorum_aliter_p,passum,raisin wine,Undirected,4,2,5,Alcoholic Beverages
B04C002S05,patinae_piscium_holerum_pomorum_aliter_p,oleum,oil,Undirected,4,2,5,Plants
B04C002S05,patinae_piscium_holerum_pomorum_aliter_p,vinum,wine,Undirected,4,2,5,Alcoholic Beverages
B04C002S05,patinae_piscium_holerum_pomorum_aliter_p,ovum,eggs,Undirected,4,2,5,Dairy
B04C002S05,patinae_piscium_holerum_pomorum_aliter_p,asparagus,asparagus,Undirected,4,2,5,Vegetables
B04C002S05,patinae_piscium_holerum_pomorum_aliter_p,ficedula,fig pecker,Undirected,4,2,5,Meat
B04C002S05,patinae_piscium_holerum_pomorum_aliter_p,oenogarum,oenogarum,Undirected,4,2,5,Additive
B04C002S06,patinae_piscium_holerum_pomorum_aliter_p,piper,pepper,Undirected,4,2,6,Spices
B04C002S06,patinae_piscium_holerum_pomorum_aliter_p,coriandrum,coriander,Undirected,4,2,6,Herbs
B04C002S06,patinae_piscium_holerum_pomorum_aliter_p,satureia,savory,Undirected,4,2,6,Herbs
B04C002S06,patinae_piscium_holerum_pomorum_aliter_p,cepa,onion,Undirected,4,2,6,Vegetables
B04C002S06,patinae_piscium_holerum_pomorum_aliter_p,liquamen,liquamen,Undirected,4,2,6,Additive
B04C002S06,patinae_piscium_holerum_pomorum_aliter_p,oleum,oil,Undirected,4,2,6,Plants
B04C002S06,patinae_piscium_holerum_pomorum_aliter_p,vinum,wine,Undirected,4,2,6,Alcoholic Beverages
B04C002S06,patinae_piscium_holerum_pomorum_aliter_p,ovum,eggs,Undirected,4,2,6,Dairy
B04C002S06,patinae_piscium_holerum_pomorum_aliter_p,asparagus,asparagus,Undirected,4,2,6,Vegetables
B04C002S06,patinae_piscium_holerum_pomorum_aliter_p,ligusticum,lovage,Undirected,4,2,6,Herbs
B04C002S07,"patinam_ex_rusticis,_sive_tamnis_sive_si",sinapis,mustard,Undirected,4,2,7,Spices
B04C002S07,"patinam_ex_rusticis,_sive_tamnis_sive_si",cucumis,cucumber,Undirected,4,2,7,Vegetables
B04C002S07,"patinam_ex_rusticis,_sive_tamnis_sive_si",pullus,chicken,Undirected,4,2,7,Meat
B04C002S07,"patinam_ex_rusticis,_sive_tamnis_sive_si",piscis,fish,Undirected,4,2,7,Fish
B04C002S08,patina_de_sabuco_calida_et_frigida,piper,pepper,Undirected,4,2,8,Spices
B04C002S08,patina_de_sabuco_calida_et_frigida,liquamen,liquamen,Undirected,4,2,8,Additive
B04C002S08,patina_de_sabuco_calida_et_frigida,passum,raisin wine,Undirected,4,2,8,Alcoholic Beverages
B04C002S08,patina_de_sabuco_calida_et_frigida,oleum,oil,Undirected,4,2,8,Plants
B04C002S08,patina_de_sabuco_calida_et_frigida,vinum,wine,Undirected,4,2,8,Alcoholic Beverages
B04C002S08,patina_de_sabuco_calida_et_frigida,ovum,eggs,Undirected,4,2,8,Dairy
B04C002S09,patinam_de_rosis,piper,pepper,Undirected,4,2,9,Spices
B04C002S09,patinam_de_rosis,liquamen,liquamen,Undirected,4,2,9,Additive
B04C002S09,patinam_de_rosis,passum,raisin wine,Undirected,4,2,9,Alcoholic Beverages
B04C002S09,patinam_de_rosis,oleum,oil,Undirected,4,2,9,Plants
B04C002S09,patinam_de_rosis,vinum,wine,Undirected,4,2,9,Alcoholic Beverages
B04C002S09,patinam_de_rosis,ovum,eggs,Undirected,4,2,9,Dairy
B04C002S09,patinam_de_rosis,cerebrum,brain,Undirected,4,2,9,Meat
B04C002S09,patinam_de_rosis,rosa,rose,Undirected,4,2,9,Flowers
B04C002S10,patina_de_cucurbitis,oleum,oil,Undirected,4,2,10,Plants
B04C002S10,patina_de_cucurbitis,cucurbita,gourd,Undirected,4,2,10,Vegetables
B04C002S11,patina_de_apua,piper,pepper,Undirected,4,2,11,Spices
B04C002S11,patina_de_apua,ruta,rue,Undirected,4,2,11,Herbs
B04C002S11,patina_de_apua,liquamen,liquamen,Undirected,4,2,11,Additive
B04C002S11,patina_de_apua,oleum,oil,Undirected,4,2,11,Plants
B04C002S11,patina_de_apua,vinum,wine,Undirected,4,2,11,Alcoholic Beverages
B04C002S12,patina_de_apua_sine_apua,piper,pepper,Undirected,4,2,12,Spices
B04C002S12,patina_de_apua_sine_apua,ruta,rue,Undirected,4,2,12,Herbs
B04C002S12,patina_de_apua_sine_apua,liquamen,liquamen,Undirected,4,2,12,Additive
B04C002S12,patina_de_apua_sine_apua,oleum,oil,Undirected,4,2,12,Plants
B04C002S12,patina_de_apua_sine_apua,ovum,eggs,Undirected,4,2,12,Dairy
B04C002S12,patina_de_apua_sine_apua,piscis,fish,Undirected,4,2,12,Fish
B04C002S12,patina_de_apua_sine_apua,urtica_marina,sea anemones,Undirected,4,2,12,Seafood
B04C002S12,patina_de_apua_sine_apua,urtica,nettles,Undirected,4,2,12,Plants
B04C002S13,patinam_ex_lacte,piper,pepper,Undirected,4,2,13,Spices
B04C002S13,patinam_ex_lacte,silphium,silphium,Undirected,4,2,13,Spices
B04C002S13,patinam_ex_lacte,apium,celery (celery seed),Undirected,4,2,13,Herbs
B04C002S13,patinam_ex_lacte,porrum,leeks,Undirected,4,2,13,Vegetables
B04C002S13,patinam_ex_lacte,lac,milk,Undirected,4,2,13,Dairy
B04C002S13,patinam_ex_lacte,caseus,cheese,Undirected,4,2,13,Dairy
B04C002S13,patinam_ex_lacte,ovum,eggs,Undirected,4,2,13,Dairy
B04C002S13,patinam_ex_lacte,beta,beet,Undirected,4,2,13,Vegetables
B04C002S13,patinam_ex_lacte,holus,vegetables,Undirected,4,2,13,Vegetables
B04C002S13,patinam_ex_lacte,pullus,chicken,Undirected,4,2,13,Meat
B04C002S13,patinam_ex_lacte,piscis,fish,Undirected,4,2,13,Fish
B04C002S13,patinam_ex_lacte,echinus,sea urchin,Undirected,4,2,13,Seafood
B04C002S13,patinam_ex_lacte,ligusticum,lovage,Undirected,4,2,13,Herbs
B04C002S13,patinam_ex_lacte,cerebrum,brain,Undirected,4,2,13,Meat
B04C002S13,patinam_ex_lacte,urtica_marina,sea anemones,Undirected,4,2,13,Seafood
B04C002S13,patinam_ex_lacte,lucanica,lucanian sausage,Undirected,4,2,13,Meat
B04C002S13,patinam_ex_lacte,urtica,nettles,Undirected,4,2,13,Plants
B04C002S13,patinam_ex_lacte,malva,mallows,Undirected,4,2,13,Vegetables
B04C002S13,patinam_ex_lacte,nucleus,pine nuts,Undirected,4,2,13,Nuts & Seeds
B04C002S13,patinam_ex_lacte,iecur,liver,Undirected,4,2,13,Meat
B04C002S14,patinam_apicianam,piper,pepper,Undirected,4,2,14,Spices
B04C002S14,patinam_apicianam,liquamen,liquamen,Undirected,4,2,14,Additive
B04C002S14,patinam_apicianam,passum,raisin wine,Undirected,4,2,14,Alcoholic Beverages
B04C002S14,patinam_apicianam,oleum,oil,Undirected,4,2,14,Plants
B04C002S14,patinam_apicianam,vinum,wine,Undirected,4,2,14,Alcoholic Beverages
B04C002S14,patinam_apicianam,ovum,eggs,Undirected,4,2,14,Dairy
B04C002S14,patinam_apicianam,amulum,roux,Undirected,4,2,14,Cereals
B04C002S14,patinam_apicianam,sus,pig / pork (sus),Undirected,4,2,14,Meat
B04C002S14,patinam_apicianam,pullus,chicken,Undirected,4,2,14,Meat
B04C002S14,patinam_apicianam,turdus,thrush,Undirected,4,2,14,Meat
B04C002S14,patinam_apicianam,ficedula,fig pecker,Undirected,4,2,14,Meat
B04C002S14,patinam_apicianam,piscis,fish,Undirected,4,2,14,Fish
B04C002S14,patinam_apicianam,ligusticum,lovage,Undirected,4,2,14,Herbs
B04C002S14,patinam_apicianam,nucleus,pine nuts,Undirected,4,2,14,Nuts & Seeds
B04C002S15,patina_cotidiana,piper,pepper,Undirected,4,2,15,Spices
B04C002S15,patina_cotidiana,liquamen,liquamen,Undirected,4,2,15,Additive
B04C002S15,patina_cotidiana,passum,raisin wine,Undirected,4,2,15,Alcoholic Beverages
B04C002S15,patina_cotidiana,oleum,oil,Undirected,4,2,15,Plants
B04C002S15,patina_cotidiana,vinum,wine,Undirected,4,2,15,Alcoholic Beverages
B04C002S15,patina_cotidiana,ovum,eggs,Undirected,4,2,15,Dairy
B04C002S15,patina_cotidiana,pullus,chicken,Undirected,4,2,15,Meat
B04C002S15,patina_cotidiana,piscis,fish,Undirected,4,2,15,Fish
B04C002S15,patina_cotidiana,ligusticum,lovage,Undirected,4,2,15,Herbs
B04C002S15,patina_cotidiana,sus,pig / pork (sus),Undirected,4,2,15,Meat
B04C002S16,patina_versatilis_vice_dulcis,piper,pepper,Undirected,4,2,16,Spices
B04C002S16,patina_versatilis_vice_dulcis,liquamen,liquamen,Undirected,4,2,16,Additive
B04C002S16,patina_versatilis_vice_dulcis,mel,honey,Undirected,4,2,16,Additive
B04C002S16,patina_versatilis_vice_dulcis,oleum,oil,Undirected,4,2,16,Plants
B04C002S16,patina_versatilis_vice_dulcis,lac,milk,Undirected,4,2,16,Dairy
B04C002S16,patina_versatilis_vice_dulcis,nux,wallnuts,Undirected,4,2,16,Nuts & Seeds
B04C002S16,patina_versatilis_vice_dulcis,nucleus,pine nuts,Undirected,4,2,16,Nuts & Seeds
B04C002S16,patina_versatilis_vice_dulcis,merum,pure wine,Undirected,4,2,16,Alcoholic Beverages
B04C002S16,patina_versatilis_vice_dulcis,ovum,eggs,Undirected,4,2,16,Dairy
B04C002S17,patellam_tyrotaricham_ex_quocumque_salso,piper,pepper,Undirected,4,2,17,Spices
B04C002S17,patellam_tyrotaricham_ex_quocumque_salso,cuminum,cumin,Undirected,4,2,17,Spices
B04C002S17,patellam_tyrotaricham_ex_quocumque_salso,origanum,oregano,Undirected,4,2,17,Herbs
B04C002S17,patellam_tyrotaricham_ex_quocumque_salso,ruta,rue,Undirected,4,2,17,Herbs
B04C002S17,patellam_tyrotaricham_ex_quocumque_salso,mulsum,honied wine,Undirected,4,2,17,Alcoholic Beverages
B04C002S17,patellam_tyrotaricham_ex_quocumque_salso,oleum,oil,Undirected,4,2,17,Plants
B04C002S17,patellam_tyrotaricham_ex_quocumque_salso,vinum,wine,Undirected,4,2,17,Alcoholic Beverages
B04C002S17,patellam_tyrotaricham_ex_quocumque_salso,caseus,cheese,Undirected,4,2,17,Dairy
B04C002S17,patellam_tyrotaricham_ex_quocumque_salso,ovum,eggs,Undirected,4,2,17,Dairy
B04C002S17,patellam_tyrotaricham_ex_quocumque_salso,pullus,chicken,Undirected,4,2,17,Meat
B04C002S17,patellam_tyrotaricham_ex_quocumque_salso,piscis,fish,Undirected,4,2,17,Fish
B04C002S17,patellam_tyrotaricham_ex_quocumque_salso,ligusticum,lovage,Undirected,4,2,17,Herbs
B04C002S17,patellam_tyrotaricham_ex_quocumque_salso,cerebrum,brain,Undirected,4,2,17,Meat
B04C002S18,patellam_siccam,piper,pepper,Undirected,4,2,18,Spices
B04C002S18,patellam_siccam,cuminum,cumin,Undirected,4,2,18,Spices
B04C002S18,patellam_siccam,coriandrum,coriander,Undirected,4,2,18,Herbs
B04C002S18,patellam_siccam,origanum,oregano,Undirected,4,2,18,Herbs
B04C002S18,patellam_siccam,ruta,rue,Undirected,4,2,18,Herbs
B04C002S18,patellam_siccam,satureia,savory,Undirected,4,2,18,Herbs
B04C002S18,patellam_siccam,petroselinum,parsley,Undirected,4,2,18,Herbs
B04C002S18,patellam_siccam,cepa,onion,Undirected,4,2,18,Vegetables
B04C002S18,patellam_siccam,liquamen,liquamen,Undirected,4,2,18,Additive
B04C002S18,patellam_siccam,oleum,oil,Undirected,4,2,18,Plants
B04C002S18,patellam_siccam,vinum,wine,Undirected,4,2,18,Alcoholic Beverages
B04C002S18,patellam_siccam,ligusticum,lovage,Undirected,4,2,18,Herbs
B04C002S18,patellam_siccam,isicium,isicium,Undirected,4,2,18,Meat
B04C002S18,patellam_siccam,menta,mint,Undirected,4,2,18,Herbs
B04C002S18,patellam_siccam,ovum,eggs,Undirected,4,2,18,Dairy
B04C002S19,patellam_ex_holisatro,piper,pepper,Undirected,4,2,19,Spices
B04C002S19,patellam_ex_holisatro,coriandrum,coriander,Undirected,4,2,19,Herbs
B04C002S19,patellam_ex_holisatro,thymum,thyme,Undirected,4,2,19,Herbs
B04C002S19,patellam_ex_holisatro,satureia,savory,Undirected,4,2,19,Herbs
B04C002S19,patellam_ex_holisatro,cepa,onion,Undirected,4,2,19,Vegetables
B04C002S19,patellam_ex_holisatro,liquamen,liquamen,Undirected,4,2,19,Additive
B04C002S19,patellam_ex_holisatro,acetum,vinegar,Undirected,4,2,19,Additive
B04C002S19,patellam_ex_holisatro,oleum,oil,Undirected,4,2,19,Plants
B04C002S19,patellam_ex_holisatro,vinum,wine,Undirected,4,2,19,Alcoholic Beverages
B04C002S19,patellam_ex_holisatro,amulum,roux,Undirected,4,2,19,Cereals
B04C002S19,patellam_ex_holisatro,ligusticum,lovage,Undirected,4,2,19,Herbs
B04C002S19,patellam_ex_holisatro,nitrum,soda,Undirected,4,2,19,Additive
B04C002S20,patina_de_apua_fricta,piper,pepper,Undirected,4,2,20,Spices
B04C002S20,patina_de_apua_fricta,liquamen,liquamen,Undirected,4,2,20,Additive
B04C002S20,patina_de_apua_fricta,oenogarum,oenogarum,Undirected,4,2,20,Additive
B04C002S20,patina_de_apua_fricta,oleum,oil,Undirected,4,2,20,Plants
B04C002S20,patina_de_apua_fricta,vinum,wine,Undirected,4,2,20,Alcoholic Beverages
B04C002S20,patina_de_apua_fricta,ovum,eggs,Undirected,4,2,20,Dairy
B04C002S21,patina_ex_lagitis_et_cerebellis,piper,pepper,Undirected,4,2,21,Spices
B04C002S21,patina_ex_lagitis_et_cerebellis,ruta,rue,Undirected,4,2,21,Herbs
B04C002S21,patina_ex_lagitis_et_cerebellis,passum,raisin wine,Undirected,4,2,21,Alcoholic Beverages
B04C002S21,patina_ex_lagitis_et_cerebellis,ovum,eggs,Undirected,4,2,21,Dairy
B04C002S21,patina_ex_lagitis_et_cerebellis,amulum,roux,Undirected,4,2,21,Cereals
B04C002S21,patina_ex_lagitis_et_cerebellis,pullus,chicken,Undirected,4,2,21,Meat
B04C002S21,patina_ex_lagitis_et_cerebellis,piscis,fish,Undirected,4,2,21,Fish
B04C002S21,patina_ex_lagitis_et_cerebellis,ligusticum,lovage,Undirected,4,2,21,Herbs
B04C002S21,patina_ex_lagitis_et_cerebellis,cerebrum,brain,Undirected,4,2,21,Meat
B04C002S21,patina_ex_lagitis_et_cerebellis,gigeria,gizzard,Undirected,4,2,21,Meat
B04C002S22,patina_mullorum_loco_salsi,piper,pepper,Undirected,4,2,22,Spices
B04C002S22,patina_mullorum_loco_salsi,passum,raisin wine,Undirected,4,2,22,Alcoholic Beverages
B04C002S22,patina_mullorum_loco_salsi,mulsum,honied wine,Undirected,4,2,22,Alcoholic Beverages
B04C002S22,patina_mullorum_loco_salsi,oleum,oil,Undirected,4,2,22,Plants
B04C002S22,patina_mullorum_loco_salsi,mullus,red mullet,Undirected,4,2,22,Fish
B04C002S23,patina_piscium_loco_salsi,oleum,oil,Undirected,4,2,23,Plants
B04C002S23,patina_piscium_loco_salsi,piscis,fish,Undirected,4,2,23,Fish
B04C002S24,patina_piscium,cepa,onion,Undirected,4,2,24,Vegetables
B04C002S24,patina_piscium,liquamen,liquamen,Undirected,4,2,24,Additive
B04C002S24,patina_piscium,acetum,vinegar,Undirected,4,2,24,Additive
B04C002S24,patina_piscium,oleum,oil,Undirected,4,2,24,Plants
B04C002S24,patina_piscium,piscis,fish,Undirected,4,2,24,Fish
B04C002S25,patellam_lucretianum,cepa,onion,Undirected,4,2,25,Vegetables
B04C002S25,patellam_lucretianum,liquamen,liquamen,Undirected,4,2,25,Additive
B04C002S25,patellam_lucretianum,acetum,vinegar,Undirected,4,2,25,Additive
B04C002S25,patellam_lucretianum,mel,honey,Undirected,4,2,25,Additive
B04C002S25,patellam_lucretianum,oleum,oil,Undirected,4,2,25,Plants
B04C002S25,patellam_lucretianum,defritum,defritum,Undirected,4,2,25,Additive
B04C002S26,patinam_de_lagitis,piper,pepper,Undirected,4,2,26,Spices
B04C002S26,patinam_de_lagitis,liquamen,liquamen,Undirected,4,2,26,Additive
B04C002S26,patinam_de_lagitis,oenogarum,oenogarum,Undirected,4,2,26,Additive
B04C002S26,patinam_de_lagitis,oleum,oil,Undirected,4,2,26,Plants
B04C002S26,patinam_de_lagitis,vinum,wine,Undirected,4,2,26,Alcoholic Beverages
B04C002S26,patinam_de_lagitis,ovum,eggs,Undirected,4,2,26,Dairy
B04C002S27,patina_zomoteganon,piper,pepper,Undirected,4,2,27,Spices
B04C002S27,patina_zomoteganon,coriandrum,coriander,Undirected,4,2,27,Herbs
B04C002S27,patina_zomoteganon,origanum,oregano,Undirected,4,2,27,Herbs
B04C002S27,patina_zomoteganon,porrum,leeks,Undirected,4,2,27,Vegetables
B04C002S27,patina_zomoteganon,liquamen,liquamen,Undirected,4,2,27,Additive
B04C002S27,patina_zomoteganon,oleum,oil,Undirected,4,2,27,Plants
B04C002S27,patina_zomoteganon,vinum,wine,Undirected,4,2,27,Alcoholic Beverages
B04C002S27,patina_zomoteganon,ovum,eggs,Undirected,4,2,27,Dairy
B04C002S27,patina_zomoteganon,piscis,fish,Undirected,4,2,27,Fish
B04C002S27,patina_zomoteganon,ligusticum,lovage,Undirected,4,2,27,Herbs
B04C002S28,patina_solearum,piper,pepper,Undirected,4,2,28,Spices
B04C002S28,patina_solearum,origanum,oregano,Undirected,4,2,28,Herbs
B04C002S28,patina_solearum,liquamen,liquamen,Undirected,4,2,28,Additive
B04C002S28,patina_solearum,oleum,oil,Undirected,4,2,28,Plants
B04C002S28,patina_solearum,vinum,wine,Undirected,4,2,28,Alcoholic Beverages
B04C002S28,patina_solearum,ovum,eggs,Undirected,4,2,28,Dairy
B04C002S28,patina_solearum,ligusticum,lovage,Undirected,4,2,28,Herbs
B04C002S28,patina_solearum,solea,sole,Undirected,4,2,28,Fish
B04C002S29,patina_de_piscibus,piper,pepper,Undirected,4,2,29,Spices
B04C002S29,patina_de_piscibus,conditum,spiced wine,Undirected,4,2,29,Alcoholic Beverages
B04C002S29,patina_de_piscibus,caroenum,caroenum,Undirected,4,2,29,Additive
B04C002S29,patina_de_piscibus,oleum,oil,Undirected,4,2,29,Plants
B04C002S29,patina_de_piscibus,piscis,fish,Undirected,4,2,29,Fish
B04C002S30,patina_de_pisciculis,piper,pepper,Undirected,4,2,30,Spices
B04C002S30,patina_de_pisciculis,origanum,oregano,Undirected,4,2,30,Herbs
B04C002S30,patina_de_pisciculis,cepa,onion,Undirected,4,2,30,Vegetables
B04C002S30,patina_de_pisciculis,liquamen,liquamen,Undirected,4,2,30,Additive
B04C002S30,patina_de_pisciculis,oleum,oil,Undirected,4,2,30,Plants
B04C002S30,patina_de_pisciculis,vinum,wine,Undirected,4,2,30,Alcoholic Beverages
B04C002S30,patina_de_pisciculis,amulum,roux,Undirected,4,2,30,Cereals
B04C002S30,patina_de_pisciculis,ligusticum,lovage,Undirected,4,2,30,Herbs
B04C002S30,patina_de_pisciculis,uvae_passae,raisins,Undirected,4,2,30,Fruit
B04C002S30,patina_de_pisciculis,piscis,fish,Undirected,4,2,30,Fish
B04C002S31,"patina_de_piscibus_dentice,_aurata_et_mu",piper,pepper,Undirected,4,2,31,Spices
B04C002S31,"patina_de_piscibus_dentice,_aurata_et_mu",liquamen,liquamen,Undirected,4,2,31,Additive
B04C002S31,"patina_de_piscibus_dentice,_aurata_et_mu",oenogarum,oenogarum,Undirected,4,2,31,Additive
B04C002S31,"patina_de_piscibus_dentice,_aurata_et_mu",oleum,oil,Undirected,4,2,31,Plants
B04C002S31,"patina_de_piscibus_dentice,_aurata_et_mu",vinum,wine,Undirected,4,2,31,Alcoholic Beverages
B04C002S31,"patina_de_piscibus_dentice,_aurata_et_mu",ovum,eggs,Undirected,4,2,31,Dairy
B04C002S31,"patina_de_piscibus_dentice,_aurata_et_mu",piscis,fish,Undirected,4,2,31,Fish
B04C002S31,"patina_de_piscibus_dentice,_aurata_et_mu",mugil,mullet,Undirected,4,2,31,Fish
B04C002S31,"patina_de_piscibus_dentice,_aurata_et_mu",aurata,bream,Undirected,4,2,31,Fish
B04C002S31,"patina_de_piscibus_dentice,_aurata_et_mu",ostrea,oysters,Undirected,4,2,31,Seafood
B04C002S32,patina_de_pisce_lupo,piper,pepper,Undirected,4,2,32,Spices
B04C002S32,patina_de_pisce_lupo,cuminum,cumin,Undirected,4,2,32,Spices
B04C002S32,patina_de_pisce_lupo,ruta,rue,Undirected,4,2,32,Herbs
B04C002S32,patina_de_pisce_lupo,petroselinum,parsley,Undirected,4,2,32,Herbs
B04C002S32,patina_de_pisce_lupo,cepa,onion,Undirected,4,2,32,Vegetables
B04C002S32,patina_de_pisce_lupo,liquamen,liquamen,Undirected,4,2,32,Additive
B04C002S32,patina_de_pisce_lupo,mel,honey,Undirected,4,2,32,Additive
B04C002S32,patina_de_pisce_lupo,passum,raisin wine,Undirected,4,2,32,Alcoholic Beverages
B04C002S32,patina_de_pisce_lupo,oleum,oil,Undirected,4,2,32,Plants
B04C002S32,patina_de_pisce_lupo,piscis,fish,Undirected,4,2,32,Fish
B04C002S33,patina_de_sorbis_calida_et_frigida,piper,pepper,Undirected,4,2,33,Spices
B04C002S33,patina_de_sorbis_calida_et_frigida,liquamen,liquamen,Undirected,4,2,33,Additive
B04C002S33,patina_de_sorbis_calida_et_frigida,ovum,eggs,Undirected,4,2,33,Dairy
B04C002S33,patina_de_sorbis_calida_et_frigida,cerebrum,brain,Undirected,4,2,33,Meat
B04C002S33,patina_de_sorbis_calida_et_frigida,sorba,service berries,Undirected,4,2,33,Fruit
B04C002S34,patina_de_persicis,oleum,oil,Undirected,4,2,34,Plants
B04C002S34,patina_de_persicis,persica,peach,Undirected,4,2,34,Fruit
B04C002S35,patina_de_piris,piper,pepper,Undirected,4,2,35,Spices
B04C002S35,patina_de_piris,cuminum,cumin,Undirected,4,2,35,Spices
B04C002S35,patina_de_piris,mel,honey,Undirected,4,2,35,Additive
B04C002S35,patina_de_piris,passum,raisin wine,Undirected,4,2,35,Alcoholic Beverages
B04C002S35,patina_de_piris,oleum,oil,Undirected,4,2,35,Plants
B04C002S35,patina_de_piris,pirum,pear,Undirected,4,2,35,Fruit
B04C002S35,patina_de_piris,ovum,eggs,Undirected,4,2,35,Dairy
B04C002S36,patina_urticarum_calida_et_frigida,piper,pepper,Undirected,4,2,36,Spices
B04C002S36,patina_urticarum_calida_et_frigida,liquamen,liquamen,Undirected,4,2,36,Additive
B04C002S36,patina_urticarum_calida_et_frigida,oleum,oil,Undirected,4,2,36,Plants
B04C002S36,patina_urticarum_calida_et_frigida,ovum,eggs,Undirected,4,2,36,Dairy
B04C002S36,patina_urticarum_calida_et_frigida,urtica,nettles,Undirected,4,2,36,Plants
B04C002S37,patina_de_cydoneis,porrum,leeks,Undirected,4,2,37,Vegetables
B04C002S37,patina_de_cydoneis,liquamen,liquamen,Undirected,4,2,37,Additive
B04C002S37,patina_de_cydoneis,mel,honey,Undirected,4,2,37,Additive
B04C002S37,patina_de_cydoneis,oleum,oil,Undirected,4,2,37,Plants
B04C002S37,patina_de_cydoneis,malum,apple,Undirected,4,2,37,Fruit
B04C002S37,patina_de_cydoneis,cotoneum,quince,Undirected,4,2,37,Fruit
B04C003S01,minutal_de_piscibus_uel_isichs,piper,pepper,Undirected,4,3,1,Spices
B04C003S01,minutal_de_piscibus_uel_isichs,coriandrum,coriander,Undirected,4,3,1,Herbs
B04C003S01,minutal_de_piscibus_uel_isichs,origanum,oregano,Undirected,4,3,1,Herbs
B04C003S01,minutal_de_piscibus_uel_isichs,porrum,leeks,Undirected,4,3,1,Vegetables
B04C003S01,minutal_de_piscibus_uel_isichs,liquamen,liquamen,Undirected,4,3,1,Additive
B04C003S01,minutal_de_piscibus_uel_isichs,oleum,oil,Undirected,4,3,1,Plants
B04C003S01,minutal_de_piscibus_uel_isichs,vinum,wine,Undirected,4,3,1,Alcoholic Beverages
B04C003S01,minutal_de_piscibus_uel_isichs,piscis,fish,Undirected,4,3,1,Fish
B04C003S01,minutal_de_piscibus_uel_isichs,ligusticum,lovage,Undirected,4,3,1,Herbs
B04C003S01,minutal_de_piscibus_uel_isichs,isicium,isicium,Undirected,4,3,1,Meat
B04C003S01,minutal_de_piscibus_uel_isichs,urtica_marina,sea anemones,Undirected,4,3,1,Seafood
B04C003S01,minutal_de_piscibus_uel_isichs,urtica,nettles,Undirected,4,3,1,Plants
B04C003S02,minutal_terentinum,piper,pepper,Undirected,4,3,2,Spices
B04C003S02,minutal_terentinum,origanum,oregano,Undirected,4,3,2,Herbs
B04C003S02,minutal_terentinum,porrum,leeks,Undirected,4,3,2,Vegetables
B04C003S02,minutal_terentinum,liquamen,liquamen,Undirected,4,3,2,Additive
B04C003S02,minutal_terentinum,passum,raisin wine,Undirected,4,3,2,Alcoholic Beverages
B04C003S02,minutal_terentinum,oleum,oil,Undirected,4,3,2,Plants
B04C003S02,minutal_terentinum,vinum,wine,Undirected,4,3,2,Alcoholic Beverages
B04C003S02,minutal_terentinum,ligusticum,lovage,Undirected,4,3,2,Herbs
B04C003S02,minutal_terentinum,isicium,isicium,Undirected,4,3,2,Meat
B04C003S03,minutal_apicianum,piper,pepper,Undirected,4,3,3,Spices
B04C003S03,minutal_apicianum,coriandrum,coriander,Undirected,4,3,3,Herbs
B04C003S03,minutal_apicianum,porrum,leeks,Undirected,4,3,3,Vegetables
B04C003S03,minutal_apicianum,liquamen,liquamen,Undirected,4,3,3,Additive
B04C003S03,minutal_apicianum,mel,honey,Undirected,4,3,3,Additive
B04C003S03,minutal_apicianum,oleum,oil,Undirected,4,3,3,Plants
B04C003S03,minutal_apicianum,vinum,wine,Undirected,4,3,3,Alcoholic Beverages
B04C003S03,minutal_apicianum,ligusticum,lovage,Undirected,4,3,3,Herbs
B04C003S03,minutal_apicianum,menta,mint,Undirected,4,3,3,Herbs
B04C003S03,minutal_apicianum,piscis,fish,Undirected,4,3,3,Fish
B04C003S03,minutal_apicianum,porcus,pork,Undirected,4,3,3,Meat
B04C003S03,minutal_apicianum,isicium,isicium,Undirected,4,3,3,Meat
B04C003S03,minutal_apicianum,capona,capon,Undirected,4,3,3,Meat
B04C003S04,minutal_matianum,piper,pepper,Undirected,4,3,4,Spices
B04C003S04,minutal_matianum,cuminum,cumin,Undirected,4,3,4,Spices
B04C003S04,minutal_matianum,coriandrum,coriander,Undirected,4,3,4,Herbs
B04C003S04,minutal_matianum,laser,laser,Undirected,4,3,4,Spices
B04C003S04,minutal_matianum,porrum,leeks,Undirected,4,3,4,Vegetables
B04C003S04,minutal_matianum,liquamen,liquamen,Undirected,4,3,4,Additive
B04C003S04,minutal_matianum,acetum,vinegar,Undirected,4,3,4,Additive
B04C003S04,minutal_matianum,mel,honey,Undirected,4,3,4,Additive
B04C003S04,minutal_matianum,oleum,oil,Undirected,4,3,4,Plants
B04C003S04,minutal_matianum,malum,apple,Undirected,4,3,4,Fruit
B04C003S04,minutal_matianum,menta,mint,Undirected,4,3,4,Herbs
B04C003S04,minutal_matianum,caroenum,caroenum,Undirected,4,3,4,Additive
B04C003S04,minutal_matianum,isicium,isicium,Undirected,4,3,4,Meat
B04C003S04,minutal_matianum,porcus,pork,Undirected,4,3,4,Meat
B04C003S04,minutal_matianum,defritum,defritum,Undirected,4,3,4,Additive
B04C003S05,minutal_dulce_ex_citris,piper,pepper,Undirected,4,3,5,Spices
B04C003S05,minutal_dulce_ex_citris,cuminum,cumin,Undirected,4,3,5,Spices
B04C003S05,minutal_dulce_ex_citris,coriandrum,coriander,Undirected,4,3,5,Herbs
B04C003S05,minutal_dulce_ex_citris,laser,laser,Undirected,4,3,5,Spices
B04C003S05,minutal_dulce_ex_citris,ruta,rue,Undirected,4,3,5,Herbs
B04C003S05,minutal_dulce_ex_citris,porrum,leeks,Undirected,4,3,5,Vegetables
B04C003S05,minutal_dulce_ex_citris,liquamen,liquamen,Undirected,4,3,5,Additive
B04C003S05,minutal_dulce_ex_citris,acetum,vinegar,Undirected,4,3,5,Additive
B04C003S05,minutal_dulce_ex_citris,oleum,oil,Undirected,4,3,5,Plants
B04C003S05,minutal_dulce_ex_citris,citrum,citron,Undirected,4,3,5,Fruit
B04C003S05,minutal_dulce_ex_citris,caroenum,caroenum,Undirected,4,3,5,Additive
B04C003S05,minutal_dulce_ex_citris,isicium,isicium,Undirected,4,3,5,Meat
B04C003S05,minutal_dulce_ex_citris,porcus,pork,Undirected,4,3,5,Meat
B04C003S05,minutal_dulce_ex_citris,defritum,defritum,Undirected,4,3,5,Additive
B04C003S06,minutal_ex_praecoquis,piper,pepper,Undirected,4,3,6,Spices
B04C003S06,minutal_ex_praecoquis,cuminum,cumin,Undirected,4,3,6,Spices
B04C003S06,minutal_ex_praecoquis,anethum,dill,Undirected,4,3,6,Herbs
B04C003S06,minutal_ex_praecoquis,cepa,onion,Undirected,4,3,6,Vegetables
B04C003S06,minutal_ex_praecoquis,liquamen,liquamen,Undirected,4,3,6,Additive
B04C003S06,minutal_ex_praecoquis,acetum,vinegar,Undirected,4,3,6,Additive
B04C003S06,minutal_ex_praecoquis,mel,honey,Undirected,4,3,6,Additive
B04C003S06,minutal_ex_praecoquis,passum,raisin wine,Undirected,4,3,6,Alcoholic Beverages
B04C003S06,minutal_ex_praecoquis,oleum,oil,Undirected,4,3,6,Plants
B04C003S06,minutal_ex_praecoquis,vinum,wine,Undirected,4,3,6,Alcoholic Beverages
B04C003S06,minutal_ex_praecoquis,menta,mint,Undirected,4,3,6,Herbs
B04C003S06,minutal_ex_praecoquis,porcus,pork,Undirected,4,3,6,Meat
B04C003S06,minutal_ex_praecoquis,praecoquis,apricots,Undirected,4,3,6,Fruit
B04C003S07,minutal_ex_iecineribus_et_pulmonibus_lep,piper,pepper,Undirected,4,3,7,Spices
B04C003S07,minutal_ex_iecineribus_et_pulmonibus_lep,coriandrum,coriander,Undirected,4,3,7,Herbs
B04C003S07,minutal_ex_iecineribus_et_pulmonibus_lep,origanum,oregano,Undirected,4,3,7,Herbs
B04C003S07,minutal_ex_iecineribus_et_pulmonibus_lep,porrum,leeks,Undirected,4,3,7,Vegetables
B04C003S07,minutal_ex_iecineribus_et_pulmonibus_lep,liquamen,liquamen,Undirected,4,3,7,Additive
B04C003S07,minutal_ex_iecineribus_et_pulmonibus_lep,passum,raisin wine,Undirected,4,3,7,Alcoholic Beverages
B04C003S07,minutal_ex_iecineribus_et_pulmonibus_lep,oleum,oil,Undirected,4,3,7,Plants
B04C003S07,minutal_ex_iecineribus_et_pulmonibus_lep,vinum,wine,Undirected,4,3,7,Alcoholic Beverages
B04C003S07,minutal_ex_iecineribus_et_pulmonibus_lep,lepus,hare,Undirected,4,3,7,Meat
B04C003S07,minutal_ex_iecineribus_et_pulmonibus_lep,ligusticum,lovage,Undirected,4,3,7,Herbs
B04C003S07,minutal_ex_iecineribus_et_pulmonibus_lep,iecur,liver,Undirected,4,3,7,Meat
B04C003S07,minutal_ex_iecineribus_et_pulmonibus_lep,pulmones,lungs,Undirected,4,3,7,Meat
B04C003S07,minutal_ex_iecineribus_et_pulmonibus_lep,isicium,isicium,Undirected,4,3,7,Meat
B04C003S07,minutal_ex_iecineribus_et_pulmonibus_lep,porcus,pork,Undirected,4,3,7,Meat
B04C003S08,minutal_ex_rosis,passum,raisin wine,Undirected,4,3,8,Alcoholic Beverages
B04C003S08,minutal_ex_rosis,piper,pepper,Undirected,4,3,8,Spices
B04C003S08,minutal_ex_rosis,cuminum,cumin,Undirected,4,3,8,Spices
B04C003S08,minutal_ex_rosis,menta,mint,Undirected,4,3,8,Herbs
B04C003S08,minutal_ex_rosis,anethum,dill,Undirected,4,3,8,Herbs
B04C003S08,minutal_ex_rosis,cepa,onion,Undirected,4,3,8,Vegetables
B04C003S08,minutal_ex_rosis,liquamen,liquamen,Undirected,4,3,8,Additive
B04C003S08,minutal_ex_rosis,mel,honey,Undirected,4,3,8,Additive
B04C003S08,minutal_ex_rosis,acetum,vinegar,Undirected,4,3,8,Additive
B04C003S08,minutal_ex_rosis,oleum,oil,Undirected,4,3,8,Plants
B04C003S08,minutal_ex_rosis,vinum,wine,Undirected,4,3,8,Alcoholic Beverages
B04C003S08,minutal_ex_rosis,porcus,pork,Undirected,4,3,8,Meat
B04C004S01,tisanam_uel_sucum,piper,pepper,Undirected,4,4,1,Spices
B04C004S01,tisanam_uel_sucum,cuminum,cumin,Undirected,4,4,1,Spices
B04C004S01,tisanam_uel_sucum,coriandrum,coriander,Undirected,4,4,1,Herbs
B04C004S01,tisanam_uel_sucum,anethum,dill,Undirected,4,4,1,Herbs
B04C004S01,tisanam_uel_sucum,silphium,silphium,Undirected,4,4,1,Spices
B04C004S01,tisanam_uel_sucum,satureia,savory,Undirected,4,4,1,Herbs
B04C004S01,tisanam_uel_sucum,cepa,onion,Undirected,4,4,1,Vegetables
B04C004S01,tisanam_uel_sucum,liquamen,liquamen,Undirected,4,4,1,Additive
B04C004S01,tisanam_uel_sucum,acetum,vinegar,Undirected,4,4,1,Additive
B04C004S01,tisanam_uel_sucum,sal,salt,Undirected,4,4,1,Additive
B04C004S01,tisanam_uel_sucum,mel,honey,Undirected,4,4,1,Additive
B04C004S01,tisanam_uel_sucum,oleum,oil,Undirected,4,4,1,Plants
B04C004S01,tisanam_uel_sucum,ligusticum,lovage,Undirected,4,4,1,Herbs
B04C004S01,tisanam_uel_sucum,tisana,barley grain,Undirected,4,4,1,Cereals
B04C004S01,tisanam_uel_sucum,sphondylus,hogweed,Undirected,4,4,1,Plants
B04C004S01,tisanam_uel_sucum,defritum,defritum,Undirected,4,4,1,Additive
B04C004S01,tisanam_uel_sucum,pulegium,pennyroyal,Undirected,4,4,1,Herbs
B04C004S02,tisanam_barricam,coriandrum,coriander,Undirected,4,4,2,Herbs
B04C004S02,tisanam_barricam,anethum,dill,Undirected,4,4,2,Herbs
B04C004S02,tisanam_barricam,origanum,oregano,Undirected,4,4,2,Herbs
B04C004S02,tisanam_barricam,foeniculum,fennel,Undirected,4,4,2,Herbs
B04C004S02,tisanam_barricam,silphium,silphium,Undirected,4,4,2,Spices
B04C004S02,tisanam_barricam,porrum,leeks,Undirected,4,4,2,Vegetables
B04C004S02,tisanam_barricam,liquamen,liquamen,Undirected,4,4,2,Additive
B04C004S02,tisanam_barricam,oleum,oil,Undirected,4,4,2,Plants
B04C004S02,tisanam_barricam,cicer,chickpea,Undirected,4,4,2,Legumes
B04C004S02,tisanam_barricam,beta,beet,Undirected,4,4,2,Vegetables
B04C004S02,tisanam_barricam,malva,mallows,Undirected,4,4,2,Vegetables
B04C004S02,tisanam_barricam,ligusticum,lovage,Undirected,4,4,2,Herbs
B04C004S02,tisanam_barricam,tisana,barley grain,Undirected,4,4,2,Cereals
B04C004S02,tisanam_barricam,lenticula,lentils,Undirected,4,4,2,Legumes
B04C004S02,tisanam_barricam,pisum,peas,Undirected,4,4,2,Legumes
B04C004S02,tisanam_barricam,folia_cauliculorum,cabbage,Undirected,4,4,2,Vegetables
B04C005S01,gustum,piper,pepper,Undirected,4,5,1,Spices
B04C005S01,gustum,zingiber,ginger,Undirected,4,5,1,Spices
B04C005S01,gustum,folia_malvae,mallow leaves,Undirected,4,5,1,Vegetables
B04C005S01,gustum,porrum,leeks,Undirected,4,5,1,Vegetables
B04C005S01,gustum,liquamen,liquamen,Undirected,4,5,1,Additive
B04C005S01,gustum,oenogarum,oenogarum,Undirected,4,5,1,Additive
B04C005S01,gustum,acetum,vinegar,Undirected,4,5,1,Additive
B04C005S01,gustum,passum,raisin wine,Undirected,4,5,1,Alcoholic Beverages
B04C005S01,gustum,oleum,oil,Undirected,4,5,1,Plants
B04C005S01,gustum,vinum,wine,Undirected,4,5,1,Alcoholic Beverages
B04C005S01,gustum,ovum,eggs,Undirected,4,5,1,Dairy
B04C005S01,gustum,amulum,roux,Undirected,4,5,1,Cereals
B04C005S01,gustum,beta,beet,Undirected,4,5,1,Vegetables
B04C005S01,gustum,holus,vegetables,Undirected,4,5,1,Vegetables
B04C005S01,gustum,pullus,chicken,Undirected,4,5,1,Meat
B04C005S01,gustum,ligusticum,lovage,Undirected,4,5,1,Herbs
B04C005S01,gustum,isicium,isicium,Undirected,4,5,1,Meat
B04C005S01,gustum,lucanica,lucanian sausage,Undirected,4,5,1,Meat
B04C005S01,gustum,bulbus,bulb,Undirected,4,5,1,Vegetables
B04C005S01,gustum,cochlea,snails,Undirected,4,5,1,Meat
B04C005S01,gustum,prunum_damascenum,damascene plums,Undirected,4,5,1,Fruit
B04C005S01,gustum,pyrethrum,pellitory,Undirected,4,5,1,Spices
B04C005S01,gustum,apium,celery (celery seed),Undirected,4,5,1,Herbs
B04C005S01,gustum,malva,mallows,Undirected,4,5,1,Vegetables
B04C005S02,gustum_de_holeribus,piper,pepper,Undirected,4,5,2,Spices
B04C005S02,gustum_de_holeribus,liquamen,liquamen,Undirected,4,5,2,Additive
B04C005S02,gustum_de_holeribus,passum,raisin wine,Undirected,4,5,2,Alcoholic Beverages
B04C005S02,gustum_de_holeribus,oleum,oil,Undirected,4,5,2,Plants
B04C005S02,gustum_de_holeribus,vinum,wine,Undirected,4,5,2,Alcoholic Beverages
B04C005S02,gustum_de_holeribus,amulum,roux,Undirected,4,5,2,Cereals
B04C005S02,gustum_de_holeribus,holus,vegetables,Undirected,4,5,2,Vegetables
B04C005S02,gustum_de_holeribus,gallina,hen,Undirected,4,5,2,Meat
B04C005S02,gustum_de_holeribus,ligusticum,lovage,Undirected,4,5,2,Herbs
B04C005S02,gustum_de_holeribus,bulbus,bulb,Undirected,4,5,2,Vegetables
B04C005S02,gustum_de_holeribus,ungellae,trotters,Undirected,4,5,2,Meat
B04C005S02,gustum_de_holeribus,porcellus,suckling pig,Undirected,4,5,2,Meat
B04C005S02,gustum_de_holeribus,iecur,liver,Undirected,4,5,2,Meat
B04C005S02,gustum_de_holeribus,gigeria,gizzard,Undirected,4,5,2,Meat
B04C005S03,gustum_de_cucurbitis_farsilibus,piper,pepper,Undirected,4,5,3,Spices
B04C005S03,gustum_de_cucurbitis_farsilibus,origanum,oregano,Undirected,4,5,3,Herbs
B04C005S03,gustum_de_cucurbitis_farsilibus,liquamen,liquamen,Undirected,4,5,3,Additive
B04C005S03,gustum_de_cucurbitis_farsilibus,oenogarum,oenogarum,Undirected,4,5,3,Additive
B04C005S03,gustum_de_cucurbitis_farsilibus,passum,raisin wine,Undirected,4,5,3,Alcoholic Beverages
B04C005S03,gustum_de_cucurbitis_farsilibus,oleum,oil,Undirected,4,5,3,Plants
B04C005S03,gustum_de_cucurbitis_farsilibus,vinum,wine,Undirected,4,5,3,Alcoholic Beverages
B04C005S03,gustum_de_cucurbitis_farsilibus,ovum,eggs,Undirected,4,5,3,Dairy
B04C005S03,gustum_de_cucurbitis_farsilibus,amulum,roux,Undirected,4,5,3,Cereals
B04C005S03,gustum_de_cucurbitis_farsilibus,cucurbita,gourd,Undirected,4,5,3,Vegetables
B04C005S03,gustum_de_cucurbitis_farsilibus,ligusticum,lovage,Undirected,4,5,3,Herbs
B04C005S03,gustum_de_cucurbitis_farsilibus,cerebrum,brain,Undirected,4,5,3,Meat
B04C005S04,gustum_de_praecoquis,piper,pepper,Undirected,4,5,4,Spices
B04C005S04,gustum_de_praecoquis,liquamen,liquamen,Undirected,4,5,4,Additive
B04C005S04,gustum_de_praecoquis,acetum,vinegar,Undirected,4,5,4,Additive
B04C005S04,gustum_de_praecoquis,mel,honey,Undirected,4,5,4,Additive
B04C005S04,gustum_de_praecoquis,passum,raisin wine,Undirected,4,5,4,Alcoholic Beverages
B04C005S04,gustum_de_praecoquis,oleum,oil,Undirected,4,5,4,Plants
B04C005S04,gustum_de_praecoquis,vinum,wine,Undirected,4,5,4,Alcoholic Beverages
B04C005S04,gustum_de_praecoquis,amulum,roux,Undirected,4,5,4,Cereals
B04C005S04,gustum_de_praecoquis,persica,peach,Undirected,4,5,4,Fruit
B04C005S04,gustum_de_praecoquis,menta,mint,Undirected,4,5,4,Herbs
B04C005S04,gustum_de_praecoquis,praecoquis,apricots,Undirected,4,5,4,Fruit
B05C001S01,pultes_julianae,piper,pepper,Undirected,5,1,1,Spices
B05C001S01,pultes_julianae,foeniculum,fennel,Undirected,5,1,1,Herbs
B05C001S01,pultes_julianae,liquamen,liquamen,Undirected,5,1,1,Additive
B05C001S01,pultes_julianae,oleum,oil,Undirected,5,1,1,Plants
B05C001S01,pultes_julianae,vinum,wine,Undirected,5,1,1,Alcoholic Beverages
B05C001S01,pultes_julianae,ligusticum,lovage,Undirected,5,1,1,Herbs
B05C001S01,pultes_julianae,cerebrum,brain,Undirected,5,1,1,Meat
B05C001S01,pultes_julianae,isicium,isicium,Undirected,5,1,1,Meat
B05C001S01,pultes_julianae,alica,spelt / emmer wheat,Undirected,5,1,1,Cereals
B05C001S02,pultes_cum_iure_oenococti,simila,fine flour,Undirected,5,1,2,Cereals
B05C001S02,pultes_cum_iure_oenococti,porcus,pork,Undirected,5,1,2,Meat
B05C001S02,pultes_cum_iure_oenococti,alica,spelt / emmer wheat,Undirected,5,1,2,Cereals
B05C001S02,pultes_cum_iure_oenococti,oenogarum,oenogarum,Undirected,5,1,2,Additive
B05C001S03,pultes_tractogalatae,sal,salt,Undirected,5,1,3,Additive
B05C001S03,pultes_tractogalatae,mel,honey,Undirected,5,1,3,Additive
B05C001S03,pultes_tractogalatae,oleum,oil,Undirected,5,1,3,Plants
B05C001S03,pultes_tractogalatae,lac,milk,Undirected,5,1,3,Dairy
B05C001S03,pultes_tractogalatae,agnus,lamb,Undirected,5,1,3,Meat
B05C001S03,pultes_tractogalatae,mustum,must / grape must (mustum),Undirected,5,1,3,Additive
B05C001S04,pultes_aliter_1,piper,pepper,Undirected,5,1,4,Spices
B05C001S04,pultes_aliter_1,foeniculum,fennel,Undirected,5,1,4,Herbs
B05C001S04,pultes_aliter_1,liquamen,liquamen,Undirected,5,1,4,Additive
B05C001S04,pultes_aliter_1,oleum,oil,Undirected,5,1,4,Plants
B05C001S04,pultes_aliter_1,ligusticum,lovage,Undirected,5,1,4,Herbs
B05C001S04,pultes_aliter_1,cerebrum,brain,Undirected,5,1,4,Meat
B05C001S04,pultes_aliter_1,isicium,isicium,Undirected,5,1,4,Meat
B05C001S04,pultes_aliter_1,merum,pure wine,Undirected,5,1,4,Alcoholic Beverages
B05C001S04,pultes_aliter_1,alica,spelt / emmer wheat,Undirected,5,1,4,Cereals
B05C002S01,lenticula,piper,pepper,Undirected,5,2,1,Spices
B05C002S01,lenticula,cuminum,cumin,Undirected,5,2,1,Spices
B05C002S01,lenticula,coriandrum,coriander,Undirected,5,2,1,Herbs
B05C002S01,lenticula,ruta,rue,Undirected,5,2,1,Herbs
B05C002S01,lenticula,liquamen,liquamen,Undirected,5,2,1,Additive
B05C002S01,lenticula,acetum,vinegar,Undirected,5,2,1,Additive
B05C002S01,lenticula,mel,honey,Undirected,5,2,1,Additive
B05C002S01,lenticula,oleum,oil,Undirected,5,2,1,Plants
B05C002S01,lenticula,menta,mint,Undirected,5,2,1,Herbs
B05C002S01,lenticula,pulegium,pennyroyal,Undirected,5,2,1,Herbs
B05C002S01,lenticula,defritum,defritum,Undirected,5,2,1,Additive
B05C002S01,lenticula,sphondylus,hogweed,Undirected,5,2,1,Plants
B05C002S01,lenticula,lenticula,lentils,Undirected,5,2,1,Legumes
B05C002S02,lenticulam_de_castaneis,piper,pepper,Undirected,5,2,2,Spices
B05C002S02,lenticulam_de_castaneis,cuminum,cumin,Undirected,5,2,2,Spices
B05C002S02,lenticulam_de_castaneis,coriandrum,coriander,Undirected,5,2,2,Herbs
B05C002S02,lenticulam_de_castaneis,laser,laser,Undirected,5,2,2,Spices
B05C002S02,lenticulam_de_castaneis,nitrum,soda,Undirected,5,2,2,Additive
B05C002S02,lenticulam_de_castaneis,ruta,rue,Undirected,5,2,2,Herbs
B05C002S02,lenticulam_de_castaneis,liquamen,liquamen,Undirected,5,2,2,Additive
B05C002S02,lenticulam_de_castaneis,acetum,vinegar,Undirected,5,2,2,Additive
B05C002S02,lenticulam_de_castaneis,mel,honey,Undirected,5,2,2,Additive
B05C002S02,lenticulam_de_castaneis,oleum,oil,Undirected,5,2,2,Plants
B05C002S02,lenticulam_de_castaneis,menta,mint,Undirected,5,2,2,Herbs
B05C002S02,lenticulam_de_castaneis,castanea,chestnut,Undirected,5,2,2,Nuts & Seeds
B05C002S02,lenticulam_de_castaneis,lenticula,lentils,Undirected,5,2,2,Legumes
B05C002S02,lenticulam_de_castaneis,pulegium,pennyroyal,Undirected,5,2,2,Herbs
B05C002S03,lenticulam_de_castaneis_aliter_lenticula,piper,pepper,Undirected,5,2,3,Spices
B05C002S03,lenticulam_de_castaneis_aliter_lenticula,coriandrum,coriander,Undirected,5,2,3,Herbs
B05C002S03,lenticulam_de_castaneis_aliter_lenticula,laser,laser,Undirected,5,2,3,Spices
B05C002S03,lenticulam_de_castaneis_aliter_lenticula,ruta,rue,Undirected,5,2,3,Herbs
B05C002S03,lenticulam_de_castaneis_aliter_lenticula,porrum,leeks,Undirected,5,2,3,Vegetables
B05C002S03,lenticulam_de_castaneis_aliter_lenticula,liquamen,liquamen,Undirected,5,2,3,Additive
B05C002S03,lenticulam_de_castaneis_aliter_lenticula,acetum,vinegar,Undirected,5,2,3,Additive
B05C002S03,lenticulam_de_castaneis_aliter_lenticula,mel,honey,Undirected,5,2,3,Additive
B05C002S03,lenticulam_de_castaneis_aliter_lenticula,oleum,oil,Undirected,5,2,3,Plants
B05C002S03,lenticulam_de_castaneis_aliter_lenticula,amulum,roux,Undirected,5,2,3,Cereals
B05C002S03,lenticulam_de_castaneis_aliter_lenticula,menta,mint,Undirected,5,2,3,Herbs
B05C002S03,lenticulam_de_castaneis_aliter_lenticula,lenticula,lentils,Undirected,5,2,3,Legumes
B05C002S03,lenticulam_de_castaneis_aliter_lenticula,defritum,defritum,Undirected,5,2,3,Additive
B05C002S03,lenticulam_de_castaneis_aliter_lenticula,pulegium,pennyroyal,Undirected,5,2,3,Herbs
B05C003S01,pisa,piper,pepper,Undirected,5,3,1,Spices
B05C003S01,pisa,cuminum,cumin,Undirected,5,3,1,Spices
B05C003S01,pisa,coriandrum,coriander,Undirected,5,3,1,Herbs
B05C003S01,pisa,anethum,dill,Undirected,5,3,1,Herbs
B05C003S01,pisa,ocimum,basil,Undirected,5,3,1,Herbs
B05C003S01,pisa,carum,caraway,Undirected,5,3,1,Spices
B05C003S01,pisa,porrum,leeks,Undirected,5,3,1,Vegetables
B05C003S01,pisa,liquamen,liquamen,Undirected,5,3,1,Additive
B05C003S01,pisa,vinum,wine,Undirected,5,3,1,Alcoholic Beverages
B05C003S01,pisa,ligusticum,lovage,Undirected,5,3,1,Herbs
B05C003S01,pisa,pisum,peas,Undirected,5,3,1,Legumes
B05C003S02,pisam_farsilem,piper,pepper,Undirected,5,3,2,Spices
B05C003S02,pisam_farsilem,coriandrum,coriander,Undirected,5,3,2,Herbs
B05C003S02,pisam_farsilem,origanum,oregano,Undirected,5,3,2,Herbs
B05C003S02,pisam_farsilem,zingiber,ginger,Undirected,5,3,2,Spices
B05C003S02,pisam_farsilem,porrum,leeks,Undirected,5,3,2,Vegetables
B05C003S02,pisam_farsilem,liquamen,liquamen,Undirected,5,3,2,Additive
B05C003S02,pisam_farsilem,mel,honey,Undirected,5,3,2,Additive
B05C003S02,pisam_farsilem,oleum,oil,Undirected,5,3,2,Plants
B05C003S02,pisam_farsilem,vinum,wine,Undirected,5,3,2,Alcoholic Beverages
B05C003S02,pisam_farsilem,ovum,eggs,Undirected,5,3,2,Dairy
B05C003S02,pisam_farsilem,pullus,chicken,Undirected,5,3,2,Meat
B05C003S02,pisam_farsilem,turdus,thrush,Undirected,5,3,2,Meat
B05C003S02,pisam_farsilem,ligusticum,lovage,Undirected,5,3,2,Herbs
B05C003S02,pisam_farsilem,nucleus,pine nuts,Undirected,5,3,2,Nuts & Seeds
B05C003S02,pisam_farsilem,porcus,pork,Undirected,5,3,2,Meat
B05C003S02,pisam_farsilem,pisum,peas,Undirected,5,3,2,Legumes
B05C003S02,pisam_farsilem,cerebrum,brain,Undirected,5,3,2,Meat
B05C003S02,pisam_farsilem,lardum,bacon/fat,Undirected,5,3,2,Meat
B05C003S02,pisam_farsilem,isicium,isicium,Undirected,5,3,2,Meat
B05C003S02,pisam_farsilem,lucanica,lucanian sausage,Undirected,5,3,2,Meat
B05C003S02,pisam_farsilem,nucleus,pine nuts,Undirected,5,3,2,Nuts & Seeds
B05C003S02,pisam_farsilem,omentum,caul,Undirected,5,3,2,Meat
B05C003S02,pisam_farsilem,sus,pig / pork (sus),Undirected,5,3,2,Meat
B05C003S03,pisam_indiciam,piper,pepper,Undirected,5,3,3,Spices
B05C003S03,pisam_indiciam,coriandrum,coriander,Undirected,5,3,3,Herbs
B05C003S03,pisam_indiciam,origanum,oregano,Undirected,5,3,3,Herbs
B05C003S03,pisam_indiciam,carum,caraway,Undirected,5,3,3,Spices
B05C003S03,pisam_indiciam,porrum,leeks,Undirected,5,3,3,Vegetables
B05C003S03,pisam_indiciam,liquamen,liquamen,Undirected,5,3,3,Additive
B05C003S03,pisam_indiciam,passum,raisin wine,Undirected,5,3,3,Alcoholic Beverages
B05C003S03,pisam_indiciam,oleum,oil,Undirected,5,3,3,Plants
B05C003S03,pisam_indiciam,vinum,wine,Undirected,5,3,3,Alcoholic Beverages
B05C003S03,pisam_indiciam,sepia,cuttlefish,Undirected,5,3,3,Seafood
B05C003S03,pisam_indiciam,ligusticum,lovage,Undirected,5,3,3,Herbs
B05C003S03,pisam_indiciam,pisum,peas,Undirected,5,3,3,Legumes
B05C003S04,pisam_indiciam_aliter,cepa,onion,Undirected,5,3,4,Vegetables
B05C003S04,pisam_indiciam_aliter,acetum,vinegar,Undirected,5,3,4,Additive
B05C003S04,pisam_indiciam_aliter,sal,salt,Undirected,5,3,4,Additive
B05C003S04,pisam_indiciam_aliter,oleum,oil,Undirected,5,3,4,Plants
B05C003S04,pisam_indiciam_aliter,ovum,eggs,Undirected,5,3,4,Dairy
B05C003S04,pisam_indiciam_aliter,pisum,peas,Undirected,5,3,4,Legumes
B05C003S05,pisam_vitellianum_sive_fabam,piper,pepper,Undirected,5,3,5,Spices
B05C003S05,pisam_vitellianum_sive_fabam,zingiber,ginger,Undirected,5,3,5,Spices
B05C003S05,pisam_vitellianum_sive_fabam,liquamen,liquamen,Undirected,5,3,5,Additive
B05C003S05,pisam_vitellianum_sive_fabam,acetum,vinegar,Undirected,5,3,5,Additive
B05C003S05,pisam_vitellianum_sive_fabam,mel,honey,Undirected,5,3,5,Additive
B05C003S05,pisam_vitellianum_sive_fabam,oleum,oil,Undirected,5,3,5,Plants
B05C003S05,pisam_vitellianum_sive_fabam,vinum,wine,Undirected,5,3,5,Alcoholic Beverages
B05C003S05,pisam_vitellianum_sive_fabam,ovum,eggs,Undirected,5,3,5,Dairy
B05C003S05,pisam_vitellianum_sive_fabam,faba,bean,Undirected,5,3,5,Legumes
B05C003S05,pisam_vitellianum_sive_fabam,ligusticum,lovage,Undirected,5,3,5,Herbs
B05C003S05,pisam_vitellianum_sive_fabam,pisum,peas,Undirected,5,3,5,Legumes
B05C003S06,pisam_vitellianum_sive_fabam_aliter_1,piper,pepper,Undirected,5,3,6,Spices
B05C003S06,pisam_vitellianum_sive_fabam_aliter_1,cuminum,cumin,Undirected,5,3,6,Spices
B05C003S06,pisam_vitellianum_sive_fabam_aliter_1,ruta,rue,Undirected,5,3,6,Herbs
B05C003S06,pisam_vitellianum_sive_fabam_aliter_1,apium,celery (celery seed),Undirected,5,3,6,Herbs
B05C003S06,pisam_vitellianum_sive_fabam_aliter_1,liquamen,liquamen,Undirected,5,3,6,Additive
B05C003S06,pisam_vitellianum_sive_fabam_aliter_1,mel,honey,Undirected,5,3,6,Additive
B05C003S06,pisam_vitellianum_sive_fabam_aliter_1,caroenum,caroenum,Undirected,5,3,6,Additive
B05C003S06,pisam_vitellianum_sive_fabam_aliter_1,oleum,oil,Undirected,5,3,6,Plants
B05C003S06,pisam_vitellianum_sive_fabam_aliter_1,vinum,wine,Undirected,5,3,6,Alcoholic Beverages
B05C003S06,pisam_vitellianum_sive_fabam_aliter_1,faba,bean,Undirected,5,3,6,Legumes
B05C003S06,pisam_vitellianum_sive_fabam_aliter_1,pisum,peas,Undirected,5,3,6,Legumes
B05C003S06,pisam_vitellianum_sive_fabam_aliter_1,isicium,isicium,Undirected,5,3,6,Meat
B05C003S07,pisam_vitellianum_sive_fabam_aliter_2,laser,laser,Undirected,5,3,7,Spices
B05C003S07,pisam_vitellianum_sive_fabam_aliter_2,liquamen,liquamen,Undirected,5,3,7,Additive
B05C003S07,pisam_vitellianum_sive_fabam_aliter_2,caroenum,caroenum,Undirected,5,3,7,Additive
B05C003S07,pisam_vitellianum_sive_fabam_aliter_2,oleum,oil,Undirected,5,3,7,Plants
B05C003S07,pisam_vitellianum_sive_fabam_aliter_2,faba,bean,Undirected,5,3,7,Legumes
B05C003S07,pisam_vitellianum_sive_fabam_aliter_2,pisum,peas,Undirected,5,3,7,Legumes
B05C003S08,pisam_adulteram_versatilem,piper,pepper,Undirected,5,3,8,Spices
B05C003S08,pisam_adulteram_versatilem,coriandrum,coriander,Undirected,5,3,8,Herbs
B05C003S08,pisam_adulteram_versatilem,porrum,leeks,Undirected,5,3,8,Vegetables
B05C003S08,pisam_adulteram_versatilem,liquamen,liquamen,Undirected,5,3,8,Additive
B05C003S08,pisam_adulteram_versatilem,oleum,oil,Undirected,5,3,8,Plants
B05C003S08,pisam_adulteram_versatilem,pullus,chicken,Undirected,5,3,8,Meat
B05C003S08,pisam_adulteram_versatilem,turdus,thrush,Undirected,5,3,8,Meat
B05C003S08,pisam_adulteram_versatilem,ligusticum,lovage,Undirected,5,3,8,Herbs
B05C003S08,pisam_adulteram_versatilem,cerebrum,brain,Undirected,5,3,8,Meat
B05C003S08,pisam_adulteram_versatilem,pisum,peas,Undirected,5,3,8,Legumes
B05C003S08,pisam_adulteram_versatilem,lucanica,lucanian sausage,Undirected,5,3,8,Meat
B05C003S08,pisam_adulteram_versatilem,iecur,liver,Undirected,5,3,8,Meat
B05C003S08,pisam_adulteram_versatilem,gigeria,gizzard,Undirected,5,3,8,Meat
B05C003S09,pisam_sive_fabam_vitellianam,piper,pepper,Undirected,5,3,9,Spices
B05C003S09,pisam_sive_fabam_vitellianam,coriandrum,coriander,Undirected,5,3,9,Herbs
B05C003S09,pisam_sive_fabam_vitellianam,origanum,oregano,Undirected,5,3,9,Herbs
B05C003S09,pisam_sive_fabam_vitellianam,foeniculum,fennel,Undirected,5,3,9,Herbs
B05C003S09,pisam_sive_fabam_vitellianam,porrum,leeks,Undirected,5,3,9,Vegetables
B05C003S09,pisam_sive_fabam_vitellianam,liquamen,liquamen,Undirected,5,3,9,Additive
B05C003S09,pisam_sive_fabam_vitellianam,oleum,oil,Undirected,5,3,9,Plants
B05C003S09,pisam_sive_fabam_vitellianam,vinum,wine,Undirected,5,3,9,Alcoholic Beverages
B05C003S09,pisam_sive_fabam_vitellianam,faba,bean,Undirected,5,3,9,Legumes
B05C003S09,pisam_sive_fabam_vitellianam,ligusticum,lovage,Undirected,5,3,9,Herbs
B05C003S09,pisam_sive_fabam_vitellianam,flores_malvae,mallow flower,Undirected,5,3,9,Flowers
B05C003S09,pisam_sive_fabam_vitellianam,pisum,peas,Undirected,5,3,9,Legumes
B05C003S09,pisam_sive_fabam_vitellianam,malva,mallows,Undirected,5,3,9,Vegetables
B05C003S09,pisam_sive_fabam_vitellianam,folia_malvae,mallow leaves,Undirected,5,3,9,Vegetables
B05C004S01,conchicla,piper,pepper,Undirected,5,4,1,Spices
B05C004S01,conchicla,cuminum,cumin,Undirected,5,4,1,Spices
B05C004S01,conchicla,coriandrum,coriander,Undirected,5,4,1,Herbs
B05C004S01,conchicla,liquamen,liquamen,Undirected,5,4,1,Additive
B05C004S01,conchicla,oleum,oil,Undirected,5,4,1,Plants
B05C004S01,conchicla,vinum,wine,Undirected,5,4,1,Alcoholic Beverages
B05C004S01,conchicla,faba,bean,Undirected,5,4,1,Legumes
B05C004S01,conchicla,ligusticum,lovage,Undirected,5,4,1,Herbs
B05C004S02,conchiclam_apicianum,piper,pepper,Undirected,5,4,2,Spices
B05C004S02,conchiclam_apicianum,coriandrum,coriander,Undirected,5,4,2,Herbs
B05C004S02,conchiclam_apicianum,anethum,dill,Undirected,5,4,2,Herbs
B05C004S02,conchiclam_apicianum,cepa,onion,Undirected,5,4,2,Vegetables
B05C004S02,conchiclam_apicianum,liquamen,liquamen,Undirected,5,4,2,Additive
B05C004S02,conchiclam_apicianum,oleum,oil,Undirected,5,4,2,Plants
B05C004S02,conchiclam_apicianum,vinum,wine,Undirected,5,4,2,Alcoholic Beverages
B05C004S02,conchiclam_apicianum,ligusticum,lovage,Undirected,5,4,2,Herbs
B05C004S02,conchiclam_apicianum,porcus,pork,Undirected,5,4,2,Meat
B05C004S02,conchiclam_apicianum,origanum,oregano,Undirected,5,4,2,Herbs
B05C004S02,conchiclam_apicianum,isicium,isicium,Undirected,5,4,2,Meat
B05C004S02,conchiclam_apicianum,lucanica,lucanian sausage,Undirected,5,4,2,Meat
B05C004S02,conchiclam_apicianum,pisum,peas,Undirected,5,4,2,Legumes
B05C004S03,conchiclam_de_pisa_simplici,piper,pepper,Undirected,5,4,3,Spices
B05C004S03,conchiclam_de_pisa_simplici,coriandrum,coriander,Undirected,5,4,3,Herbs
B05C004S03,conchiclam_de_pisa_simplici,origanum,oregano,Undirected,5,4,3,Herbs
B05C004S03,conchiclam_de_pisa_simplici,porrum,leeks,Undirected,5,4,3,Vegetables
B05C004S03,conchiclam_de_pisa_simplici,liquamen,liquamen,Undirected,5,4,3,Additive
B05C004S03,conchiclam_de_pisa_simplici,oleum,oil,Undirected,5,4,3,Plants
B05C004S03,conchiclam_de_pisa_simplici,vinum,wine,Undirected,5,4,3,Alcoholic Beverages
B05C004S03,conchiclam_de_pisa_simplici,ligusticum,lovage,Undirected,5,4,3,Herbs
B05C004S03,conchiclam_de_pisa_simplici,pisum,peas,Undirected,5,4,3,Legumes
B05C004S04,conchicla_commodiana,piper,pepper,Undirected,5,4,4,Spices
B05C004S04,conchicla_commodiana,anethum,dill,Undirected,5,4,4,Herbs
B05C004S04,conchicla_commodiana,cepa,onion,Undirected,5,4,4,Vegetables
B05C004S04,conchicla_commodiana,liquamen,liquamen,Undirected,5,4,4,Additive
B05C004S04,conchicla_commodiana,vinum,wine,Undirected,5,4,4,Alcoholic Beverages
B05C004S04,conchicla_commodiana,ovum,eggs,Undirected,5,4,4,Dairy
B05C004S04,conchicla_commodiana,ligusticum,lovage,Undirected,5,4,4,Herbs
B05C004S04,conchicla_commodiana,pisum,peas,Undirected,5,4,4,Legumes
B05C004S05,conchicla_commodiana_aliter,piper,pepper,Undirected,5,4,5,Spices
B05C004S05,conchicla_commodiana_aliter,cuminum,cumin,Undirected,5,4,5,Spices
B05C004S05,conchicla_commodiana_aliter,coriandrum,coriander,Undirected,5,4,5,Herbs
B05C004S05,conchicla_commodiana_aliter,cepa,onion,Undirected,5,4,5,Vegetables
B05C004S05,conchicla_commodiana_aliter,liquamen,liquamen,Undirected,5,4,5,Additive
B05C004S05,conchicla_commodiana_aliter,oleum,oil,Undirected,5,4,5,Plants
B05C004S05,conchicla_commodiana_aliter,vinum,wine,Undirected,5,4,5,Alcoholic Beverages
B05C004S05,conchicla_commodiana_aliter,ovum,eggs,Undirected,5,4,5,Dairy
B05C004S05,conchicla_commodiana_aliter,pullus,chicken,Undirected,5,4,5,Meat
B05C004S05,conchicla_commodiana_aliter,nucleus,pine nuts,Undirected,5,4,5,Nuts & Seeds
B05C004S05,conchicla_commodiana_aliter,cerebrum,brain,Undirected,5,4,5,Meat
B05C004S05,conchicla_commodiana_aliter,pisum,peas,Undirected,5,4,5,Legumes
B05C004S05,conchicla_commodiana_aliter,nucleus,pine nuts,Undirected,5,4,5,Nuts & Seeds
B05C004S06,conchicla_commodiana_aliter_conchiclatus,piper,pepper,Undirected,5,4,6,Spices
B05C004S06,conchicla_commodiana_aliter_conchiclatus,origanum,oregano,Undirected,5,4,6,Herbs
B05C004S06,conchicla_commodiana_aliter_conchiclatus,zingiber,ginger,Undirected,5,4,6,Spices
B05C004S06,conchicla_commodiana_aliter_conchiclatus,liquamen,liquamen,Undirected,5,4,6,Additive
B05C004S06,conchicla_commodiana_aliter_conchiclatus,passum,raisin wine,Undirected,5,4,6,Alcoholic Beverages
B05C004S06,conchicla_commodiana_aliter_conchiclatus,vinum,wine,Undirected,5,4,6,Alcoholic Beverages
B05C004S06,conchicla_commodiana_aliter_conchiclatus,porcus,pork,Undirected,5,4,6,Meat
B05C004S06,conchicla_commodiana_aliter_conchiclatus,pullus,chicken,Undirected,5,4,6,Meat
B05C004S06,conchicla_commodiana_aliter_conchiclatus,ligusticum,lovage,Undirected,5,4,6,Herbs
B05C004S06,conchicla_commodiana_aliter_conchiclatus,pisum,peas,Undirected,5,4,6,Legumes
B05C004S06,conchicla_commodiana_aliter_conchiclatus,cerebrum,brain,Undirected,5,4,6,Meat
B05C004S06,conchicla_commodiana_aliter_conchiclatus,lucanica,lucanian sausage,Undirected,5,4,6,Meat
B05C004S06,conchicla_commodiana_aliter_conchiclatus,omentum,caul,Undirected,5,4,6,Meat
B05C005S01,tisanam_et_alicam,piper,pepper,Undirected,5,5,1,Spices
B05C005S01,tisanam_et_alicam,cuminum,cumin,Undirected,5,5,1,Spices
B05C005S01,tisanam_et_alicam,coriandrum,coriander,Undirected,5,5,1,Herbs
B05C005S01,tisanam_et_alicam,anethum,dill,Undirected,5,5,1,Herbs
B05C005S01,tisanam_et_alicam,silphium,silphium,Undirected,5,5,1,Spices
B05C005S01,tisanam_et_alicam,satureia,savory,Undirected,5,5,1,Herbs
B05C005S01,tisanam_et_alicam,cepa,onion,Undirected,5,5,1,Vegetables
B05C005S01,tisanam_et_alicam,liquamen,liquamen,Undirected,5,5,1,Additive
B05C005S01,tisanam_et_alicam,acetum,vinegar,Undirected,5,5,1,Additive
B05C005S01,tisanam_et_alicam,sal,salt,Undirected,5,5,1,Additive
B05C005S01,tisanam_et_alicam,mel,honey,Undirected,5,5,1,Additive
B05C005S01,tisanam_et_alicam,oleum,oil,Undirected,5,5,1,Plants
B05C005S01,tisanam_et_alicam,ligusticum,lovage,Undirected,5,5,1,Herbs
B05C005S01,tisanam_et_alicam,alica,spelt / emmer wheat,Undirected,5,5,1,Cereals
B05C005S01,tisanam_et_alicam,defritum,defritum,Undirected,5,5,1,Additive
B05C005S01,tisanam_et_alicam,pulegium,pennyroyal,Undirected,5,5,1,Herbs
B05C005S01,tisanam_et_alicam,tisana,barley grain,Undirected,5,5,1,Cereals
B05C005S01,tisanam_et_alicam,sphondylus,hogweed,Undirected,5,5,1,Plants
B05C005S02,tisanam_et_alicam_aliter_tisanam_1,coriandrum,coriander,Undirected,5,5,2,Herbs
B05C005S02,tisanam_et_alicam_aliter_tisanam_1,anethum,dill,Undirected,5,5,2,Herbs
B05C005S02,tisanam_et_alicam_aliter_tisanam_1,origanum,oregano,Undirected,5,5,2,Herbs
B05C005S02,tisanam_et_alicam_aliter_tisanam_1,foeniculum,fennel,Undirected,5,5,2,Herbs
B05C005S02,tisanam_et_alicam_aliter_tisanam_1,silphium,silphium,Undirected,5,5,2,Spices
B05C005S02,tisanam_et_alicam_aliter_tisanam_1,porrum,leeks,Undirected,5,5,2,Vegetables
B05C005S02,tisanam_et_alicam_aliter_tisanam_1,liquamen,liquamen,Undirected,5,5,2,Additive
B05C005S02,tisanam_et_alicam_aliter_tisanam_1,oleum,oil,Undirected,5,5,2,Plants
B05C005S02,tisanam_et_alicam_aliter_tisanam_1,cicer,chickpea,Undirected,5,5,2,Legumes
B05C005S02,tisanam_et_alicam_aliter_tisanam_1,beta,beet,Undirected,5,5,2,Vegetables
B05C005S02,tisanam_et_alicam_aliter_tisanam_1,malva,mallows,Undirected,5,5,2,Vegetables
B05C005S02,tisanam_et_alicam_aliter_tisanam_1,ligusticum,lovage,Undirected,5,5,2,Herbs
B05C005S02,tisanam_et_alicam_aliter_tisanam_1,alica,spelt / emmer wheat,Undirected,5,5,2,Cereals
B05C005S02,tisanam_et_alicam_aliter_tisanam_1,lenticula,lentils,Undirected,5,5,2,Legumes
B05C005S02,tisanam_et_alicam_aliter_tisanam_1,pisum,peas,Undirected,5,5,2,Legumes
B05C005S02,tisanam_et_alicam_aliter_tisanam_1,folia_cauliculorum,cabbage,Undirected,5,5,2,Vegetables
B05C005S02,tisanam_et_alicam_aliter_tisanam_1,tisana,barley grain,Undirected,5,5,2,Cereals
B05C006S01,fabaciae_uirides_et_baianae,cuminum,cumin,Undirected,5,6,1,Spices
B05C006S01,fabaciae_uirides_et_baianae,coriandrum,coriander,Undirected,5,6,1,Herbs
B05C006S01,fabaciae_uirides_et_baianae,porrum,leeks,Undirected,5,6,1,Vegetables
B05C006S01,fabaciae_uirides_et_baianae,liquamen,liquamen,Undirected,5,6,1,Additive
B05C006S01,fabaciae_uirides_et_baianae,oleum,oil,Undirected,5,6,1,Plants
B05C006S01,fabaciae_uirides_et_baianae,faba,bean,Undirected,5,6,1,Legumes
B05C006S02,fabaciae_uirides_et_baianae_aliter_1,liquamen,liquamen,Undirected,5,6,2,Additive
B05C006S02,fabaciae_uirides_et_baianae_aliter_1,faba,bean,Undirected,5,6,2,Legumes
B05C006S03,fabaciae_uirides_et_baianae_aliter_2,cuminum,cumin,Undirected,5,6,3,Spices
B05C006S03,fabaciae_uirides_et_baianae_aliter_2,sinapis,mustard,Undirected,5,6,3,Spices
B05C006S03,fabaciae_uirides_et_baianae_aliter_2,ruta,rue,Undirected,5,6,3,Herbs
B05C006S03,fabaciae_uirides_et_baianae_aliter_2,acetum,vinegar,Undirected,5,6,3,Additive
B05C006S03,fabaciae_uirides_et_baianae_aliter_2,mel,honey,Undirected,5,6,3,Additive
B05C006S03,fabaciae_uirides_et_baianae_aliter_2,nucleus,pine nuts,Undirected,5,6,3,Nuts & Seeds
B05C006S03,fabaciae_uirides_et_baianae_aliter_2,faba,bean,Undirected,5,6,3,Legumes
B05C006S04,baianas_elixas_minutatim_concidis,ruta,rue,Undirected,5,6,4,Herbs
B05C006S04,baianas_elixas_minutatim_concidis,apium,celery (celery seed),Undirected,5,6,4,Herbs
B05C006S04,baianas_elixas_minutatim_concidis,porrum,leeks,Undirected,5,6,4,Vegetables
B05C006S04,baianas_elixas_minutatim_concidis,liquamen,liquamen,Undirected,5,6,4,Additive
B05C006S04,baianas_elixas_minutatim_concidis,acetum,vinegar,Undirected,5,6,4,Additive
B05C006S04,baianas_elixas_minutatim_concidis,passum,raisin wine,Undirected,5,6,4,Alcoholic Beverages
B05C006S04,baianas_elixas_minutatim_concidis,caroenum,caroenum,Undirected,5,6,4,Additive
B05C006S04,baianas_elixas_minutatim_concidis,oleum,oil,Undirected,5,6,4,Plants
B05C006S04,baianas_elixas_minutatim_concidis,faba,bean,Undirected,5,6,4,Legumes
B05C007S01,faenum_graecum,liquamen,liquamen,Undirected,5,7,1,Additive
B05C007S01,faenum_graecum,oleum,oil,Undirected,5,7,1,Plants
B05C007S01,faenum_graecum,vinum,wine,Undirected,5,7,1,Alcoholic Beverages
B05C007S01,faenum_graecum,faenum_graecum,fenugreek,Undirected,5,7,1,Spices
B05C008S01,faseoli_et_cicer,cuminum,cumin,Undirected,5,8,1,Spices
B05C008S01,faseoli_et_cicer,sal,salt,Undirected,5,8,1,Additive
B05C008S01,faseoli_et_cicer,oleum,oil,Undirected,5,8,1,Plants
B05C008S01,faseoli_et_cicer,cicer,chickpea,Undirected,5,8,1,Legumes
B05C008S01,faseoli_et_cicer,merum,pure wine,Undirected,5,8,1,Alcoholic Beverages
B05C008S01,faseoli_et_cicer,faba,bean,Undirected,5,8,1,Legumes
B05C008S02,faseoli_et_cicer_aliter_faseolus_sive_ci,piper,pepper,Undirected,5,8,2,Spices
B05C008S02,faseoli_et_cicer_aliter_faseolus_sive_ci,foeniculum,fennel,Undirected,5,8,2,Herbs
B05C008S02,faseoli_et_cicer_aliter_faseolus_sive_ci,liquamen,liquamen,Undirected,5,8,2,Additive
B05C008S02,faseoli_et_cicer_aliter_faseolus_sive_ci,caroenum,caroenum,Undirected,5,8,2,Additive
B05C008S02,faseoli_et_cicer_aliter_faseolus_sive_ci,cicer,chickpea,Undirected,5,8,2,Legumes
B05C008S02,faseoli_et_cicer_aliter_faseolus_sive_ci,oenogarum,oenogarum,Undirected,5,8,2,Additive
B05C008S02,faseoli_et_cicer_aliter_faseolus_sive_ci,ovum,eggs,Undirected,5,8,2,Dairy
B06C001S01,in_struthione,piper,pepper,Undirected,6,1,1,Spices
B06C001S01,in_struthione,cuminum,cumin,Undirected,6,1,1,Spices
B06C001S01,in_struthione,apium,celery (celery seed),Undirected,6,1,1,Herbs
B06C001S01,in_struthione,liquamen,liquamen,Undirected,6,1,1,Additive
B06C001S01,in_struthione,acetum,vinegar,Undirected,6,1,1,Additive
B06C001S01,in_struthione,mel,honey,Undirected,6,1,1,Additive
B06C001S01,in_struthione,passum,raisin wine,Undirected,6,1,1,Alcoholic Beverages
B06C001S01,in_struthione,oleum,oil,Undirected,6,1,1,Plants
B06C001S01,in_struthione,amulum,roux,Undirected,6,1,1,Cereals
B06C001S01,in_struthione,palmula,dates,Undirected,6,1,1,Fruit
B06C001S01,in_struthione,menta,mint,Undirected,6,1,1,Herbs
B06C001S01,in_struthione,porrum,leeks,Undirected,6,1,1,Vegetables
B06C001S01,in_struthione,struthio,ostrich,Undirected,6,1,1,Meat
B06C001S01,in_struthione,cariota,date,Undirected,6,1,1,Fruit
B06C001S01,in_struthione,alica,spelt / emmer wheat,Undirected,6,1,1,Cereals
B06C001S02,in_struthione_aliter_in_struthione_elixo,piper,pepper,Undirected,6,1,2,Spices
B06C001S02,in_struthione_aliter_in_struthione_elixo,thymum,thyme,Undirected,6,1,2,Herbs
B06C001S02,in_struthione_aliter_in_struthione_elixo,satureia,savory,Undirected,6,1,2,Herbs
B06C001S02,in_struthione_aliter_in_struthione_elixo,liquamen,liquamen,Undirected,6,1,2,Additive
B06C001S02,in_struthione_aliter_in_struthione_elixo,acetum,vinegar,Undirected,6,1,2,Additive
B06C001S02,in_struthione_aliter_in_struthione_elixo,mel,honey,Undirected,6,1,2,Additive
B06C001S02,in_struthione_aliter_in_struthione_elixo,oleum,oil,Undirected,6,1,2,Plants
B06C001S02,in_struthione_aliter_in_struthione_elixo,ligusticum,lovage,Undirected,6,1,2,Herbs
B06C001S02,in_struthione_aliter_in_struthione_elixo,struthio,ostrich,Undirected,6,1,2,Meat
B06C001S02,in_struthione_aliter_in_struthione_elixo,sinapis,mustard,Undirected,6,1,2,Spices
B06C002S01,in_grue_uel_anate_perdice_turture_palumb,piper,pepper,Undirected,6,2,1,Spices
B06C002S01,in_grue_uel_anate_perdice_turture_palumb,cuminum,cumin,Undirected,6,2,1,Spices
B06C002S01,in_grue_uel_anate_perdice_turture_palumb,coriandrum,coriander,Undirected,6,2,1,Herbs
B06C002S01,in_grue_uel_anate_perdice_turture_palumb,anethum,dill,Undirected,6,2,1,Herbs
B06C002S01,in_grue_uel_anate_perdice_turture_palumb,origanum,oregano,Undirected,6,2,1,Herbs
B06C002S01,in_grue_uel_anate_perdice_turture_palumb,laser,laser,Undirected,6,2,1,Spices
B06C002S01,in_grue_uel_anate_perdice_turture_palumb,ruta,rue,Undirected,6,2,1,Herbs
B06C002S01,in_grue_uel_anate_perdice_turture_palumb,liquamen,liquamen,Undirected,6,2,1,Additive
B06C002S01,in_grue_uel_anate_perdice_turture_palumb,acetum,vinegar,Undirected,6,2,1,Additive
B06C002S01,in_grue_uel_anate_perdice_turture_palumb,sal,salt,Undirected,6,2,1,Additive
B06C002S01,in_grue_uel_anate_perdice_turture_palumb,mel,honey,Undirected,6,2,1,Additive
B06C002S01,in_grue_uel_anate_perdice_turture_palumb,caroenum,caroenum,Undirected,6,2,1,Additive
B06C002S01,in_grue_uel_anate_perdice_turture_palumb,oleum,oil,Undirected,6,2,1,Plants
B06C002S01,in_grue_uel_anate_perdice_turture_palumb,amulum,roux,Undirected,6,2,1,Cereals
B06C002S01,in_grue_uel_anate_perdice_turture_palumb,anas,duck,Undirected,6,2,1,Meat
B06C002S01,in_grue_uel_anate_perdice_turture_palumb,perdix,partridge,Undirected,6,2,1,Meat
B06C002S01,in_grue_uel_anate_perdice_turture_palumb,ligusticum,lovage,Undirected,6,2,1,Herbs
B06C002S01,in_grue_uel_anate_perdice_turture_palumb,grus,crane,Undirected,6,2,1,Meat
B06C002S01,in_grue_uel_anate_perdice_turture_palumb,turtur,turtle dove,Undirected,6,2,1,Meat
B06C002S01,in_grue_uel_anate_perdice_turture_palumb,defritum,defritum,Undirected,6,2,1,Additive
B06C002S02,in_grue_vel_in_anate_vel_in_pullo,piper,pepper,Undirected,6,2,2,Spices
B06C002S02,in_grue_vel_in_anate_vel_in_pullo,cuminum,cumin,Undirected,6,2,2,Spices
B06C002S02,in_grue_vel_in_anate_vel_in_pullo,apium,celery (celery seed),Undirected,6,2,2,Herbs
B06C002S02,in_grue_vel_in_anate_vel_in_pullo,cepa,onion,Undirected,6,2,2,Vegetables
B06C002S02,in_grue_vel_in_anate_vel_in_pullo,liquamen,liquamen,Undirected,6,2,2,Additive
B06C002S02,in_grue_vel_in_anate_vel_in_pullo,mulsum,honied wine,Undirected,6,2,2,Alcoholic Beverages
B06C002S02,in_grue_vel_in_anate_vel_in_pullo,oleum,oil,Undirected,6,2,2,Plants
B06C002S02,in_grue_vel_in_anate_vel_in_pullo,pullus,chicken,Undirected,6,2,2,Meat
B06C002S02,in_grue_vel_in_anate_vel_in_pullo,anas,duck,Undirected,6,2,2,Meat
B06C002S02,in_grue_vel_in_anate_vel_in_pullo,ligusticum,lovage,Undirected,6,2,2,Herbs
B06C002S02,in_grue_vel_in_anate_vel_in_pullo,palmula,dates,Undirected,6,2,2,Fruit
B06C002S02,in_grue_vel_in_anate_vel_in_pullo,caroenum,caroenum,Undirected,6,2,2,Additive
B06C002S02,in_grue_vel_in_anate_vel_in_pullo,acetum,vinegar,Undirected,6,2,2,Additive
B06C002S02,in_grue_vel_in_anate_vel_in_pullo,grus,crane,Undirected,6,2,2,Meat
B06C002S02,in_grue_vel_in_anate_vel_in_pullo,prunum_damascenum,damascene plums,Undirected,6,2,2,Fruit
B06C002S02,in_grue_vel_in_anate_vel_in_pullo,defritum,defritum,Undirected,6,2,2,Additive
B06C002S02,in_grue_vel_in_anate_vel_in_pullo,prunum,plums,Undirected,6,2,2,Fruit
B06C002S03,gruem_vel_anatem_ex_rapis,piper,pepper,Undirected,6,2,3,Spices
B06C002S03,gruem_vel_anatem_ex_rapis,cuminum,cumin,Undirected,6,2,3,Spices
B06C002S03,gruem_vel_anatem_ex_rapis,coriandrum,coriander,Undirected,6,2,3,Herbs
B06C002S03,gruem_vel_anatem_ex_rapis,anethum,dill,Undirected,6,2,3,Herbs
B06C002S03,gruem_vel_anatem_ex_rapis,laser,laser,Undirected,6,2,3,Spices
B06C002S03,gruem_vel_anatem_ex_rapis,porrum,leeks,Undirected,6,2,3,Vegetables
B06C002S03,gruem_vel_anatem_ex_rapis,liquamen,liquamen,Undirected,6,2,3,Additive
B06C002S03,gruem_vel_anatem_ex_rapis,acetum,vinegar,Undirected,6,2,3,Additive
B06C002S03,gruem_vel_anatem_ex_rapis,sal,salt,Undirected,6,2,3,Additive
B06C002S03,gruem_vel_anatem_ex_rapis,oleum,oil,Undirected,6,2,3,Plants
B06C002S03,gruem_vel_anatem_ex_rapis,amulum,roux,Undirected,6,2,3,Cereals
B06C002S03,gruem_vel_anatem_ex_rapis,anas,duck,Undirected,6,2,3,Meat
B06C002S03,gruem_vel_anatem_ex_rapis,grus,crane,Undirected,6,2,3,Meat
B06C002S03,gruem_vel_anatem_ex_rapis,defritum,defritum,Undirected,6,2,3,Additive
B06C002S03,gruem_vel_anatem_ex_rapis,rapa,turnips,Undirected,6,2,3,Vegetables
B06C002S04,gruem_vel_anatem_ex_rapis_aliter_in_grue,piper,pepper,Undirected,6,2,4,Spices
B06C002S04,gruem_vel_anatem_ex_rapis_aliter_in_grue,cuminum,cumin,Undirected,6,2,4,Spices
B06C002S04,gruem_vel_anatem_ex_rapis_aliter_in_grue,coriandrum,coriander,Undirected,6,2,4,Herbs
B06C002S04,gruem_vel_anatem_ex_rapis_aliter_in_grue,origanum,oregano,Undirected,6,2,4,Herbs
B06C002S04,gruem_vel_anatem_ex_rapis_aliter_in_grue,liquamen,liquamen,Undirected,6,2,4,Additive
B06C002S04,gruem_vel_anatem_ex_rapis_aliter_in_grue,mel,honey,Undirected,6,2,4,Additive
B06C002S04,gruem_vel_anatem_ex_rapis_aliter_in_grue,oleum,oil,Undirected,6,2,4,Plants
B06C002S04,gruem_vel_anatem_ex_rapis_aliter_in_grue,vinum,wine,Undirected,6,2,4,Alcoholic Beverages
B06C002S04,gruem_vel_anatem_ex_rapis_aliter_in_grue,anas,duck,Undirected,6,2,4,Meat
B06C002S04,gruem_vel_anatem_ex_rapis_aliter_in_grue,ligusticum,lovage,Undirected,6,2,4,Herbs
B06C002S04,gruem_vel_anatem_ex_rapis_aliter_in_grue,menta,mint,Undirected,6,2,4,Herbs
B06C002S04,gruem_vel_anatem_ex_rapis_aliter_in_grue,nucleus,pine nuts,Undirected,6,2,4,Nuts & Seeds
B06C002S04,gruem_vel_anatem_ex_rapis_aliter_in_grue,palmula,dates,Undirected,6,2,4,Fruit
B06C002S04,gruem_vel_anatem_ex_rapis_aliter_in_grue,sinapis,mustard,Undirected,6,2,4,Spices
B06C002S04,gruem_vel_anatem_ex_rapis_aliter_in_grue,grus,crane,Undirected,6,2,4,Meat
B06C002S04,gruem_vel_anatem_ex_rapis_aliter_in_grue,cariota,date,Undirected,6,2,4,Fruit
B06C002S04,gruem_vel_anatem_ex_rapis_aliter_in_grue,nucleus,pine nuts,Undirected,6,2,4,Nuts & Seeds
B06C002S05,gruem_vel_anatem_ex_rapis_aliter_gruem_v,piper,pepper,Undirected,6,2,5,Spices
B06C002S05,gruem_vel_anatem_ex_rapis_aliter_gruem_v,origanum,oregano,Undirected,6,2,5,Herbs
B06C002S05,gruem_vel_anatem_ex_rapis_aliter_gruem_v,liquamen,liquamen,Undirected,6,2,5,Additive
B06C002S05,gruem_vel_anatem_ex_rapis_aliter_gruem_v,acetum,vinegar,Undirected,6,2,5,Additive
B06C002S05,gruem_vel_anatem_ex_rapis_aliter_gruem_v,mel,honey,Undirected,6,2,5,Additive
B06C002S05,gruem_vel_anatem_ex_rapis_aliter_gruem_v,oleum,oil,Undirected,6,2,5,Plants
B06C002S05,gruem_vel_anatem_ex_rapis_aliter_gruem_v,amulum,roux,Undirected,6,2,5,Cereals
B06C002S05,gruem_vel_anatem_ex_rapis_aliter_gruem_v,cucurbita,gourd,Undirected,6,2,5,Vegetables
B06C002S05,gruem_vel_anatem_ex_rapis_aliter_gruem_v,colocasia,colocasia ,Undirected,6,2,5,Plants
B06C002S05,gruem_vel_anatem_ex_rapis_aliter_gruem_v,pullus,chicken,Undirected,6,2,5,Meat
B06C002S05,gruem_vel_anatem_ex_rapis_aliter_gruem_v,anas,duck,Undirected,6,2,5,Meat
B06C002S05,gruem_vel_anatem_ex_rapis_aliter_gruem_v,ligusticum,lovage,Undirected,6,2,5,Herbs
B06C002S05,gruem_vel_anatem_ex_rapis_aliter_gruem_v,grus,crane,Undirected,6,2,5,Meat
B06C002S05,gruem_vel_anatem_ex_rapis_aliter_gruem_v,ungellae,trotters,Undirected,6,2,5,Meat
B06C002S05,gruem_vel_anatem_ex_rapis_aliter_gruem_v,iecur,liver,Undirected,6,2,5,Meat
B06C002S06,gruem_vel_anatem_ex_rapis_aliter_in_grue,piper,pepper,Undirected,6,2,6,Spices
B06C002S06,gruem_vel_anatem_ex_rapis_aliter_in_grue,coriandrum,coriander,Undirected,6,2,6,Herbs
B06C002S06,gruem_vel_anatem_ex_rapis_aliter_in_grue,apium,celery (celery seed),Undirected,6,2,6,Herbs
B06C002S06,gruem_vel_anatem_ex_rapis_aliter_in_grue,liquamen,liquamen,Undirected,6,2,6,Additive
B06C002S06,gruem_vel_anatem_ex_rapis_aliter_in_grue,acetum,vinegar,Undirected,6,2,6,Additive
B06C002S06,gruem_vel_anatem_ex_rapis_aliter_in_grue,mel,honey,Undirected,6,2,6,Additive
B06C002S06,gruem_vel_anatem_ex_rapis_aliter_in_grue,anas,duck,Undirected,6,2,6,Meat
B06C002S06,gruem_vel_anatem_ex_rapis_aliter_in_grue,ligusticum,lovage,Undirected,6,2,6,Herbs
B06C002S06,gruem_vel_anatem_ex_rapis_aliter_in_grue,menta,mint,Undirected,6,2,6,Herbs
B06C002S06,gruem_vel_anatem_ex_rapis_aliter_in_grue,eruca,rocket,Undirected,6,2,6,Plants
B06C002S06,gruem_vel_anatem_ex_rapis_aliter_in_grue,palmula,dates,Undirected,6,2,6,Fruit
B06C002S06,gruem_vel_anatem_ex_rapis_aliter_in_grue,caroenum,caroenum,Undirected,6,2,6,Additive
B06C002S06,gruem_vel_anatem_ex_rapis_aliter_in_grue,sinapis,mustard,Undirected,6,2,6,Spices
B06C002S06,gruem_vel_anatem_ex_rapis_aliter_in_grue,grus,crane,Undirected,6,2,6,Meat
B06C002S06,gruem_vel_anatem_ex_rapis_aliter_in_grue,cariota,date,Undirected,6,2,6,Fruit
B06C003S01,in_perdice_et_attagena_et_in_turture_eli,piper,pepper,Undirected,6,3,1,Spices
B06C003S01,in_perdice_et_attagena_et_in_turture_eli,apium,celery (celery seed),Undirected,6,3,1,Herbs
B06C003S01,in_perdice_et_attagena_et_in_turture_eli,liquamen,liquamen,Undirected,6,3,1,Additive
B06C003S01,in_perdice_et_attagena_et_in_turture_eli,acetum,vinegar,Undirected,6,3,1,Additive
B06C003S01,in_perdice_et_attagena_et_in_turture_eli,mel,honey,Undirected,6,3,1,Additive
B06C003S01,in_perdice_et_attagena_et_in_turture_eli,oleum,oil,Undirected,6,3,1,Plants
B06C003S01,in_perdice_et_attagena_et_in_turture_eli,vinum,wine,Undirected,6,3,1,Alcoholic Beverages
B06C003S01,in_perdice_et_attagena_et_in_turture_eli,uva,grapes,Undirected,6,3,1,Fruit
B06C003S01,in_perdice_et_attagena_et_in_turture_eli,perdix,partridge,Undirected,6,3,1,Meat
B06C003S01,in_perdice_et_attagena_et_in_turture_eli,ligusticum,lovage,Undirected,6,3,1,Herbs
B06C003S01,in_perdice_et_attagena_et_in_turture_eli,menta,mint,Undirected,6,3,1,Herbs
B06C003S01,in_perdice_et_attagena_et_in_turture_eli,bacae_myrti,myrtle berry,Undirected,6,3,1,Fruit
B06C003S01,in_perdice_et_attagena_et_in_turture_eli,turtur,turtle dove,Undirected,6,3,1,Meat
B06C003S01,in_perdice_et_attagena_et_in_turture_eli,uvae_passae,raisins,Undirected,6,3,1,Fruit
B06C003S02,in_perdice_et_attagena_et_in_turture_eli,perdix,partridge,Undirected,6,3,2,Meat
B06C003S02,in_perdice_et_attagena_et_in_turture_eli,turtur,turtle dove,Undirected,6,3,2,Meat
B06C003S03,indurescat;_si_dierum_fuerit,piper,pepper,Undirected,6,3,3,Spices
B06C003S03,indurescat;_si_dierum_fuerit,ruta,rue,Undirected,6,3,3,Herbs
B06C003S03,indurescat;_si_dierum_fuerit,liquamen,liquamen,Undirected,6,3,3,Additive
B06C003S03,indurescat;_si_dierum_fuerit,oleum,oil,Undirected,6,3,3,Plants
B06C003S03,indurescat;_si_dierum_fuerit,perdix,partridge,Undirected,6,3,3,Meat
B06C003S03,indurescat;_si_dierum_fuerit,turtur,turtle dove,Undirected,6,3,3,Meat
B06C003S03,indurescat;_si_dierum_fuerit,ligusticum,lovage,Undirected,6,3,3,Herbs
B06C003S03,indurescat;_si_dierum_fuerit,menta,mint,Undirected,6,3,3,Herbs
B06C003S03,indurescat;_si_dierum_fuerit,merum,pure wine,Undirected,6,3,3,Alcoholic Beverages
B06C004S01,in_palumbis_columbis,piper,pepper,Undirected,6,4,1,Spices
B06C004S01,in_palumbis_columbis,coriandrum,coriander,Undirected,6,4,1,Herbs
B06C004S01,in_palumbis_columbis,carum,caraway,Undirected,6,4,1,Spices
B06C004S01,in_palumbis_columbis,cepa,onion,Undirected,6,4,1,Vegetables
B06C004S01,in_palumbis_columbis,liquamen,liquamen,Undirected,6,4,1,Additive
B06C004S01,in_palumbis_columbis,acetum,vinegar,Undirected,6,4,1,Additive
B06C004S01,in_palumbis_columbis,mel,honey,Undirected,6,4,1,Additive
B06C004S01,in_palumbis_columbis,oleum,oil,Undirected,6,4,1,Plants
B06C004S01,in_palumbis_columbis,vinum,wine,Undirected,6,4,1,Alcoholic Beverages
B06C004S01,in_palumbis_columbis,ovum,eggs,Undirected,6,4,1,Dairy
B06C004S01,in_palumbis_columbis,ligusticum,lovage,Undirected,6,4,1,Herbs
B06C004S01,in_palumbis_columbis,menta,mint,Undirected,6,4,1,Herbs
B06C004S01,in_palumbis_columbis,palmula,dates,Undirected,6,4,1,Fruit
B06C004S01,in_palumbis_columbis,cariota,date,Undirected,6,4,1,Fruit
B06C004S02,in_palumbis_columbis_aliter_in_elixis_1,piper,pepper,Undirected,6,4,2,Spices
B06C004S02,in_palumbis_columbis_aliter_in_elixis_1,carum,caraway,Undirected,6,4,2,Spices
B06C004S02,in_palumbis_columbis_aliter_in_elixis_1,apium,celery (celery seed),Undirected,6,4,2,Herbs
B06C004S02,in_palumbis_columbis_aliter_in_elixis_1,petroselinum,parsley,Undirected,6,4,2,Herbs
B06C004S02,in_palumbis_columbis_aliter_in_elixis_1,acetum,vinegar,Undirected,6,4,2,Additive
B06C004S02,in_palumbis_columbis_aliter_in_elixis_1,mel,honey,Undirected,6,4,2,Additive
B06C004S02,in_palumbis_columbis_aliter_in_elixis_1,oleum,oil,Undirected,6,4,2,Plants
B06C004S02,in_palumbis_columbis_aliter_in_elixis_1,vinum,wine,Undirected,6,4,2,Alcoholic Beverages
B06C004S02,in_palumbis_columbis_aliter_in_elixis_1,palmula,dates,Undirected,6,4,2,Fruit
B06C004S02,in_palumbis_columbis_aliter_in_elixis_1,sinapis,mustard,Undirected,6,4,2,Spices
B06C004S02,in_palumbis_columbis_aliter_in_elixis_1,cariota,date,Undirected,6,4,2,Fruit
B06C004S03,in_palumbis_columbis_aliter_2,piper,pepper,Undirected,6,4,3,Spices
B06C004S03,in_palumbis_columbis_aliter_2,ruta,rue,Undirected,6,4,3,Herbs
B06C004S03,in_palumbis_columbis_aliter_2,apium,celery (celery seed),Undirected,6,4,3,Herbs
B06C004S03,in_palumbis_columbis_aliter_2,petroselinum,parsley,Undirected,6,4,3,Herbs
B06C004S03,in_palumbis_columbis_aliter_2,liquamen,liquamen,Undirected,6,4,3,Additive
B06C004S03,in_palumbis_columbis_aliter_2,acetum,vinegar,Undirected,6,4,3,Additive
B06C004S03,in_palumbis_columbis_aliter_2,mel,honey,Undirected,6,4,3,Additive
B06C004S03,in_palumbis_columbis_aliter_2,oleum,oil,Undirected,6,4,3,Plants
B06C004S03,in_palumbis_columbis_aliter_2,ligusticum,lovage,Undirected,6,4,3,Herbs
B06C004S03,in_palumbis_columbis_aliter_2,nucleus,pine nuts,Undirected,6,4,3,Nuts & Seeds
B06C004S03,in_palumbis_columbis_aliter_2,palmula,dates,Undirected,6,4,3,Fruit
B06C004S03,in_palumbis_columbis_aliter_2,sinapis,mustard,Undirected,6,4,3,Spices
B06C004S03,in_palumbis_columbis_aliter_2,cariota,date,Undirected,6,4,3,Fruit
B06C004S03,in_palumbis_columbis_aliter_2,nucleus,pine nuts,Undirected,6,4,3,Nuts & Seeds
B06C004S04,in_palumbis_columbis_aliter_3,piper,pepper,Undirected,6,4,4,Spices
B06C004S04,in_palumbis_columbis_aliter_3,laser,laser,Undirected,6,4,4,Spices
B06C004S04,in_palumbis_columbis_aliter_3,liquamen,liquamen,Undirected,6,4,4,Additive
B06C004S04,in_palumbis_columbis_aliter_3,vinum,wine,Undirected,6,4,4,Alcoholic Beverages
B06C004S04,in_palumbis_columbis_aliter_3,ligusticum,lovage,Undirected,6,4,4,Herbs
B06C004S04,in_palumbis_columbis_aliter_3,columba,pigeon dove,Undirected,6,4,4,Meat
B06C005S01,ius_in_diuersis_auibus,piper,pepper,Undirected,6,5,1,Spices
B06C005S01,ius_in_diuersis_auibus,cuminum,cumin,Undirected,6,5,1,Spices
B06C005S01,ius_in_diuersis_auibus,satureia,savory,Undirected,6,5,1,Herbs
B06C005S01,ius_in_diuersis_auibus,apium,celery (celery seed),Undirected,6,5,1,Herbs
B06C005S01,ius_in_diuersis_auibus,liquamen,liquamen,Undirected,6,5,1,Additive
B06C005S01,ius_in_diuersis_auibus,acetum,vinegar,Undirected,6,5,1,Additive
B06C005S01,ius_in_diuersis_auibus,mel,honey,Undirected,6,5,1,Additive
B06C005S01,ius_in_diuersis_auibus,oleum,oil,Undirected,6,5,1,Plants
B06C005S01,ius_in_diuersis_auibus,vinum,wine,Undirected,6,5,1,Alcoholic Beverages
B06C005S01,ius_in_diuersis_auibus,uva,grapes,Undirected,6,5,1,Fruit
B06C005S01,ius_in_diuersis_auibus,ligusticum,lovage,Undirected,6,5,1,Herbs
B06C005S01,ius_in_diuersis_auibus,menta,mint,Undirected,6,5,1,Herbs
B06C005S01,ius_in_diuersis_auibus,prunum_damascenum,damascene plums,Undirected,6,5,1,Fruit
B06C005S01,ius_in_diuersis_auibus,uvae_passae,raisins,Undirected,6,5,1,Fruit
B06C005S02,ius_in_diuersis_auibus_aliter_ius_in_avi,piper,pepper,Undirected,6,5,2,Spices
B06C005S02,ius_in_diuersis_auibus_aliter_ius_in_avi,nepeta,catnip,Undirected,6,5,2,Herbs
B06C005S02,ius_in_diuersis_auibus_aliter_ius_in_avi,apium,celery (celery seed),Undirected,6,5,2,Herbs
B06C005S02,ius_in_diuersis_auibus_aliter_ius_in_avi,petroselinum,parsley,Undirected,6,5,2,Herbs
B06C005S02,ius_in_diuersis_auibus_aliter_ius_in_avi,liquamen,liquamen,Undirected,6,5,2,Additive
B06C005S02,ius_in_diuersis_auibus_aliter_ius_in_avi,acetum,vinegar,Undirected,6,5,2,Additive
B06C005S02,ius_in_diuersis_auibus_aliter_ius_in_avi,mel,honey,Undirected,6,5,2,Additive
B06C005S02,ius_in_diuersis_auibus_aliter_ius_in_avi,oleum,oil,Undirected,6,5,2,Plants
B06C005S02,ius_in_diuersis_auibus_aliter_ius_in_avi,vinum,wine,Undirected,6,5,2,Alcoholic Beverages
B06C005S02,ius_in_diuersis_auibus_aliter_ius_in_avi,amygdala,almonds,Undirected,6,5,2,Nuts & Seeds
B06C005S02,ius_in_diuersis_auibus_aliter_ius_in_avi,ligusticum,lovage,Undirected,6,5,2,Herbs
B06C005S02,ius_in_diuersis_auibus_aliter_ius_in_avi,menta,mint,Undirected,6,5,2,Herbs
B06C005S02,ius_in_diuersis_auibus_aliter_ius_in_avi,flores_foeniculi,fennel blossom,Undirected,6,5,2,Flowers
B06C005S02,ius_in_diuersis_auibus_aliter_ius_in_avi,nux,wallnuts,Undirected,6,5,2,Nuts & Seeds
B06C005S03,incarxas_et_perfundis._ius_candidum_in_a,piper,pepper,Undirected,6,5,3,Spices
B06C005S03,incarxas_et_perfundis._ius_candidum_in_a,cuminum,cumin,Undirected,6,5,3,Spices
B06C005S03,incarxas_et_perfundis._ius_candidum_in_a,apium,celery (celery seed),Undirected,6,5,3,Herbs
B06C005S03,incarxas_et_perfundis._ius_candidum_in_a,liquamen,liquamen,Undirected,6,5,3,Additive
B06C005S03,incarxas_et_perfundis._ius_candidum_in_a,acetum,vinegar,Undirected,6,5,3,Additive
B06C005S03,incarxas_et_perfundis._ius_candidum_in_a,mel,honey,Undirected,6,5,3,Additive
B06C005S03,incarxas_et_perfundis._ius_candidum_in_a,oleum,oil,Undirected,6,5,3,Plants
B06C005S03,incarxas_et_perfundis._ius_candidum_in_a,nux,wallnuts,Undirected,6,5,3,Nuts & Seeds
B06C005S03,incarxas_et_perfundis._ius_candidum_in_a,amygdala,almonds,Undirected,6,5,3,Nuts & Seeds
B06C005S03,incarxas_et_perfundis._ius_candidum_in_a,ligusticum,lovage,Undirected,6,5,3,Herbs
B06C005S03,incarxas_et_perfundis._ius_candidum_in_a,nucleus,pine nuts,Undirected,6,5,3,Nuts & Seeds
B06C005S04,ius_viride_in_avibus,piper,pepper,Undirected,6,5,4,Spices
B06C005S04,ius_viride_in_avibus,cuminum,cumin,Undirected,6,5,4,Spices
B06C005S04,ius_viride_in_avibus,carum,caraway,Undirected,6,5,4,Spices
B06C005S04,ius_viride_in_avibus,folium,aromatic leaf,Undirected,6,5,4,Spices
B06C005S04,ius_viride_in_avibus,liquamen,liquamen,Undirected,6,5,4,Additive
B06C005S04,ius_viride_in_avibus,acetum,vinegar,Undirected,6,5,4,Additive
B06C005S04,ius_viride_in_avibus,mel,honey,Undirected,6,5,4,Additive
B06C005S04,ius_viride_in_avibus,oleum,oil,Undirected,6,5,4,Plants
B06C005S04,ius_viride_in_avibus,vinum,wine,Undirected,6,5,4,Alcoholic Beverages
B06C005S04,ius_viride_in_avibus,palmula,dates,Undirected,6,5,4,Fruit
B06C005S04,ius_viride_in_avibus,spica_nardi,indian spikenard,Undirected,6,5,4,Spices
B06C005S05,ius_candidum_in_ansere_elixo,piper,pepper,Undirected,6,5,5,Spices
B06C005S05,ius_candidum_in_ansere_elixo,cuminum,cumin,Undirected,6,5,5,Spices
B06C005S05,ius_candidum_in_ansere_elixo,thymum,thyme,Undirected,6,5,5,Herbs
B06C005S05,ius_candidum_in_ansere_elixo,laser,laser,Undirected,6,5,5,Spices
B06C005S05,ius_candidum_in_ansere_elixo,carum,caraway,Undirected,6,5,5,Spices
B06C005S05,ius_candidum_in_ansere_elixo,apium,celery (celery seed),Undirected,6,5,5,Herbs
B06C005S05,ius_candidum_in_ansere_elixo,cepa,onion,Undirected,6,5,5,Vegetables
B06C005S05,ius_candidum_in_ansere_elixo,liquamen,liquamen,Undirected,6,5,5,Additive
B06C005S05,ius_candidum_in_ansere_elixo,acetum,vinegar,Undirected,6,5,5,Additive
B06C005S05,ius_candidum_in_ansere_elixo,mel,honey,Undirected,6,5,5,Additive
B06C005S05,ius_candidum_in_ansere_elixo,oleum,oil,Undirected,6,5,5,Plants
B06C005S05,ius_candidum_in_ansere_elixo,anser,goose,Undirected,6,5,5,Meat
B06C005S05,ius_candidum_in_ansere_elixo,nux,wallnuts,Undirected,6,5,5,Nuts & Seeds
B06C005S05,ius_candidum_in_ansere_elixo,nucleus,pine nuts,Undirected,6,5,5,Nuts & Seeds
B06C005S06,ad_aves_hircosas_omni_genere,piper,pepper,Undirected,6,5,6,Spices
B06C005S06,ad_aves_hircosas_omni_genere,thymum,thyme,Undirected,6,5,6,Herbs
B06C005S06,ad_aves_hircosas_omni_genere,liquamen,liquamen,Undirected,6,5,6,Additive
B06C005S06,ad_aves_hircosas_omni_genere,acetum,vinegar,Undirected,6,5,6,Additive
B06C005S06,ad_aves_hircosas_omni_genere,mel,honey,Undirected,6,5,6,Additive
B06C005S06,ad_aves_hircosas_omni_genere,oleum,oil,Undirected,6,5,6,Plants
B06C005S06,ad_aves_hircosas_omni_genere,vinum,wine,Undirected,6,5,6,Alcoholic Beverages
B06C005S06,ad_aves_hircosas_omni_genere,farina,flour,Undirected,6,5,6,Cereals
B06C005S06,ad_aves_hircosas_omni_genere,ligusticum,lovage,Undirected,6,5,6,Herbs
B06C005S06,ad_aves_hircosas_omni_genere,menta,mint,Undirected,6,5,6,Herbs
B06C005S06,ad_aves_hircosas_omni_genere,salvia,sage,Undirected,6,5,6,Herbs
B06C005S06,ad_aves_hircosas_omni_genere,palmula,dates,Undirected,6,5,6,Fruit
B06C005S06,ad_aves_hircosas_omni_genere,caroenum,caroenum,Undirected,6,5,6,Additive
B06C005S06,ad_aves_hircosas_omni_genere,sinapis,mustard,Undirected,6,5,6,Spices
B06C005S06,ad_aves_hircosas_omni_genere,defritum,defritum,Undirected,6,5,6,Additive
B06C005S06,ad_aves_hircosas_omni_genere,cariota,date,Undirected,6,5,6,Fruit
B06C005S07,ad_aves_hircosas_omni_genere_aliter_avem,oliva,olives,Undirected,6,5,7,Fruit
B06C006S01,in_phoenicoptero,piper,pepper,Undirected,6,6,1,Spices
B06C006S01,in_phoenicoptero,cuminum,cumin,Undirected,6,6,1,Spices
B06C006S01,in_phoenicoptero,coriandrum,coriander,Undirected,6,6,1,Herbs
B06C006S01,in_phoenicoptero,anethum,dill,Undirected,6,6,1,Herbs
B06C006S01,in_phoenicoptero,laser,laser,Undirected,6,6,1,Spices
B06C006S01,in_phoenicoptero,ruta,rue,Undirected,6,6,1,Herbs
B06C006S01,in_phoenicoptero,porrum,leeks,Undirected,6,6,1,Vegetables
B06C006S01,in_phoenicoptero,acetum,vinegar,Undirected,6,6,1,Additive
B06C006S01,in_phoenicoptero,sal,salt,Undirected,6,6,1,Additive
B06C006S01,in_phoenicoptero,amulum,roux,Undirected,6,6,1,Cereals
B06C006S01,in_phoenicoptero,menta,mint,Undirected,6,6,1,Herbs
B06C006S01,in_phoenicoptero,palmula,dates,Undirected,6,6,1,Fruit
B06C006S01,in_phoenicoptero,caroenum,caroenum,Undirected,6,6,1,Additive
B06C006S01,in_phoenicoptero,phoenicopterus,flamingo,Undirected,6,6,1,Meat
B06C006S01,in_phoenicoptero,defritum,defritum,Undirected,6,6,1,Additive
B06C006S01,in_phoenicoptero,cariota,date,Undirected,6,6,1,Fruit
B06C006S02,in_phoenicoptero_aliter_1,piper,pepper,Undirected,6,6,2,Spices
B06C006S02,in_phoenicoptero_aliter_1,apium,celery (celery seed),Undirected,6,6,2,Herbs
B06C006S02,in_phoenicoptero_aliter_1,petroselinum,parsley,Undirected,6,6,2,Herbs
B06C006S02,in_phoenicoptero_aliter_1,cepa,onion,Undirected,6,6,2,Vegetables
B06C006S02,in_phoenicoptero_aliter_1,liquamen,liquamen,Undirected,6,6,2,Additive
B06C006S02,in_phoenicoptero_aliter_1,acetum,vinegar,Undirected,6,6,2,Additive
B06C006S02,in_phoenicoptero_aliter_1,mel,honey,Undirected,6,6,2,Additive
B06C006S02,in_phoenicoptero_aliter_1,oleum,oil,Undirected,6,6,2,Plants
B06C006S02,in_phoenicoptero_aliter_1,vinum,wine,Undirected,6,6,2,Alcoholic Beverages
B06C006S02,in_phoenicoptero_aliter_1,ligusticum,lovage,Undirected,6,6,2,Herbs
B06C006S02,in_phoenicoptero_aliter_1,menta,mint,Undirected,6,6,2,Herbs
B06C006S02,in_phoenicoptero_aliter_1,sesamum,sesame,Undirected,6,6,2,Nuts & Seeds
B06C006S02,in_phoenicoptero_aliter_1,palmula,dates,Undirected,6,6,2,Fruit
B06C006S02,in_phoenicoptero_aliter_1,caroenum,caroenum,Undirected,6,6,2,Additive
B06C006S02,in_phoenicoptero_aliter_1,phoenicopterus,flamingo,Undirected,6,6,2,Meat
B06C006S02,in_phoenicoptero_aliter_1,defritum,defritum,Undirected,6,6,2,Additive
B06C006S02,in_phoenicoptero_aliter_1,cariota,date,Undirected,6,6,2,Fruit
B06C008S01,in_ansere,piper,pepper,Undirected,6,8,1,Spices
B06C008S01,in_ansere,coriandrum,coriander,Undirected,6,8,1,Herbs
B06C008S01,in_ansere,ruta,rue,Undirected,6,8,1,Herbs
B06C008S01,in_ansere,liquamen,liquamen,Undirected,6,8,1,Additive
B06C008S01,in_ansere,oleum,oil,Undirected,6,8,1,Plants
B06C008S01,in_ansere,anser,goose,Undirected,6,8,1,Meat
B06C008S01,in_ansere,ligusticum,lovage,Undirected,6,8,1,Herbs
B06C008S01,in_ansere,menta,mint,Undirected,6,8,1,Herbs
B06C009S01,in_pullo,piper,pepper,Undirected,6,9,1,Spices
B06C009S01,in_pullo,anethum,dill,Undirected,6,9,1,Herbs
B06C009S01,in_pullo,laser,laser,Undirected,6,9,1,Spices
B06C009S01,in_pullo,sinapis,mustard,Undirected,6,9,1,Spices
B06C009S01,in_pullo,liquamen,liquamen,Undirected,6,9,1,Additive
B06C009S01,in_pullo,acetum,vinegar,Undirected,6,9,1,Additive
B06C009S01,in_pullo,mel,honey,Undirected,6,9,1,Additive
B06C009S01,in_pullo,oleum,oil,Undirected,6,9,1,Plants
B06C009S01,in_pullo,pullus,chicken,Undirected,6,9,1,Meat
B06C009S01,in_pullo,menta,mint,Undirected,6,9,1,Herbs
B06C009S01,in_pullo,caroenum,caroenum,Undirected,6,9,1,Additive
B06C009S01,in_pullo,defritum,defritum,Undirected,6,9,1,Additive
B06C009S01,in_pullo,cariota,date,Undirected,6,9,1,Fruit
B06C009S02,pullum_parthicum,piper,pepper,Undirected,6,9,2,Spices
B06C009S02,pullum_parthicum,laser,laser,Undirected,6,9,2,Spices
B06C009S02,pullum_parthicum,carum,caraway,Undirected,6,9,2,Spices
B06C009S02,pullum_parthicum,liquamen,liquamen,Undirected,6,9,2,Additive
B06C009S02,pullum_parthicum,vinum,wine,Undirected,6,9,2,Alcoholic Beverages
B06C009S02,pullum_parthicum,pullus,chicken,Undirected,6,9,2,Meat
B06C009S02,pullum_parthicum,ligusticum,lovage,Undirected,6,9,2,Herbs
B06C009S02,pullum_parthicum,aper,wild boar,Undirected,6,9,2,Meat
B06C009S03,pullum_oxyzomum,piper,pepper,Undirected,6,9,3,Spices
B06C009S03,pullum_oxyzomum,laser,laser,Undirected,6,9,3,Spices
B06C009S03,pullum_oxyzomum,petroselinum,parsley,Undirected,6,9,3,Herbs
B06C009S03,pullum_oxyzomum,porrum,leeks,Undirected,6,9,3,Vegetables
B06C009S03,pullum_oxyzomum,liquamen,liquamen,Undirected,6,9,3,Additive
B06C009S03,pullum_oxyzomum,acetum,vinegar,Undirected,6,9,3,Additive
B06C009S03,pullum_oxyzomum,oleum,oil,Undirected,6,9,3,Plants
B06C009S03,pullum_oxyzomum,pullus,chicken,Undirected,6,9,3,Meat
B06C009S04,pullum_numidicum,piper,pepper,Undirected,6,9,4,Spices
B06C009S04,pullum_numidicum,cuminum,cumin,Undirected,6,9,4,Spices
B06C009S04,pullum_numidicum,coriandrum,coriander,Undirected,6,9,4,Herbs
B06C009S04,pullum_numidicum,laser,laser,Undirected,6,9,4,Spices
B06C009S04,pullum_numidicum,ruta,rue,Undirected,6,9,4,Herbs
B06C009S04,pullum_numidicum,liquamen,liquamen,Undirected,6,9,4,Additive
B06C009S04,pullum_numidicum,acetum,vinegar,Undirected,6,9,4,Additive
B06C009S04,pullum_numidicum,mel,honey,Undirected,6,9,4,Additive
B06C009S04,pullum_numidicum,oleum,oil,Undirected,6,9,4,Plants
B06C009S04,pullum_numidicum,amulum,roux,Undirected,6,9,4,Cereals
B06C009S04,pullum_numidicum,pullus,chicken,Undirected,6,9,4,Meat
B06C009S04,pullum_numidicum,cariota,date,Undirected,6,9,4,Fruit
B06C009S04,pullum_numidicum,nucleus,pine nuts,Undirected,6,9,4,Nuts & Seeds
B06C009S05,pullum_laseratum,piper,pepper,Undirected,6,9,5,Spices
B06C009S05,pullum_laseratum,laser,laser,Undirected,6,9,5,Spices
B06C009S05,pullum_laseratum,liquamen,liquamen,Undirected,6,9,5,Additive
B06C009S05,pullum_laseratum,vinum,wine,Undirected,6,9,5,Alcoholic Beverages
B06C009S05,pullum_laseratum,pullus,chicken,Undirected,6,9,5,Meat
B06C009S05,pullum_laseratum,ligusticum,lovage,Undirected,6,9,5,Herbs
B06C009S05,pullum_laseratum,aper,wild boar,Undirected,6,9,5,Meat
B06C009S06,pullum_paroptum,piper,pepper,Undirected,6,9,6,Spices
B06C009S06,pullum_paroptum,laser,laser,Undirected,6,9,6,Spices
B06C009S06,pullum_paroptum,petroselinum,parsley,Undirected,6,9,6,Herbs
B06C009S06,pullum_paroptum,liquamen,liquamen,Undirected,6,9,6,Additive
B06C009S06,pullum_paroptum,oleum,oil,Undirected,6,9,6,Plants
B06C009S06,pullum_paroptum,pullus,chicken,Undirected,6,9,6,Meat
B06C009S06,pullum_paroptum,acetum,vinegar,Undirected,6,9,6,Additive
B06C009S07,pullum_elixum_ex_iure_suo,piper,pepper,Undirected,6,9,7,Spices
B06C009S07,pullum_elixum_ex_iure_suo,cuminum,cumin,Undirected,6,9,7,Spices
B06C009S07,pullum_elixum_ex_iure_suo,foeniculum,fennel,Undirected,6,9,7,Herbs
B06C009S07,pullum_elixum_ex_iure_suo,thymum,thyme,Undirected,6,9,7,Herbs
B06C009S07,pullum_elixum_ex_iure_suo,laser,laser,Undirected,6,9,7,Spices
B06C009S07,pullum_elixum_ex_iure_suo,ruta,rue,Undirected,6,9,7,Herbs
B06C009S07,pullum_elixum_ex_iure_suo,liquamen,liquamen,Undirected,6,9,7,Additive
B06C009S07,pullum_elixum_ex_iure_suo,acetum,vinegar,Undirected,6,9,7,Additive
B06C009S07,pullum_elixum_ex_iure_suo,mel,honey,Undirected,6,9,7,Additive
B06C009S07,pullum_elixum_ex_iure_suo,oleum,oil,Undirected,6,9,7,Plants
B06C009S07,pullum_elixum_ex_iure_suo,pullus,chicken,Undirected,6,9,7,Meat
B06C009S07,pullum_elixum_ex_iure_suo,menta,mint,Undirected,6,9,7,Herbs
B06C009S07,pullum_elixum_ex_iure_suo,palmula,dates,Undirected,6,9,7,Fruit
B06C009S07,pullum_elixum_ex_iure_suo,cariota,date,Undirected,6,9,7,Fruit
B06C009S08,pullum_elixum_cum_cucurbitis_elixis,sinapis,mustard,Undirected,6,9,8,Spices
B06C009S08,pullum_elixum_cum_cucurbitis_elixis,cucurbita,gourd,Undirected,6,9,8,Vegetables
B06C009S08,pullum_elixum_cum_cucurbitis_elixis,pullus,chicken,Undirected,6,9,8,Meat
B06C009S09,pullum_elixum_cum_colocasiis_elixis,oliva,olives,Undirected,6,9,9,Fruit
B06C009S09,pullum_elixum_cum_colocasiis_elixis,pullus,chicken,Undirected,6,9,9,Meat
B06C009S09,pullum_elixum_cum_colocasiis_elixis,columba,pigeon dove,Undirected,6,9,9,Meat
B06C009S11,pullus_vardanus,piper,pepper,Undirected,6,9,11,Spices
B06C009S11,pullus_vardanus,coriandrum,coriander,Undirected,6,9,11,Herbs
B06C009S11,pullus_vardanus,porrum,leeks,Undirected,6,9,11,Vegetables
B06C009S11,pullus_vardanus,liquamen,liquamen,Undirected,6,9,11,Additive
B06C009S11,pullus_vardanus,oleum,oil,Undirected,6,9,11,Plants
B06C009S11,pullus_vardanus,vinum,wine,Undirected,6,9,11,Alcoholic Beverages
B06C009S11,pullus_vardanus,lac,milk,Undirected,6,9,11,Dairy
B06C009S11,pullus_vardanus,ovum,eggs,Undirected,6,9,11,Dairy
B06C009S11,pullus_vardanus,pullus,chicken,Undirected,6,9,11,Meat
B06C009S11,pullus_vardanus,menta,mint,Undirected,6,9,11,Herbs
B06C009S11,pullus_vardanus,satureia,savory,Undirected,6,9,11,Herbs
B06C009S11,pullus_vardanus,nucleus,pine nuts,Undirected,6,9,11,Nuts & Seeds
B06C009S12,pullum_frontonianum,piper,pepper,Undirected,6,9,12,Spices
B06C009S12,pullum_frontonianum,coriandrum,coriander,Undirected,6,9,12,Herbs
B06C009S12,pullum_frontonianum,anethum,dill,Undirected,6,9,12,Herbs
B06C009S12,pullum_frontonianum,porrum,leeks,Undirected,6,9,12,Vegetables
B06C009S12,pullum_frontonianum,liquamen,liquamen,Undirected,6,9,12,Additive
B06C009S12,pullum_frontonianum,oleum,oil,Undirected,6,9,12,Plants
B06C009S12,pullum_frontonianum,pullus,chicken,Undirected,6,9,12,Meat
B06C009S12,pullum_frontonianum,defritum,defritum,Undirected,6,9,12,Additive
B06C009S12,pullum_frontonianum,satureia,savory,Undirected,6,9,12,Herbs
B06C009S13,pullus_tractogalatus,piper,pepper,Undirected,6,9,13,Spices
B06C009S13,pullus_tractogalatus,coriandrum,coriander,Undirected,6,9,13,Herbs
B06C009S13,pullus_tractogalatus,origanum,oregano,Undirected,6,9,13,Herbs
B06C009S13,pullus_tractogalatus,cepa,onion,Undirected,6,9,13,Vegetables
B06C009S13,pullus_tractogalatus,liquamen,liquamen,Undirected,6,9,13,Additive
B06C009S13,pullus_tractogalatus,sal,salt,Undirected,6,9,13,Additive
B06C009S13,pullus_tractogalatus,mel,honey,Undirected,6,9,13,Additive
B06C009S13,pullus_tractogalatus,oleum,oil,Undirected,6,9,13,Plants
B06C009S13,pullus_tractogalatus,lac,milk,Undirected,6,9,13,Dairy
B06C009S13,pullus_tractogalatus,amulum,roux,Undirected,6,9,13,Cereals
B06C009S13,pullus_tractogalatus,pullus,chicken,Undirected,6,9,13,Meat
B06C009S13,pullus_tractogalatus,ligusticum,lovage,Undirected,6,9,13,Herbs
B06C009S13,pullus_tractogalatus,defritum,defritum,Undirected,6,9,13,Additive
B06C009S14,pullus_farsilis,piper,pepper,Undirected,6,9,14,Spices
B06C009S14,pullus_farsilis,zingiber,ginger,Undirected,6,9,14,Spices
B06C009S14,pullus_farsilis,liquamen,liquamen,Undirected,6,9,14,Additive
B06C009S14,pullus_farsilis,oleum,oil,Undirected,6,9,14,Plants
B06C009S14,pullus_farsilis,ovum,eggs,Undirected,6,9,14,Dairy
B06C009S14,pullus_farsilis,porcus,pork,Undirected,6,9,14,Meat
B06C009S14,pullus_farsilis,pullus,chicken,Undirected,6,9,14,Meat
B06C009S14,pullus_farsilis,ligusticum,lovage,Undirected,6,9,14,Herbs
B06C009S14,pullus_farsilis,cerebrum,brain,Undirected,6,9,14,Meat
B06C009S14,pullus_farsilis,nucleus,pine nuts,Undirected,6,9,14,Nuts & Seeds
B06C009S14,pullus_farsilis,alica,spelt / emmer wheat,Undirected,6,9,14,Cereals
B06C009S14,pullus_farsilis,porcellus,suckling pig,Undirected,6,9,14,Meat
B06C009S15,pullus_leucozomus,piper,pepper,Undirected,6,9,15,Spices
B06C009S15,pullus_leucozomus,porrum,leeks,Undirected,6,9,15,Vegetables
B06C009S15,pullus_leucozomus,oleum,oil,Undirected,6,9,15,Plants
B06C009S15,pullus_leucozomus,pullus,chicken,Undirected,6,9,15,Meat
B07C001S01,"uuluae_steriles,_callum,_libelli,_coticu",laser,laser,Undirected,7,1,1,Spices
B07C001S01,"uuluae_steriles,_callum,_libelli,_coticu",liquamen,liquamen,Undirected,7,1,1,Additive
B07C001S01,"uuluae_steriles,_callum,_libelli,_coticu",acetum,vinegar,Undirected,7,1,1,Additive
B07C001S01,"uuluae_steriles,_callum,_libelli,_coticu",sus,pig / pork (sus),Undirected,7,1,1,Meat
B07C001S02,in_vulva_sterili,piper,pepper,Undirected,7,1,2,Spices
B07C001S02,in_vulva_sterili,laser,laser,Undirected,7,1,2,Spices
B07C001S02,in_vulva_sterili,apium,celery (celery seed),Undirected,7,1,2,Herbs
B07C001S02,in_vulva_sterili,liquamen,liquamen,Undirected,7,1,2,Additive
B07C001S02,in_vulva_sterili,acetum,vinegar,Undirected,7,1,2,Additive
B07C001S02,in_vulva_sterili,mel,honey,Undirected,7,1,2,Additive
B07C001S02,in_vulva_sterili,menta,mint,Undirected,7,1,2,Herbs
B07C001S02,in_vulva_sterili,sus,pig / pork (sus),Undirected,7,1,2,Meat
B07C001S03,vulvae_steriles,piper,pepper,Undirected,7,1,3,Spices
B07C001S03,vulvae_steriles,laser,laser,Undirected,7,1,3,Spices
B07C001S03,vulvae_steriles,liquamen,liquamen,Undirected,7,1,3,Additive
B07C001S03,vulvae_steriles,sus,pig / pork (sus),Undirected,7,1,3,Meat
B07C001S04,vulvae_steriles_aliter_1,piper,pepper,Undirected,7,1,4,Spices
B07C001S04,vulvae_steriles_aliter_1,liquamen,liquamen,Undirected,7,1,4,Additive
B07C001S04,vulvae_steriles_aliter_1,conditum,spiced wine,Undirected,7,1,4,Alcoholic Beverages
B07C001S04,vulvae_steriles_aliter_1,sus,pig / pork (sus),Undirected,7,1,4,Meat
B07C001S05,callum_libelli_coticulae_ungellae,piper,pepper,Undirected,7,1,5,Spices
B07C001S05,callum_libelli_coticulae_ungellae,laser,laser,Undirected,7,1,5,Spices
B07C001S05,callum_libelli_coticulae_ungellae,liquamen,liquamen,Undirected,7,1,5,Additive
B07C001S05,callum_libelli_coticulae_ungellae,callum,rind,Undirected,7,1,5,Meat
B07C002S01,sumen,piper,pepper,Undirected,7,2,1,Spices
B07C002S01,sumen,liquamen,liquamen,Undirected,7,2,1,Additive
B07C002S01,sumen,sal,salt,Undirected,7,2,1,Additive
B07C002S01,sumen,passum,raisin wine,Undirected,7,2,1,Alcoholic Beverages
B07C002S01,sumen,amulum,roux,Undirected,7,2,1,Cereals
B07C002S01,sumen,ligusticum,lovage,Undirected,7,2,1,Herbs
B07C002S01,sumen,merum,pure wine,Undirected,7,2,1,Alcoholic Beverages
B07C002S01,sumen,sus,pig / pork (sus),Undirected,7,2,1,Meat
B07C002S02,sumen_plenum,piper,pepper,Undirected,7,2,2,Spices
B07C002S02,sumen_plenum,carum,caraway,Undirected,7,2,2,Spices
B07C002S02,sumen_plenum,sinapis,mustard,Undirected,7,2,2,Spices
B07C002S02,sumen_plenum,echinus,sea urchin,Undirected,7,2,2,Seafood
B07C002S02,sumen_plenum,allec,fish paste,Undirected,7,2,2,Additive
B07C002S02,sumen_plenum,sus,pig / pork (sus),Undirected,7,2,2,Meat
B07C003S01,ficatum,piper,pepper,Undirected,7,3,1,Spices
B07C003S01,ficatum,thymum,thyme,Undirected,7,3,1,Herbs
B07C003S01,ficatum,liquamen,liquamen,Undirected,7,3,1,Additive
B07C003S01,ficatum,oenogarum,oenogarum,Undirected,7,3,1,Additive
B07C003S01,ficatum,oleum,oil,Undirected,7,3,1,Plants
B07C003S01,ficatum,vinum,wine,Undirected,7,3,1,Alcoholic Beverages
B07C003S01,ficatum,ligusticum,lovage,Undirected,7,3,1,Herbs
B07C003S01,ficatum,iecur,liver,Undirected,7,3,1,Meat
B07C003S02,ficatum_aliter_1,piper,pepper,Undirected,7,3,2,Spices
B07C003S02,ficatum_aliter_1,liquamen,liquamen,Undirected,7,3,2,Additive
B07C003S02,ficatum_aliter_1,ligusticum,lovage,Undirected,7,3,2,Herbs
B07C003S02,ficatum_aliter_1,iecur,liver,Undirected,7,3,2,Meat
B07C003S02,ficatum_aliter_1,bacae_lauri,laurel berry,Undirected,7,3,2,Spices
B07C003S02,ficatum_aliter_1,omentum,caul,Undirected,7,3,2,Meat
B07C004S01,ofellae,piper,pepper,Undirected,7,4,1,Spices
B07C004S01,ofellae,cuminum,cumin,Undirected,7,4,1,Spices
B07C004S01,ofellae,anethum,dill,Undirected,7,4,1,Herbs
B07C004S01,ofellae,liquamen,liquamen,Undirected,7,4,1,Additive
B07C004S01,ofellae,passum,raisin wine,Undirected,7,4,1,Alcoholic Beverages
B07C004S01,ofellae,amulum,roux,Undirected,7,4,1,Cereals
B07C004S01,ofellae,ligusticum,lovage,Undirected,7,4,1,Herbs
B07C004S01,ofellae,bacae_lauri,laurel berry,Undirected,7,4,1,Spices
B07C004S01,ofellae,silphium,silphium,Undirected,7,4,1,Spices
B07C004S01,ofellae,porcus,pork,Undirected,7,4,1,Meat
B07C004S02,ofellas_apicianas,piper,pepper,Undirected,7,4,2,Spices
B07C004S02,ofellas_apicianas,cuminum,cumin,Undirected,7,4,2,Spices
B07C004S02,ofellas_apicianas,cyperus,cyperus,Undirected,7,4,2,Spices
B07C004S02,ofellas_apicianas,liquamen,liquamen,Undirected,7,4,2,Additive
B07C004S02,ofellas_apicianas,passum,raisin wine,Undirected,7,4,2,Alcoholic Beverages
B07C004S02,ofellas_apicianas,ligusticum,lovage,Undirected,7,4,2,Herbs
B07C004S02,ofellas_apicianas,porcus,pork,Undirected,7,4,2,Meat
B07C004S03,ofellae_aprugineo_more,piper,pepper,Undirected,7,4,3,Spices
B07C004S03,ofellae_aprugineo_more,liquamen,liquamen,Undirected,7,4,3,Additive
B07C004S03,ofellae_aprugineo_more,mel,honey,Undirected,7,4,3,Additive
B07C004S03,ofellae_aprugineo_more,oleum,oil,Undirected,7,4,3,Plants
B07C004S03,ofellae_aprugineo_more,amulum,roux,Undirected,7,4,3,Cereals
B07C004S03,ofellae_aprugineo_more,porcus,pork,Undirected,7,4,3,Meat
B07C004S04,ofellae_aprugineo_more_aliter_ofellae_1,liquamen,liquamen,Undirected,7,4,4,Additive
B07C004S04,ofellae_aprugineo_more_aliter_ofellae_1,acetum,vinegar,Undirected,7,4,4,Additive
B07C004S04,ofellae_aprugineo_more_aliter_ofellae_1,oleum,oil,Undirected,7,4,4,Plants
B07C004S04,ofellae_aprugineo_more_aliter_ofellae_1,porcus,pork,Undirected,7,4,4,Meat
B07C004S05,ofellae_aprugineo_more_aliter_ofellas_2,piper,pepper,Undirected,7,4,5,Spices
B07C004S05,ofellae_aprugineo_more_aliter_ofellas_2,oenogarum,oenogarum,Undirected,7,4,5,Additive
B07C004S05,ofellae_aprugineo_more_aliter_ofellas_2,porcus,pork,Undirected,7,4,5,Meat
B07C004S06,ofellae_aprugineo_more_aliter_ofellas_3,cuminum,cumin,Undirected,7,4,6,Spices
B07C004S06,ofellae_aprugineo_more_aliter_ofellas_3,sal,salt,Undirected,7,4,6,Additive
B07C004S06,ofellae_aprugineo_more_aliter_ofellas_3,porcus,pork,Undirected,7,4,6,Meat
B07C005S01,assaturae,sal,salt,Undirected,7,5,1,Additive
B07C005S01,assaturae,mel,honey,Undirected,7,5,1,Additive
B07C005S01,assaturae,caro,meat (caro),Undirected,7,5,1,Meat
B07C005S02,assaturae_aliter_assaturas_1,piper,pepper,Undirected,7,5,2,Spices
B07C005S02,assaturae_aliter_assaturas_1,origanum,oregano,Undirected,7,5,2,Herbs
B07C005S02,assaturae_aliter_assaturas_1,zingiber,ginger,Undirected,7,5,2,Spices
B07C005S02,assaturae_aliter_assaturas_1,laser,laser,Undirected,7,5,2,Spices
B07C005S02,assaturae_aliter_assaturas_1,costum,costmary,Undirected,7,5,2,Plants
B07C005S02,assaturae_aliter_assaturas_1,apium,celery (celery seed),Undirected,7,5,2,Herbs
B07C005S02,assaturae_aliter_assaturas_1,petroselinum,parsley,Undirected,7,5,2,Herbs
B07C005S02,assaturae_aliter_assaturas_1,liquamen,liquamen,Undirected,7,5,2,Additive
B07C005S02,assaturae_aliter_assaturas_1,oleum,oil,Undirected,7,5,2,Plants
B07C005S02,assaturae_aliter_assaturas_1,pyrethrum,pellitory,Undirected,7,5,2,Spices
B07C005S02,assaturae_aliter_assaturas_1,asaron,wild ginger,Undirected,7,5,2,Spices
B07C005S02,assaturae_aliter_assaturas_1,caro,meat (caro),Undirected,7,5,2,Meat
B07C005S03,assaturae_aliter_assaturas_2,piper,pepper,Undirected,7,5,3,Spices
B07C005S03,assaturae_aliter_assaturas_2,cuminum,cumin,Undirected,7,5,3,Spices
B07C005S03,assaturae_aliter_assaturas_2,liquamen,liquamen,Undirected,7,5,3,Additive
B07C005S03,assaturae_aliter_assaturas_2,sal,salt,Undirected,7,5,3,Additive
B07C005S03,assaturae_aliter_assaturas_2,mel,honey,Undirected,7,5,3,Additive
B07C005S03,assaturae_aliter_assaturas_2,oleum,oil,Undirected,7,5,3,Plants
B07C005S03,assaturae_aliter_assaturas_2,defritum,defritum,Undirected,7,5,3,Additive
B07C005S03,assaturae_aliter_assaturas_2,caro,meat (caro),Undirected,7,5,3,Meat
B07C005S04,assaturae_aliter_assaturas_3,piper,pepper,Undirected,7,5,4,Spices
B07C005S04,assaturae_aliter_assaturas_3,cuminum,cumin,Undirected,7,5,4,Spices
B07C005S04,assaturae_aliter_assaturas_3,anethum,dill,Undirected,7,5,4,Herbs
B07C005S04,assaturae_aliter_assaturas_3,zingiber,ginger,Undirected,7,5,4,Spices
B07C005S04,assaturae_aliter_assaturas_3,laser,laser,Undirected,7,5,4,Spices
B07C005S04,assaturae_aliter_assaturas_3,carum,caraway,Undirected,7,5,4,Spices
B07C005S04,assaturae_aliter_assaturas_3,apium,celery (celery seed),Undirected,7,5,4,Herbs
B07C005S04,assaturae_aliter_assaturas_3,petroselinum,parsley,Undirected,7,5,4,Herbs
B07C005S04,assaturae_aliter_assaturas_3,liquamen,liquamen,Undirected,7,5,4,Additive
B07C005S04,assaturae_aliter_assaturas_3,oleum,oil,Undirected,7,5,4,Plants
B07C005S04,assaturae_aliter_assaturas_3,ligusticum,lovage,Undirected,7,5,4,Herbs
B07C005S04,assaturae_aliter_assaturas_3,pyrethrum,pellitory,Undirected,7,5,4,Spices
B07C005S04,assaturae_aliter_assaturas_3,asaron,wild ginger,Undirected,7,5,4,Spices
B07C005S04,assaturae_aliter_assaturas_3,caro,meat (caro),Undirected,7,5,4,Meat
B07C005S05,assaturae_in_collari,piper,pepper,Undirected,7,5,5,Spices
B07C005S05,assaturae_in_collari,liquamen,liquamen,Undirected,7,5,5,Additive
B07C005S05,assaturae_in_collari,mel,honey,Undirected,7,5,5,Additive
B07C005S05,assaturae_in_collari,caro,meat (caro),Undirected,7,5,5,Meat
B07C006S01,in_elixam_et_copadia,piper,pepper,Undirected,7,6,1,Spices
B07C006S01,in_elixam_et_copadia,origanum,oregano,Undirected,7,6,1,Herbs
B07C006S01,in_elixam_et_copadia,ruta,rue,Undirected,7,6,1,Herbs
B07C006S01,in_elixam_et_copadia,cepa,onion,Undirected,7,6,1,Vegetables
B07C006S01,in_elixam_et_copadia,acetum,vinegar,Undirected,7,6,1,Additive
B07C006S01,in_elixam_et_copadia,mel,honey,Undirected,7,6,1,Additive
B07C006S01,in_elixam_et_copadia,caroenum,caroenum,Undirected,7,6,1,Additive
B07C006S01,in_elixam_et_copadia,oleum,oil,Undirected,7,6,1,Plants
B07C006S01,in_elixam_et_copadia,vinum,wine,Undirected,7,6,1,Alcoholic Beverages
B07C006S01,in_elixam_et_copadia,ligusticum,lovage,Undirected,7,6,1,Herbs
B07C006S01,in_elixam_et_copadia,silphium,silphium,Undirected,7,6,1,Spices
B07C006S02,lus_in_elixam,piper,pepper,Undirected,7,6,2,Spices
B07C006S02,lus_in_elixam,petroselinum,parsley,Undirected,7,6,2,Herbs
B07C006S02,lus_in_elixam,cepa,onion,Undirected,7,6,2,Vegetables
B07C006S02,lus_in_elixam,liquamen,liquamen,Undirected,7,6,2,Additive
B07C006S02,lus_in_elixam,acetum,vinegar,Undirected,7,6,2,Additive
B07C006S02,lus_in_elixam,oleum,oil,Undirected,7,6,2,Plants
B07C006S02,lus_in_elixam,cariota,date,Undirected,7,6,2,Fruit
B07C006S03,ius_in_elixam,piper,pepper,Undirected,7,6,3,Spices
B07C006S03,ius_in_elixam,foeniculum,fennel,Undirected,7,6,3,Herbs
B07C006S03,ius_in_elixam,ruta,rue,Undirected,7,6,3,Herbs
B07C006S03,ius_in_elixam,cepa,onion,Undirected,7,6,3,Vegetables
B07C006S03,ius_in_elixam,liquamen,liquamen,Undirected,7,6,3,Additive
B07C006S03,ius_in_elixam,oleum,oil,Undirected,7,6,3,Plants
B07C006S03,ius_in_elixam,cariota,date,Undirected,7,6,3,Fruit
B07C006S04,ius_candidum_in_elixam,piper,pepper,Undirected,7,6,4,Spices
B07C006S04,ius_candidum_in_elixam,ruta,rue,Undirected,7,6,4,Herbs
B07C006S04,ius_candidum_in_elixam,cepa,onion,Undirected,7,6,4,Vegetables
B07C006S04,ius_candidum_in_elixam,liquamen,liquamen,Undirected,7,6,4,Additive
B07C006S04,ius_candidum_in_elixam,conditum,spiced wine,Undirected,7,6,4,Alcoholic Beverages
B07C006S04,ius_candidum_in_elixam,oleum,oil,Undirected,7,6,4,Plants
B07C006S04,ius_candidum_in_elixam,vinum,wine,Undirected,7,6,4,Alcoholic Beverages
B07C006S04,ius_candidum_in_elixam,nucleus,pine nuts,Undirected,7,6,4,Nuts & Seeds
B07C006S05,ius_candidum_in_elixam_aliter_iuscandidu,piper,pepper,Undirected,7,6,5,Spices
B07C006S05,ius_candidum_in_elixam_aliter_iuscandidu,origanum,oregano,Undirected,7,6,5,Herbs
B07C006S05,ius_candidum_in_elixam_aliter_iuscandidu,thymum,thyme,Undirected,7,6,5,Herbs
B07C006S05,ius_candidum_in_elixam_aliter_iuscandidu,carum,caraway,Undirected,7,6,5,Spices
B07C006S05,ius_candidum_in_elixam_aliter_iuscandidu,cepa,onion,Undirected,7,6,5,Vegetables
B07C006S05,ius_candidum_in_elixam_aliter_iuscandidu,liquamen,liquamen,Undirected,7,6,5,Additive
B07C006S05,ius_candidum_in_elixam_aliter_iuscandidu,acetum,vinegar,Undirected,7,6,5,Additive
B07C006S05,ius_candidum_in_elixam_aliter_iuscandidu,mel,honey,Undirected,7,6,5,Additive
B07C006S05,ius_candidum_in_elixam_aliter_iuscandidu,oleum,oil,Undirected,7,6,5,Plants
B07C006S05,ius_candidum_in_elixam_aliter_iuscandidu,palmula,dates,Undirected,7,6,5,Fruit
B07C006S05,ius_candidum_in_elixam_aliter_iuscandidu,ligusticum,lovage,Undirected,7,6,5,Herbs
B07C006S06,in_copadiis_ius_album,piper,pepper,Undirected,7,6,6,Spices
B07C006S06,in_copadiis_ius_album,cuminum,cumin,Undirected,7,6,6,Spices
B07C006S06,in_copadiis_ius_album,origanum,oregano,Undirected,7,6,6,Herbs
B07C006S06,in_copadiis_ius_album,thymum,thyme,Undirected,7,6,6,Herbs
B07C006S06,in_copadiis_ius_album,ruta,rue,Undirected,7,6,6,Herbs
B07C006S06,in_copadiis_ius_album,acetum,vinegar,Undirected,7,6,6,Additive
B07C006S06,in_copadiis_ius_album,vinum,wine,Undirected,7,6,6,Alcoholic Beverages
B07C006S06,in_copadiis_ius_album,ligusticum,lovage,Undirected,7,6,6,Herbs
B07C006S06,in_copadiis_ius_album,prunum_damascenum,damascene plums,Undirected,7,6,6,Fruit
B07C006S06,in_copadiis_ius_album,mulsum,honied wine,Undirected,7,6,6,Alcoholic Beverages
B07C006S07,in_copadiis_ius_album_aliter_ius_candidu,piper,pepper,Undirected,7,6,7,Spices
B07C006S07,in_copadiis_ius_album_aliter_ius_candidu,cuminum,cumin,Undirected,7,6,7,Spices
B07C006S07,in_copadiis_ius_album_aliter_ius_candidu,foeniculum,fennel,Undirected,7,6,7,Herbs
B07C006S07,in_copadiis_ius_album_aliter_ius_candidu,thymum,thyme,Undirected,7,6,7,Herbs
B07C006S07,in_copadiis_ius_album_aliter_ius_candidu,apium,celery (celery seed),Undirected,7,6,7,Herbs
B07C006S07,in_copadiis_ius_album_aliter_ius_candidu,mulsum,honied wine,Undirected,7,6,7,Alcoholic Beverages
B07C006S07,in_copadiis_ius_album_aliter_ius_candidu,uva,grapes,Undirected,7,6,7,Fruit
B07C006S07,in_copadiis_ius_album_aliter_ius_candidu,ruta,rue,Undirected,7,6,7,Herbs
B07C006S07,in_copadiis_ius_album_aliter_ius_candidu,menta,mint,Undirected,7,6,7,Herbs
B07C006S07,in_copadiis_ius_album_aliter_ius_candidu,bacae_myrti,myrtle berry,Undirected,7,6,7,Fruit
B07C006S07,in_copadiis_ius_album_aliter_ius_candidu,passum,raisin wine,Undirected,7,6,7,Alcoholic Beverages
B07C006S07,in_copadiis_ius_album_aliter_ius_candidu,satureia,savory,Undirected,7,6,7,Herbs
B07C006S07,in_copadiis_ius_album_aliter_ius_candidu,uvae_passae,raisins,Undirected,7,6,7,Fruit
B07C006S08,ius_in_copadiis,piper,pepper,Undirected,7,6,8,Spices
B07C006S08,ius_in_copadiis,carum,caraway,Undirected,7,6,8,Spices
B07C006S08,ius_in_copadiis,satureia,savory,Undirected,7,6,8,Herbs
B07C006S08,ius_in_copadiis,porrum,leeks,Undirected,7,6,8,Vegetables
B07C006S08,ius_in_copadiis,liquamen,liquamen,Undirected,7,6,8,Additive
B07C006S08,ius_in_copadiis,acetum,vinegar,Undirected,7,6,8,Additive
B07C006S08,ius_in_copadiis,mel,honey,Undirected,7,6,8,Additive
B07C006S08,ius_in_copadiis,oleum,oil,Undirected,7,6,8,Plants
B07C006S08,ius_in_copadiis,ovum,eggs,Undirected,7,6,8,Dairy
B07C006S08,ius_in_copadiis,ligusticum,lovage,Undirected,7,6,8,Herbs
B07C006S08,ius_in_copadiis,menta,mint,Undirected,7,6,8,Herbs
B07C006S08,ius_in_copadiis,folia_nardi,spikenard leaves,Undirected,7,6,8,Herbs
B07C006S08,ius_in_copadiis,mulsum,honied wine,Undirected,7,6,8,Alcoholic Beverages
B07C006S08,ius_in_copadiis,spica_nardi,indian spikenard,Undirected,7,6,8,Spices
B07C006S09,ius_album_in_copadiis,piper,pepper,Undirected,7,6,9,Spices
B07C006S09,ius_album_in_copadiis,cuminum,cumin,Undirected,7,6,9,Spices
B07C006S09,ius_album_in_copadiis,thymum,thyme,Undirected,7,6,9,Herbs
B07C006S09,ius_album_in_copadiis,apium,celery (celery seed),Undirected,7,6,9,Herbs
B07C006S09,ius_album_in_copadiis,liquamen,liquamen,Undirected,7,6,9,Additive
B07C006S09,ius_album_in_copadiis,acetum,vinegar,Undirected,7,6,9,Additive
B07C006S09,ius_album_in_copadiis,mel,honey,Undirected,7,6,9,Additive
B07C006S09,ius_album_in_copadiis,oleum,oil,Undirected,7,6,9,Plants
B07C006S09,ius_album_in_copadiis,nux,wallnuts,Undirected,7,6,9,Nuts & Seeds
B07C006S09,ius_album_in_copadiis,ligusticum,lovage,Undirected,7,6,9,Herbs
B07C006S09,ius_album_in_copadiis,nucleus,pine nuts,Undirected,7,6,9,Nuts & Seeds
B07C006S10,ius_in_copadiis_aliter_1,piper,pepper,Undirected,7,6,10,Spices
B07C006S10,ius_in_copadiis_aliter_1,carum,caraway,Undirected,7,6,10,Spices
B07C006S10,ius_in_copadiis_aliter_1,sinapis,mustard,Undirected,7,6,10,Spices
B07C006S10,ius_in_copadiis_aliter_1,satureia,savory,Undirected,7,6,10,Herbs
B07C006S10,ius_in_copadiis_aliter_1,apium,celery (celery seed),Undirected,7,6,10,Herbs
B07C006S10,ius_in_copadiis_aliter_1,cepa,onion,Undirected,7,6,10,Vegetables
B07C006S10,ius_in_copadiis_aliter_1,liquamen,liquamen,Undirected,7,6,10,Additive
B07C006S10,ius_in_copadiis_aliter_1,oleum,oil,Undirected,7,6,10,Plants
B07C006S10,ius_in_copadiis_aliter_1,amygdala,almonds,Undirected,7,6,10,Nuts & Seeds
B07C006S10,ius_in_copadiis_aliter_1,defritum,defritum,Undirected,7,6,10,Additive
B07C006S10,ius_in_copadiis_aliter_1,cariota,date,Undirected,7,6,10,Fruit
B07C006S11,ius_in_copadiis_aliter_2,piper,pepper,Undirected,7,6,11,Spices
B07C006S11,ius_in_copadiis_aliter_2,petroselinum,parsley,Undirected,7,6,11,Herbs
B07C006S11,ius_in_copadiis_aliter_2,cepa,onion,Undirected,7,6,11,Vegetables
B07C006S11,ius_in_copadiis_aliter_2,liquamen,liquamen,Undirected,7,6,11,Additive
B07C006S11,ius_in_copadiis_aliter_2,acetum,vinegar,Undirected,7,6,11,Additive
B07C006S11,ius_in_copadiis_aliter_2,mel,honey,Undirected,7,6,11,Additive
B07C006S11,ius_in_copadiis_aliter_2,oleum,oil,Undirected,7,6,11,Plants
B07C006S11,ius_in_copadiis_aliter_2,palmula,dates,Undirected,7,6,11,Fruit
B07C006S11,ius_in_copadiis_aliter_2,amygdala,almonds,Undirected,7,6,11,Nuts & Seeds
B07C006S11,ius_in_copadiis_aliter_2,ligusticum,lovage,Undirected,7,6,11,Herbs
B07C006S11,ius_in_copadiis_aliter_2,defritum,defritum,Undirected,7,6,11,Additive
B07C006S12,ius_in_copadiis_aliter_3,piper,pepper,Undirected,7,6,12,Spices
B07C006S12,ius_in_copadiis_aliter_3,cuminum,cumin,Undirected,7,6,12,Spices
B07C006S12,ius_in_copadiis_aliter_3,petroselinum,parsley,Undirected,7,6,12,Herbs
B07C006S12,ius_in_copadiis_aliter_3,porrum,leeks,Undirected,7,6,12,Vegetables
B07C006S12,ius_in_copadiis_aliter_3,liquamen,liquamen,Undirected,7,6,12,Additive
B07C006S12,ius_in_copadiis_aliter_3,acetum,vinegar,Undirected,7,6,12,Additive
B07C006S12,ius_in_copadiis_aliter_3,mel,honey,Undirected,7,6,12,Additive
B07C006S12,ius_in_copadiis_aliter_3,oleum,oil,Undirected,7,6,12,Plants
B07C006S12,ius_in_copadiis_aliter_3,ovum,eggs,Undirected,7,6,12,Dairy
B07C006S12,ius_in_copadiis_aliter_3,bacae_myrti,myrtle berry,Undirected,7,6,12,Fruit
B07C006S13,ius_in_elixam_anethatum_crudum,piper,pepper,Undirected,7,6,13,Spices
B07C006S13,ius_in_elixam_anethatum_crudum,anethum,dill,Undirected,7,6,13,Herbs
B07C006S13,ius_in_elixam_anethatum_crudum,laser,laser,Undirected,7,6,13,Spices
B07C006S13,ius_in_elixam_anethatum_crudum,sinapis,mustard,Undirected,7,6,13,Spices
B07C006S13,ius_in_elixam_anethatum_crudum,liquamen,liquamen,Undirected,7,6,13,Additive
B07C006S13,ius_in_elixam_anethatum_crudum,acetum,vinegar,Undirected,7,6,13,Additive
B07C006S13,ius_in_elixam_anethatum_crudum,mel,honey,Undirected,7,6,13,Additive
B07C006S13,ius_in_elixam_anethatum_crudum,oleum,oil,Undirected,7,6,13,Plants
B07C006S13,ius_in_elixam_anethatum_crudum,defritum,defritum,Undirected,7,6,13,Additive
B07C006S13,ius_in_elixam_anethatum_crudum,menta,mint,Undirected,7,6,13,Herbs
B07C006S13,ius_in_elixam_anethatum_crudum,porcus,pork,Undirected,7,6,13,Meat
B07C006S13,ius_in_elixam_anethatum_crudum,cariota,date,Undirected,7,6,13,Fruit
B07C006S14,ius_in_elixam_allecatum,piper,pepper,Undirected,7,6,14,Spices
B07C006S14,ius_in_elixam_allecatum,thymum,thyme,Undirected,7,6,14,Herbs
B07C006S14,ius_in_elixam_allecatum,carum,caraway,Undirected,7,6,14,Spices
B07C006S14,ius_in_elixam_allecatum,apium,celery (celery seed),Undirected,7,6,14,Herbs
B07C006S14,ius_in_elixam_allecatum,cepa,onion,Undirected,7,6,14,Vegetables
B07C006S14,ius_in_elixam_allecatum,mel,honey,Undirected,7,6,14,Additive
B07C006S14,ius_in_elixam_allecatum,oleum,oil,Undirected,7,6,14,Plants
B07C006S14,ius_in_elixam_allecatum,vinum,wine,Undirected,7,6,14,Alcoholic Beverages
B07C006S14,ius_in_elixam_allecatum,palmula,dates,Undirected,7,6,14,Fruit
B07C006S14,ius_in_elixam_allecatum,ligusticum,lovage,Undirected,7,6,14,Herbs
B07C006S14,ius_in_elixam_allecatum,allec,fish paste,Undirected,7,6,14,Additive
B07C007S01,uentricula,piper,pepper,Undirected,7,7,1,Spices
B07C007S01,uentricula,zingiber,ginger,Undirected,7,7,1,Spices
B07C007S01,uentricula,ruta,rue,Undirected,7,7,1,Herbs
B07C007S01,uentricula,liquamen,liquamen,Undirected,7,7,1,Additive
B07C007S01,uentricula,acetum,vinegar,Undirected,7,7,1,Additive
B07C007S01,uentricula,sal,salt,Undirected,7,7,1,Additive
B07C007S01,uentricula,oleum,oil,Undirected,7,7,1,Plants
B07C007S01,uentricula,ovum,eggs,Undirected,7,7,1,Dairy
B07C007S01,uentricula,ligusticum,lovage,Undirected,7,7,1,Herbs
B07C007S01,uentricula,cerebrum,brain,Undirected,7,7,1,Meat
B07C007S01,uentricula,silphium,silphium,Undirected,7,7,1,Spices
B07C007S01,uentricula,merum,pure wine,Undirected,7,7,1,Alcoholic Beverages
B07C007S01,uentricula,porcus,pork,Undirected,7,7,1,Meat
B07C007S01,uentricula,nucleus,pine nuts,Undirected,7,7,1,Nuts & Seeds
B07C007S02,ventrem_ut_tostum_facias,muria,brine,Undirected,7,7,2,Additive
B07C007S02,ventrem_ut_tostum_facias,porcus,pork,Undirected,7,7,2,Meat
B07C008S01,lumbi_et_renes,piper,pepper,Undirected,7,8,1,Spices
B07C008S01,lumbi_et_renes,coriandrum,coriander,Undirected,7,8,1,Herbs
B07C008S01,lumbi_et_renes,foeniculum,fennel,Undirected,7,8,1,Herbs
B07C008S01,lumbi_et_renes,liquamen,liquamen,Undirected,7,8,1,Additive
B07C008S01,lumbi_et_renes,oleum,oil,Undirected,7,8,1,Plants
B07C008S01,lumbi_et_renes,nucleus,pine nuts,Undirected,7,8,1,Nuts & Seeds
B07C008S01,lumbi_et_renes,omentum,caul,Undirected,7,8,1,Meat
B07C008S01,lumbi_et_renes,porcus,pork,Undirected,7,8,1,Meat
B07C009S01,perna,folium_lauri,bay/laurel leaves,Undirected,7,9,1,Herbs
B07C009S01,perna,mel,honey,Undirected,7,9,1,Additive
B07C009S01,perna,oleum,oil,Undirected,7,9,1,Plants
B07C009S01,perna,farina,flour,Undirected,7,9,1,Cereals
B07C009S01,perna,perna,ham,Undirected,7,9,1,Meat
B07C009S01,perna,ficus,fig,Undirected,7,9,1,Fruit
B07C009S01,perna,palmula,dates,Undirected,7,9,1,Fruit
B07C009S02,pernae_cocturam,conditum,spiced wine,Undirected,7,9,2,Alcoholic Beverages
B07C009S02,pernae_cocturam,caroenum,caroenum,Undirected,7,9,2,Additive
B07C009S02,pernae_cocturam,perna,ham,Undirected,7,9,2,Meat
B07C009S02,pernae_cocturam,palmula,dates,Undirected,7,9,2,Fruit
B07C009S02,pernae_cocturam,mustum,must / grape must (mustum),Undirected,7,9,2,Additive
B07C010S01,petasonem_ex_musteis,piper,pepper,Undirected,7,10,1,Spices
B07C010S01,petasonem_ex_musteis,ruta,rue,Undirected,7,10,1,Herbs
B07C010S01,petasonem_ex_musteis,mel,honey,Undirected,7,10,1,Additive
B07C010S01,petasonem_ex_musteis,passum,raisin wine,Undirected,7,10,1,Alcoholic Beverages
B07C010S01,petasonem_ex_musteis,merum,pure wine,Undirected,7,10,1,Alcoholic Beverages
B07C010S01,petasonem_ex_musteis,hordeum,barley,Undirected,7,10,1,Cereals
B07C010S01,petasonem_ex_musteis,palmula,dates,Undirected,7,10,1,Fruit
B07C010S01,petasonem_ex_musteis,porcus,pork,Undirected,7,10,1,Meat
B07C011S01,laridi_coctura,anethum,dill,Undirected,7,11,1,Herbs
B07C011S01,laridi_coctura,sal,salt,Undirected,7,11,1,Additive
B07C011S01,laridi_coctura,oleum,oil,Undirected,7,11,1,Plants
B07C011S01,laridi_coctura,lardum,bacon/fat,Undirected,7,11,1,Meat
B07C012S01,iecinora_siue_pulmones,piper,pepper,Undirected,7,12,1,Spices
B07C012S01,iecinora_siue_pulmones,lac,milk,Undirected,7,12,1,Dairy
B07C012S01,iecinora_siue_pulmones,ovum,eggs,Undirected,7,12,1,Dairy
B07C012S01,iecinora_siue_pulmones,oenogarum,oenogarum,Undirected,7,12,1,Additive
B07C012S01,iecinora_siue_pulmones,iecur,liver,Undirected,7,12,1,Meat
B07C012S02,iecinora_siue_pulmones_aliter_in_pulmoni,piper,pepper,Undirected,7,12,2,Spices
B07C012S02,iecinora_siue_pulmones_aliter_in_pulmoni,liquamen,liquamen,Undirected,7,12,2,Additive
B07C012S02,iecinora_siue_pulmones_aliter_in_pulmoni,sal,salt,Undirected,7,12,2,Additive
B07C012S02,iecinora_siue_pulmones_aliter_in_pulmoni,mel,honey,Undirected,7,12,2,Additive
B07C012S02,iecinora_siue_pulmones_aliter_in_pulmoni,passum,raisin wine,Undirected,7,12,2,Alcoholic Beverages
B07C012S02,iecinora_siue_pulmones_aliter_in_pulmoni,lac,milk,Undirected,7,12,2,Dairy
B07C012S02,iecinora_siue_pulmones_aliter_in_pulmoni,ovum,eggs,Undirected,7,12,2,Dairy
B07C012S02,iecinora_siue_pulmones_aliter_in_pulmoni,merum,pure wine,Undirected,7,12,2,Alcoholic Beverages
B07C012S02,iecinora_siue_pulmones_aliter_in_pulmoni,oenogarum,oenogarum,Undirected,7,12,2,Additive
B07C012S02,iecinora_siue_pulmones_aliter_in_pulmoni,pulmones,lungs,Undirected,7,12,2,Meat
B07C012S02,iecinora_siue_pulmones_aliter_in_pulmoni,iecur,liver,Undirected,7,12,2,Meat
B07C013S01,dulcia_domestica_et_melcae,piper,pepper,Undirected,7,13,1,Spices
B07C013S01,dulcia_domestica_et_melcae,sal,salt,Undirected,7,13,1,Additive
B07C013S01,dulcia_domestica_et_melcae,mel,honey,Undirected,7,13,1,Additive
B07C013S01,dulcia_domestica_et_melcae,palmula,dates,Undirected,7,13,1,Fruit
B07C013S01,dulcia_domestica_et_melcae,nux,wallnuts,Undirected,7,13,1,Nuts & Seeds
B07C013S01,dulcia_domestica_et_melcae,nucleus,pine nuts,Undirected,7,13,1,Nuts & Seeds
B07C013S02,dulcia_domestica_et_melcae_aliter_dulcia,piper,pepper,Undirected,7,13,2,Spices
B07C013S02,dulcia_domestica_et_melcae_aliter_dulcia,mel,honey,Undirected,7,13,2,Additive
B07C013S02,dulcia_domestica_et_melcae_aliter_dulcia,lac,milk,Undirected,7,13,2,Dairy
B07C013S03,dulcia_domestica_et_melcae_aliter_dulcia,mel,honey,Undirected,7,13,3,Additive
B07C013S03,dulcia_domestica_et_melcae_aliter_dulcia,oleum,oil,Undirected,7,13,3,Plants
B07C013S03,dulcia_domestica_et_melcae_aliter_dulcia,lac,milk,Undirected,7,13,3,Dairy
B07C013S04,dulcia_domestica_et_melcae_aliter_dulcia,ruta,rue,Undirected,7,13,4,Herbs
B07C013S04,dulcia_domestica_et_melcae_aliter_dulcia,mel,honey,Undirected,7,13,4,Additive
B07C013S04,dulcia_domestica_et_melcae_aliter_dulcia,passum,raisin wine,Undirected,7,13,4,Alcoholic Beverages
B07C013S04,dulcia_domestica_et_melcae_aliter_dulcia,nux,wallnuts,Undirected,7,13,4,Nuts & Seeds
B07C013S04,dulcia_domestica_et_melcae_aliter_dulcia,piper,pepper,Undirected,7,13,4,Spices
B07C013S04,dulcia_domestica_et_melcae_aliter_dulcia,merum,pure wine,Undirected,7,13,4,Alcoholic Beverages
B07C013S04,dulcia_domestica_et_melcae_aliter_dulcia,nucleus,pine nuts,Undirected,7,13,4,Nuts & Seeds
B07C013S04,dulcia_domestica_et_melcae_aliter_dulcia,alica,spelt / emmer wheat,Undirected,7,13,4,Cereals
B07C013S05,dulcia_domestica_et_melcae_aliter_dulcia,piper,pepper,Undirected,7,13,5,Spices
B07C013S05,dulcia_domestica_et_melcae_aliter_dulcia,ruta,rue,Undirected,7,13,5,Herbs
B07C013S05,dulcia_domestica_et_melcae_aliter_dulcia,mel,honey,Undirected,7,13,5,Additive
B07C013S05,dulcia_domestica_et_melcae_aliter_dulcia,passum,raisin wine,Undirected,7,13,5,Alcoholic Beverages
B07C013S05,dulcia_domestica_et_melcae_aliter_dulcia,lac,milk,Undirected,7,13,5,Dairy
B07C013S05,dulcia_domestica_et_melcae_aliter_dulcia,nucleus,pine nuts,Undirected,7,13,5,Nuts & Seeds
B07C013S05,dulcia_domestica_et_melcae_aliter_dulcia,coagulum,coagulant,Undirected,7,13,5,Additive
B07C013S05,dulcia_domestica_et_melcae_aliter_dulcia,ovum,eggs,Undirected,7,13,5,Dairy
B07C013S06,dulcia_domestica_et_melcae_aliter_dulcia,piper,pepper,Undirected,7,13,6,Spices
B07C013S06,dulcia_domestica_et_melcae_aliter_dulcia,mel,honey,Undirected,7,13,6,Additive
B07C013S06,dulcia_domestica_et_melcae_aliter_dulcia,oleum,oil,Undirected,7,13,6,Plants
B07C013S06,dulcia_domestica_et_melcae_aliter_dulcia,lac,milk,Undirected,7,13,6,Dairy
B07C013S06,dulcia_domestica_et_melcae_aliter_dulcia,simila,fine flour,Undirected,7,13,6,Cereals
B07C013S07,tyropatinam,piper,pepper,Undirected,7,13,7,Spices
B07C013S07,tyropatinam,mel,honey,Undirected,7,13,7,Additive
B07C013S07,tyropatinam,lac,milk,Undirected,7,13,7,Dairy
B07C013S07,tyropatinam,ovum,eggs,Undirected,7,13,7,Dairy
B07C013S08,ova_spongia_ex_lacte,piper,pepper,Undirected,7,13,8,Spices
B07C013S08,ova_spongia_ex_lacte,mel,honey,Undirected,7,13,8,Additive
B07C013S08,ova_spongia_ex_lacte,oleum,oil,Undirected,7,13,8,Plants
B07C013S08,ova_spongia_ex_lacte,lac,milk,Undirected,7,13,8,Dairy
B07C013S08,ova_spongia_ex_lacte,ovum,eggs,Undirected,7,13,8,Dairy
B07C013S09,melca,piper,pepper,Undirected,7,13,9,Spices
B07C013S09,melca,coriandrum,coriander,Undirected,7,13,9,Herbs
B07C013S09,melca,liquamen,liquamen,Undirected,7,13,9,Additive
B07C013S09,melca,sal,salt,Undirected,7,13,9,Additive
B07C013S09,melca,oleum,oil,Undirected,7,13,9,Plants
B07C014S01,bulbos,cuminum,cumin,Undirected,7,14,1,Spices
B07C014S01,bulbos,liquamen,liquamen,Undirected,7,14,1,Additive
B07C014S01,bulbos,acetum,vinegar,Undirected,7,14,1,Additive
B07C014S01,bulbos,oleum,oil,Undirected,7,14,1,Plants
B07C014S01,bulbos,bulbus,bulb,Undirected,7,14,1,Vegetables
B07C014S02,bulbos_aliter_1,piper,pepper,Undirected,7,14,2,Spices
B07C014S02,bulbos_aliter_1,origanum,oregano,Undirected,7,14,2,Herbs
B07C014S02,bulbos_aliter_1,thymum,thyme,Undirected,7,14,2,Herbs
B07C014S02,bulbos_aliter_1,liquamen,liquamen,Undirected,7,14,2,Additive
B07C014S02,bulbos_aliter_1,acetum,vinegar,Undirected,7,14,2,Additive
B07C014S02,bulbos_aliter_1,mel,honey,Undirected,7,14,2,Additive
B07C014S02,bulbos_aliter_1,oleum,oil,Undirected,7,14,2,Plants
B07C014S02,bulbos_aliter_1,bulbus,bulb,Undirected,7,14,2,Vegetables
B07C014S02,bulbos_aliter_1,pulegium,pennyroyal,Undirected,7,14,2,Herbs
B07C014S03,bulbos_aliter_2,piper,pepper,Undirected,7,14,3,Spices
B07C014S03,bulbos_aliter_2,origanum,oregano,Undirected,7,14,3,Herbs
B07C014S03,bulbos_aliter_2,thymum,thyme,Undirected,7,14,3,Herbs
B07C014S03,bulbos_aliter_2,acetum,vinegar,Undirected,7,14,3,Additive
B07C014S03,bulbos_aliter_2,mel,honey,Undirected,7,14,3,Additive
B07C014S03,bulbos_aliter_2,oleum,oil,Undirected,7,14,3,Plants
B07C014S03,bulbos_aliter_2,bulbus,bulb,Undirected,7,14,3,Vegetables
B07C014S03,bulbos_aliter_2,defritum,defritum,Undirected,7,14,3,Additive
B07C014S03,bulbos_aliter_2,eruca,rocket,Undirected,7,14,3,Plants
B07C014S03,bulbos_aliter_2,cariota,date,Undirected,7,14,3,Fruit
B07C014S03,bulbos_aliter_2,nucleus,pine nuts,Undirected,7,14,3,Nuts & Seeds
B07C014S04,MISSING_RECIPE_B07C014S04,oenogarum,oenogarum,Undirected,7,14,4,Additive
B07C014S04,MISSING_RECIPE_B07C014S04,bulbus,bulb,Undirected,7,14,4,Vegetables
B07C015S01,xu_fungi_farnei_uel_boleti,piper,pepper,Undirected,7,15,1,Spices
B07C015S01,xu_fungi_farnei_uel_boleti,liquamen,liquamen,Undirected,7,15,1,Additive
B07C015S01,xu_fungi_farnei_uel_boleti,boletus,mushroom ,Undirected,7,15,1,Fungi
B07C015S01,xu_fungi_farnei_uel_boleti,fungi,mushrooms,Undirected,7,15,1,Fungi
B07C015S01,xu_fungi_farnei_uel_boleti,oenogarum,oenogarum,Undirected,7,15,1,Additive
B07C015S02,in_fungis_farneis,piper,pepper,Undirected,7,15,2,Spices
B07C015S02,in_fungis_farneis,acetum,vinegar,Undirected,7,15,2,Additive
B07C015S02,in_fungis_farneis,caroenum,caroenum,Undirected,7,15,2,Additive
B07C015S02,in_fungis_farneis,oleum,oil,Undirected,7,15,2,Plants
B07C015S02,in_fungis_farneis,fungi,mushrooms,Undirected,7,15,2,Fungi
B07C015S03,in_fungis_farneis_aliter_fungi_farnei_1,coriandrum,coriander,Undirected,7,15,3,Herbs
B07C015S03,in_fungis_farneis_aliter_fungi_farnei_1,sal,salt,Undirected,7,15,3,Additive
B07C015S03,in_fungis_farneis_aliter_fungi_farnei_1,oleum,oil,Undirected,7,15,3,Plants
B07C015S03,in_fungis_farneis_aliter_fungi_farnei_1,fungi,mushrooms,Undirected,7,15,3,Fungi
B07C015S03,in_fungis_farneis_aliter_fungi_farnei_1,merum,pure wine,Undirected,7,15,3,Alcoholic Beverages
B07C015S04,boletos_fungos,coriandrum,coriander,Undirected,7,15,4,Herbs
B07C015S04,boletos_fungos,caroenum,caroenum,Undirected,7,15,4,Additive
B07C015S04,boletos_fungos,boletus,mushroom ,Undirected,7,15,4,Fungi
B07C015S04,boletos_fungos,fungi,mushrooms,Undirected,7,15,4,Fungi
B07C015S05,boletos_aliter,piper,pepper,Undirected,7,15,5,Spices
B07C015S05,boletos_aliter,liquamen,liquamen,Undirected,7,15,5,Additive
B07C015S05,boletos_aliter,sal,salt,Undirected,7,15,5,Additive
B07C015S05,boletos_aliter,mel,honey,Undirected,7,15,5,Additive
B07C015S05,boletos_aliter,oleum,oil,Undirected,7,15,5,Plants
B07C015S05,boletos_aliter,boletus,mushroom ,Undirected,7,15,5,Fungi
B07C015S05,boletos_aliter,ligusticum,lovage,Undirected,7,15,5,Herbs
B07C016S01,tubera,piper,pepper,Undirected,7,16,1,Spices
B07C016S01,tubera,liquamen,liquamen,Undirected,7,16,1,Additive
B07C016S01,tubera,sal,salt,Undirected,7,16,1,Additive
B07C016S01,tubera,mel,honey,Undirected,7,16,1,Additive
B07C016S01,tubera,caroenum,caroenum,Undirected,7,16,1,Additive
B07C016S01,tubera,oleum,oil,Undirected,7,16,1,Plants
B07C016S01,tubera,vinum,wine,Undirected,7,16,1,Alcoholic Beverages
B07C016S01,tubera,amulum,roux,Undirected,7,16,1,Cereals
B07C016S01,tubera,tubera,truffles,Undirected,7,16,1,Fungi
B07C016S02,tubera_aliter_tubera_1,piper,pepper,Undirected,7,16,2,Spices
B07C016S02,tubera_aliter_tubera_1,liquamen,liquamen,Undirected,7,16,2,Additive
B07C016S02,tubera_aliter_tubera_1,sal,salt,Undirected,7,16,2,Additive
B07C016S02,tubera_aliter_tubera_1,mel,honey,Undirected,7,16,2,Additive
B07C016S02,tubera_aliter_tubera_1,caroenum,caroenum,Undirected,7,16,2,Additive
B07C016S02,tubera_aliter_tubera_1,oleum,oil,Undirected,7,16,2,Plants
B07C016S02,tubera_aliter_tubera_1,vinum,wine,Undirected,7,16,2,Alcoholic Beverages
B07C016S02,tubera_aliter_tubera_1,amulum,roux,Undirected,7,16,2,Cereals
B07C016S02,tubera_aliter_tubera_1,tubera,truffles,Undirected,7,16,2,Fungi
B07C016S02,tubera_aliter_tubera_1,porcus,pork,Undirected,7,16,2,Meat
B07C016S02,tubera_aliter_tubera_1,omentum,caul,Undirected,7,16,2,Meat
B07C016S03,tubera_aliter_tubera_2,piper,pepper,Undirected,7,16,3,Spices
B07C016S03,tubera_aliter_tubera_2,coriandrum,coriander,Undirected,7,16,3,Herbs
B07C016S03,tubera_aliter_tubera_2,ruta,rue,Undirected,7,16,3,Herbs
B07C016S03,tubera_aliter_tubera_2,liquamen,liquamen,Undirected,7,16,3,Additive
B07C016S03,tubera_aliter_tubera_2,oenogarum,oenogarum,Undirected,7,16,3,Additive
B07C016S03,tubera_aliter_tubera_2,mel,honey,Undirected,7,16,3,Additive
B07C016S03,tubera_aliter_tubera_2,oleum,oil,Undirected,7,16,3,Plants
B07C016S03,tubera_aliter_tubera_2,vinum,wine,Undirected,7,16,3,Alcoholic Beverages
B07C016S03,tubera_aliter_tubera_2,tubera,truffles,Undirected,7,16,3,Fungi
B07C016S03,tubera_aliter_tubera_2,ligusticum,lovage,Undirected,7,16,3,Herbs
B07C016S04,tubera_aliter_tubera_3,piper,pepper,Undirected,7,16,4,Spices
B07C016S04,tubera_aliter_tubera_3,ruta,rue,Undirected,7,16,4,Herbs
B07C016S04,tubera_aliter_tubera_3,mel,honey,Undirected,7,16,4,Additive
B07C016S04,tubera_aliter_tubera_3,oleum,oil,Undirected,7,16,4,Plants
B07C016S04,tubera_aliter_tubera_3,vinum,wine,Undirected,7,16,4,Alcoholic Beverages
B07C016S04,tubera_aliter_tubera_3,tubera,truffles,Undirected,7,16,4,Fungi
B07C016S04,tubera_aliter_tubera_3,menta,mint,Undirected,7,16,4,Herbs
B07C016S05,tubera_aliter_tubera_4,piper,pepper,Undirected,7,16,5,Spices
B07C016S05,tubera_aliter_tubera_4,coriandrum,coriander,Undirected,7,16,5,Herbs
B07C016S05,tubera_aliter_tubera_4,porrum,leeks,Undirected,7,16,5,Vegetables
B07C016S05,tubera_aliter_tubera_4,sal,salt,Undirected,7,16,5,Additive
B07C016S05,tubera_aliter_tubera_4,oleum,oil,Undirected,7,16,5,Plants
B07C016S05,tubera_aliter_tubera_4,tubera,truffles,Undirected,7,16,5,Fungi
B07C016S05,tubera_aliter_tubera_4,merum,pure wine,Undirected,7,16,5,Alcoholic Beverages
B07C016S06,tubera_aliter_tubera_5,piper,pepper,Undirected,7,16,6,Spices
B07C016S06,tubera_aliter_tubera_5,cuminum,cumin,Undirected,7,16,6,Spices
B07C016S06,tubera_aliter_tubera_5,silphium,silphium,Undirected,7,16,6,Spices
B07C016S06,tubera_aliter_tubera_5,ruta,rue,Undirected,7,16,6,Herbs
B07C016S06,tubera_aliter_tubera_5,apium,celery (celery seed),Undirected,7,16,6,Herbs
B07C016S06,tubera_aliter_tubera_5,liquamen,liquamen,Undirected,7,16,6,Additive
B07C016S06,tubera_aliter_tubera_5,acetum,vinegar,Undirected,7,16,6,Additive
B07C016S06,tubera_aliter_tubera_5,sal,salt,Undirected,7,16,6,Additive
B07C016S06,tubera_aliter_tubera_5,mel,honey,Undirected,7,16,6,Additive
B07C016S06,tubera_aliter_tubera_5,oleum,oil,Undirected,7,16,6,Plants
B07C016S06,tubera_aliter_tubera_5,vinum,wine,Undirected,7,16,6,Alcoholic Beverages
B07C016S06,tubera_aliter_tubera_5,tubera,truffles,Undirected,7,16,6,Fungi
B07C016S06,tubera_aliter_tubera_5,menta,mint,Undirected,7,16,6,Herbs
B07C017S01,in_colocasio,piper,pepper,Undirected,7,17,1,Spices
B07C017S01,in_colocasio,cuminum,cumin,Undirected,7,17,1,Spices
B07C017S01,in_colocasio,ruta,rue,Undirected,7,17,1,Herbs
B07C017S01,in_colocasio,liquamen,liquamen,Undirected,7,17,1,Additive
B07C017S01,in_colocasio,mel,honey,Undirected,7,17,1,Additive
B07C017S01,in_colocasio,oleum,oil,Undirected,7,17,1,Plants
B07C017S01,in_colocasio,amulum,roux,Undirected,7,17,1,Cereals
B07C017S01,in_colocasio,colocasia,colocasia ,Undirected,7,17,1,Plants
B07C018S01,cocleas,oenogarum,oenogarum,Undirected,7,18,1,Additive
B07C018S01,cocleas,sal,salt,Undirected,7,18,1,Additive
B07C018S01,cocleas,oleum,oil,Undirected,7,18,1,Plants
B07C018S01,cocleas,lac,milk,Undirected,7,18,1,Dairy
B07C018S01,cocleas,cochlea,snails,Undirected,7,18,1,Meat
B07C018S02,cocleas_aliter_1,piper,pepper,Undirected,7,18,2,Spices
B07C018S02,cocleas_aliter_1,laser,laser,Undirected,7,18,2,Spices
B07C018S02,cocleas_aliter_1,liquamen,liquamen,Undirected,7,18,2,Additive
B07C018S02,cocleas_aliter_1,sal,salt,Undirected,7,18,2,Additive
B07C018S02,cocleas_aliter_1,oleum,oil,Undirected,7,18,2,Plants
B07C018S02,cocleas_aliter_1,cochlea,snails,Undirected,7,18,2,Meat
B07C018S03,cocleas_assas,piper,pepper,Undirected,7,18,3,Spices
B07C018S03,cocleas_assas,cuminum,cumin,Undirected,7,18,3,Spices
B07C018S03,cocleas_assas,liquamen,liquamen,Undirected,7,18,3,Additive
B07C018S03,cocleas_assas,cochlea,snails,Undirected,7,18,3,Meat
B07C018S04,cocleas_assas_aliter_cocleas_1,lac,milk,Undirected,7,18,4,Dairy
B07C018S04,cocleas_assas_aliter_cocleas_1,cochlea,snails,Undirected,7,18,4,Meat
B07C019S01,oua,ovum,eggs,Undirected,7,19,1,Dairy
B07C019S02,ova_elixa,piper,pepper,Undirected,7,19,2,Spices
B07C019S02,ova_elixa,laser,laser,Undirected,7,19,2,Spices
B07C019S02,ova_elixa,liquamen,liquamen,Undirected,7,19,2,Additive
B07C019S02,ova_elixa,oleum,oil,Undirected,7,19,2,Plants
B07C019S02,ova_elixa,ovum,eggs,Undirected,7,19,2,Dairy
B07C019S02,ova_elixa,merum,pure wine,Undirected,7,19,2,Alcoholic Beverages
B07C019S03,in_ovis_hapalis,piper,pepper,Undirected,7,19,3,Spices
B07C019S03,in_ovis_hapalis,liquamen,liquamen,Undirected,7,19,3,Additive
B07C019S03,in_ovis_hapalis,acetum,vinegar,Undirected,7,19,3,Additive
B07C019S03,in_ovis_hapalis,mel,honey,Undirected,7,19,3,Additive
B07C019S03,in_ovis_hapalis,ligusticum,lovage,Undirected,7,19,3,Herbs
B07C019S03,in_ovis_hapalis,nucleus,pine nuts,Undirected,7,19,3,Nuts & Seeds
B07C019S03,in_ovis_hapalis,ovum,eggs,Undirected,7,19,3,Dairy
B08C001S01,in_apro,piper,pepper,Undirected,8,1,1,Spices
B08C001S01,in_apro,cuminum,cumin,Undirected,8,1,1,Spices
B08C001S01,in_apro,liquamen,liquamen,Undirected,8,1,1,Additive
B08C001S01,in_apro,sal,salt,Undirected,8,1,1,Additive
B08C001S01,in_apro,mel,honey,Undirected,8,1,1,Additive
B08C001S01,in_apro,passum,raisin wine,Undirected,8,1,1,Alcoholic Beverages
B08C001S01,in_apro,caroenum,caroenum,Undirected,8,1,1,Additive
B08C001S01,in_apro,aper,wild boar,Undirected,8,1,1,Meat
B08C001S02,in_apro_aliter_in_apro_1,sinapis,mustard,Undirected,8,1,2,Spices
B08C001S02,in_apro_aliter_in_apro_1,acetum,vinegar,Undirected,8,1,2,Additive
B08C001S02,in_apro_aliter_in_apro_1,sal,salt,Undirected,8,1,2,Additive
B08C001S02,in_apro_aliter_in_apro_1,aper,wild boar,Undirected,8,1,2,Meat
B08C001S03,in_apro_aliter_in_apro_2,piper,pepper,Undirected,8,1,3,Spices
B08C001S03,in_apro_aliter_in_apro_2,coriandrum,coriander,Undirected,8,1,3,Herbs
B08C001S03,in_apro_aliter_in_apro_2,origanum,oregano,Undirected,8,1,3,Herbs
B08C001S03,in_apro_aliter_in_apro_2,cepa,onion,Undirected,8,1,3,Vegetables
B08C001S03,in_apro_aliter_in_apro_2,liquamen,liquamen,Undirected,8,1,3,Additive
B08C001S03,in_apro_aliter_in_apro_2,mel,honey,Undirected,8,1,3,Additive
B08C001S03,in_apro_aliter_in_apro_2,oleum,oil,Undirected,8,1,3,Plants
B08C001S03,in_apro_aliter_in_apro_2,vinum,wine,Undirected,8,1,3,Alcoholic Beverages
B08C001S03,in_apro_aliter_in_apro_2,amulum,roux,Undirected,8,1,3,Cereals
B08C001S03,in_apro_aliter_in_apro_2,aper,wild boar,Undirected,8,1,3,Meat
B08C001S04,in_aprum_assum_iura_ferventia_facies_sic,piper,pepper,Undirected,8,1,4,Spices
B08C001S04,in_aprum_assum_iura_ferventia_facies_sic,cuminum,cumin,Undirected,8,1,4,Spices
B08C001S04,in_aprum_assum_iura_ferventia_facies_sic,thymum,thyme,Undirected,8,1,4,Herbs
B08C001S04,in_aprum_assum_iura_ferventia_facies_sic,satureia,savory,Undirected,8,1,4,Herbs
B08C001S04,in_aprum_assum_iura_ferventia_facies_sic,apium,celery (celery seed),Undirected,8,1,4,Herbs
B08C001S04,in_aprum_assum_iura_ferventia_facies_sic,liquamen,liquamen,Undirected,8,1,4,Additive
B08C001S04,in_aprum_assum_iura_ferventia_facies_sic,acetum,vinegar,Undirected,8,1,4,Additive
B08C001S04,in_aprum_assum_iura_ferventia_facies_sic,mel,honey,Undirected,8,1,4,Additive
B08C001S04,in_aprum_assum_iura_ferventia_facies_sic,oleum,oil,Undirected,8,1,4,Plants
B08C001S04,in_aprum_assum_iura_ferventia_facies_sic,vinum,wine,Undirected,8,1,4,Alcoholic Beverages
B08C001S04,in_aprum_assum_iura_ferventia_facies_sic,amygdala,almonds,Undirected,8,1,4,Nuts & Seeds
B08C001S04,in_aprum_assum_iura_ferventia_facies_sic,aper,wild boar,Undirected,8,1,4,Meat
B08C001S04,in_aprum_assum_iura_ferventia_facies_sic,menta,mint,Undirected,8,1,4,Herbs
B08C001S04,in_aprum_assum_iura_ferventia_facies_sic,crocus,saffron,Undirected,8,1,4,Spices
B08C001S04,in_aprum_assum_iura_ferventia_facies_sic,nux,wallnuts,Undirected,8,1,4,Nuts & Seeds
B08C001S04,in_aprum_assum_iura_ferventia_facies_sic,nucleus,pine nuts,Undirected,8,1,4,Nuts & Seeds
B08C001S05,in_aprum_assum_iura_ferventia_facies_sic,piper,pepper,Undirected,8,1,5,Spices
B08C001S05,in_aprum_assum_iura_ferventia_facies_sic,thymum,thyme,Undirected,8,1,5,Herbs
B08C001S05,in_aprum_assum_iura_ferventia_facies_sic,ruta,rue,Undirected,8,1,5,Herbs
B08C001S05,in_aprum_assum_iura_ferventia_facies_sic,apium,celery (celery seed),Undirected,8,1,5,Herbs
B08C001S05,in_aprum_assum_iura_ferventia_facies_sic,cepa,onion,Undirected,8,1,5,Vegetables
B08C001S05,in_aprum_assum_iura_ferventia_facies_sic,liquamen,liquamen,Undirected,8,1,5,Additive
B08C001S05,in_aprum_assum_iura_ferventia_facies_sic,acetum,vinegar,Undirected,8,1,5,Additive
B08C001S05,in_aprum_assum_iura_ferventia_facies_sic,oleum,oil,Undirected,8,1,5,Plants
B08C001S05,in_aprum_assum_iura_ferventia_facies_sic,vinum,wine,Undirected,8,1,5,Alcoholic Beverages
B08C001S05,in_aprum_assum_iura_ferventia_facies_sic,ovum,eggs,Undirected,8,1,5,Dairy
B08C001S05,in_aprum_assum_iura_ferventia_facies_sic,aper,wild boar,Undirected,8,1,5,Meat
B08C001S05,in_aprum_assum_iura_ferventia_facies_sic,ligusticum,lovage,Undirected,8,1,5,Herbs
B08C001S05,in_aprum_assum_iura_ferventia_facies_sic,menta,mint,Undirected,8,1,5,Herbs
B08C001S05,in_aprum_assum_iura_ferventia_facies_sic,nux,wallnuts,Undirected,8,1,5,Nuts & Seeds
B08C001S05,in_aprum_assum_iura_ferventia_facies_sic,nucleus,pine nuts,Undirected,8,1,5,Nuts & Seeds
B08C001S06,ius_in_aprum_elixum,piper,pepper,Undirected,8,1,6,Spices
B08C001S06,ius_in_aprum_elixum,cuminum,cumin,Undirected,8,1,6,Spices
B08C001S06,ius_in_aprum_elixum,origanum,oregano,Undirected,8,1,6,Herbs
B08C001S06,ius_in_aprum_elixum,silphium,silphium,Undirected,8,1,6,Spices
B08C001S06,ius_in_aprum_elixum,liquamen,liquamen,Undirected,8,1,6,Additive
B08C001S06,ius_in_aprum_elixum,acetum,vinegar,Undirected,8,1,6,Additive
B08C001S06,ius_in_aprum_elixum,mel,honey,Undirected,8,1,6,Additive
B08C001S06,ius_in_aprum_elixum,oleum,oil,Undirected,8,1,6,Plants
B08C001S06,ius_in_aprum_elixum,aper,wild boar,Undirected,8,1,6,Meat
B08C001S06,ius_in_aprum_elixum,ligusticum,lovage,Undirected,8,1,6,Herbs
B08C001S06,ius_in_aprum_elixum,cariota,date,Undirected,8,1,6,Fruit
B08C001S06,ius_in_aprum_elixum,nucleus,pine nuts,Undirected,8,1,6,Nuts & Seeds
B08C001S06,ius_in_aprum_elixum,sinapis,mustard,Undirected,8,1,6,Spices
B08C001S07,ius_frigidum_in_aprum_elixum,piper,pepper,Undirected,8,1,7,Spices
B08C001S07,ius_frigidum_in_aprum_elixum,coriandrum,coriander,Undirected,8,1,7,Herbs
B08C001S07,ius_frigidum_in_aprum_elixum,anethum,dill,Undirected,8,1,7,Herbs
B08C001S07,ius_frigidum_in_aprum_elixum,origanum,oregano,Undirected,8,1,7,Herbs
B08C001S07,ius_frigidum_in_aprum_elixum,thymum,thyme,Undirected,8,1,7,Herbs
B08C001S07,ius_frigidum_in_aprum_elixum,carum,caraway,Undirected,8,1,7,Spices
B08C001S07,ius_frigidum_in_aprum_elixum,apium,celery (celery seed),Undirected,8,1,7,Herbs
B08C001S07,ius_frigidum_in_aprum_elixum,cepa,onion,Undirected,8,1,7,Vegetables
B08C001S07,ius_frigidum_in_aprum_elixum,liquamen,liquamen,Undirected,8,1,7,Additive
B08C001S07,ius_frigidum_in_aprum_elixum,acetum,vinegar,Undirected,8,1,7,Additive
B08C001S07,ius_frigidum_in_aprum_elixum,mel,honey,Undirected,8,1,7,Additive
B08C001S07,ius_frigidum_in_aprum_elixum,oleum,oil,Undirected,8,1,7,Plants
B08C001S07,ius_frigidum_in_aprum_elixum,aper,wild boar,Undirected,8,1,7,Meat
B08C001S07,ius_frigidum_in_aprum_elixum,ligusticum,lovage,Undirected,8,1,7,Herbs
B08C001S07,ius_frigidum_in_aprum_elixum,sinapis,mustard,Undirected,8,1,7,Spices
B08C001S08,ius_frigidum_in_aprum_elixum_aliter_ius_,piper,pepper,Undirected,8,1,8,Spices
B08C001S08,ius_frigidum_in_aprum_elixum_aliter_ius_,cuminum,cumin,Undirected,8,1,8,Spices
B08C001S08,ius_frigidum_in_aprum_elixum_aliter_ius_,anethum,dill,Undirected,8,1,8,Herbs
B08C001S08,ius_frigidum_in_aprum_elixum_aliter_ius_,origanum,oregano,Undirected,8,1,8,Herbs
B08C001S08,ius_frigidum_in_aprum_elixum_aliter_ius_,thymum,thyme,Undirected,8,1,8,Herbs
B08C001S08,ius_frigidum_in_aprum_elixum_aliter_ius_,silphium,silphium,Undirected,8,1,8,Spices
B08C001S08,ius_frigidum_in_aprum_elixum_aliter_ius_,cepa,onion,Undirected,8,1,8,Vegetables
B08C001S08,ius_frigidum_in_aprum_elixum_aliter_ius_,liquamen,liquamen,Undirected,8,1,8,Additive
B08C001S08,ius_frigidum_in_aprum_elixum_aliter_ius_,acetum,vinegar,Undirected,8,1,8,Additive
B08C001S08,ius_frigidum_in_aprum_elixum_aliter_ius_,mel,honey,Undirected,8,1,8,Additive
B08C001S08,ius_frigidum_in_aprum_elixum_aliter_ius_,oleum,oil,Undirected,8,1,8,Plants
B08C001S08,ius_frigidum_in_aprum_elixum_aliter_ius_,palmula,dates,Undirected,8,1,8,Fruit
B08C001S08,ius_frigidum_in_aprum_elixum_aliter_ius_,amygdala,almonds,Undirected,8,1,8,Nuts & Seeds
B08C001S08,ius_frigidum_in_aprum_elixum_aliter_ius_,aper,wild boar,Undirected,8,1,8,Meat
B08C001S08,ius_frigidum_in_aprum_elixum_aliter_ius_,ligusticum,lovage,Undirected,8,1,8,Herbs
B08C001S08,ius_frigidum_in_aprum_elixum_aliter_ius_,defritum,defritum,Undirected,8,1,8,Additive
B08C001S08,ius_frigidum_in_aprum_elixum_aliter_ius_,eruca,rocket,Undirected,8,1,8,Plants
B08C001S08,ius_frigidum_in_aprum_elixum_aliter_ius_,merum,pure wine,Undirected,8,1,8,Alcoholic Beverages
B08C001S09,ius_frigidum_in_aprum_elixum_aliter_ius_,piper,pepper,Undirected,8,1,9,Spices
B08C001S09,ius_frigidum_in_aprum_elixum_aliter_ius_,cuminum,cumin,Undirected,8,1,9,Spices
B08C001S09,ius_frigidum_in_aprum_elixum_aliter_ius_,origanum,oregano,Undirected,8,1,9,Herbs
B08C001S09,ius_frigidum_in_aprum_elixum_aliter_ius_,foeniculum,fennel,Undirected,8,1,9,Herbs
B08C001S09,ius_frigidum_in_aprum_elixum_aliter_ius_,laser,laser,Undirected,8,1,9,Spices
B08C001S09,ius_frigidum_in_aprum_elixum_aliter_ius_,ruta,rue,Undirected,8,1,9,Herbs
B08C001S09,ius_frigidum_in_aprum_elixum_aliter_ius_,apium,celery (celery seed),Undirected,8,1,9,Herbs
B08C001S09,ius_frigidum_in_aprum_elixum_aliter_ius_,liquamen,liquamen,Undirected,8,1,9,Additive
B08C001S09,ius_frigidum_in_aprum_elixum_aliter_ius_,passum,raisin wine,Undirected,8,1,9,Alcoholic Beverages
B08C001S09,ius_frigidum_in_aprum_elixum_aliter_ius_,vinum,wine,Undirected,8,1,9,Alcoholic Beverages
B08C001S09,ius_frigidum_in_aprum_elixum_aliter_ius_,amulum,roux,Undirected,8,1,9,Cereals
B08C001S09,ius_frigidum_in_aprum_elixum_aliter_ius_,aper,wild boar,Undirected,8,1,9,Meat
B08C001S09,ius_frigidum_in_aprum_elixum_aliter_ius_,ligusticum,lovage,Undirected,8,1,9,Herbs
B08C001S10,perna_apruna_ita_impletur_terentina,piper,pepper,Undirected,8,1,10,Spices
B08C001S10,perna_apruna_ita_impletur_terentina,anethum,dill,Undirected,8,1,10,Herbs
B08C001S10,perna_apruna_ita_impletur_terentina,laser,laser,Undirected,8,1,10,Spices
B08C001S10,perna_apruna_ita_impletur_terentina,ruta,rue,Undirected,8,1,10,Herbs
B08C001S10,perna_apruna_ita_impletur_terentina,liquamen,liquamen,Undirected,8,1,10,Additive
B08C001S10,perna_apruna_ita_impletur_terentina,caroenum,caroenum,Undirected,8,1,10,Additive
B08C001S10,perna_apruna_ita_impletur_terentina,oleum,oil,Undirected,8,1,10,Plants
B08C001S10,perna_apruna_ita_impletur_terentina,aper,wild boar,Undirected,8,1,10,Meat
B08C001S10,perna_apruna_ita_impletur_terentina,bacae_lauri,laurel berry,Undirected,8,1,10,Spices
B08C002S01,in_ceruo,piper,pepper,Undirected,8,2,1,Spices
B08C002S01,in_ceruo,origanum,oregano,Undirected,8,2,1,Herbs
B08C002S01,in_ceruo,foeniculum,fennel,Undirected,8,2,1,Herbs
B08C002S01,in_ceruo,laser,laser,Undirected,8,2,1,Spices
B08C002S01,in_ceruo,carum,caraway,Undirected,8,2,1,Spices
B08C002S01,in_ceruo,apium,celery (celery seed),Undirected,8,2,1,Herbs
B08C002S01,in_ceruo,liquamen,liquamen,Undirected,8,2,1,Additive
B08C002S01,in_ceruo,passum,raisin wine,Undirected,8,2,1,Alcoholic Beverages
B08C002S01,in_ceruo,oleum,oil,Undirected,8,2,1,Plants
B08C002S01,in_ceruo,vinum,wine,Undirected,8,2,1,Alcoholic Beverages
B08C002S01,in_ceruo,amulum,roux,Undirected,8,2,1,Cereals
B08C002S01,in_ceruo,cervus,venison ,Undirected,8,2,1,Meat
B08C002S01,in_ceruo,ligusticum,lovage,Undirected,8,2,1,Herbs
B08C002S03,b8.2.2_aliter_1,piper,pepper,Undirected,8,2,3,Spices
B08C002S03,b8.2.2_aliter_1,carum,caraway,Undirected,8,2,3,Spices
B08C002S03,b8.2.2_aliter_1,apium,celery (celery seed),Undirected,8,2,3,Herbs
B08C002S03,b8.2.2_aliter_1,liquamen,liquamen,Undirected,8,2,3,Additive
B08C002S03,b8.2.2_aliter_1,acetum,vinegar,Undirected,8,2,3,Additive
B08C002S03,b8.2.2_aliter_1,mel,honey,Undirected,8,2,3,Additive
B08C002S03,b8.2.2_aliter_1,oleum,oil,Undirected,8,2,3,Plants
B08C002S03,b8.2.2_aliter_1,amulum,roux,Undirected,8,2,3,Cereals
B08C002S03,b8.2.2_aliter_1,cervus,venison ,Undirected,8,2,3,Meat
B08C002S03,b8.2.2_aliter_1,ligusticum,lovage,Undirected,8,2,3,Herbs
B08C002S04,ius_in_cervo,piper,pepper,Undirected,8,2,4,Spices
B08C002S04,ius_in_cervo,origanum,oregano,Undirected,8,2,4,Herbs
B08C002S04,ius_in_cervo,cepa,onion,Undirected,8,2,4,Vegetables
B08C002S04,ius_in_cervo,liquamen,liquamen,Undirected,8,2,4,Additive
B08C002S04,ius_in_cervo,acetum,vinegar,Undirected,8,2,4,Additive
B08C002S04,ius_in_cervo,mel,honey,Undirected,8,2,4,Additive
B08C002S04,ius_in_cervo,oleum,oil,Undirected,8,2,4,Plants
B08C002S04,ius_in_cervo,cervus,venison ,Undirected,8,2,4,Meat
B08C002S04,ius_in_cervo,ligusticum,lovage,Undirected,8,2,4,Herbs
B08C002S04,ius_in_cervo,cariota,date,Undirected,8,2,4,Fruit
B08C002S04,ius_in_cervo,nucleus,pine nuts,Undirected,8,2,4,Nuts & Seeds
B08C002S04,ius_in_cervo,sinapis,mustard,Undirected,8,2,4,Spices
B08C002S05,cervinae_conditura,piper,pepper,Undirected,8,2,5,Spices
B08C002S05,cervinae_conditura,cuminum,cumin,Undirected,8,2,5,Spices
B08C002S05,cervinae_conditura,ruta,rue,Undirected,8,2,5,Herbs
B08C002S05,cervinae_conditura,petroselinum,parsley,Undirected,8,2,5,Herbs
B08C002S05,cervinae_conditura,cepa,onion,Undirected,8,2,5,Vegetables
B08C002S05,cervinae_conditura,liquamen,liquamen,Undirected,8,2,5,Additive
B08C002S05,cervinae_conditura,mel,honey,Undirected,8,2,5,Additive
B08C002S05,cervinae_conditura,passum,raisin wine,Undirected,8,2,5,Alcoholic Beverages
B08C002S05,cervinae_conditura,caroenum,caroenum,Undirected,8,2,5,Additive
B08C002S05,cervinae_conditura,oleum,oil,Undirected,8,2,5,Plants
B08C002S05,cervinae_conditura,amulum,roux,Undirected,8,2,5,Cereals
B08C002S05,cervinae_conditura,menta,mint,Undirected,8,2,5,Herbs
B08C002S05,cervinae_conditura,cervus,venison ,Undirected,8,2,5,Meat
B08C002S06,iura_ferventia_in_cervo,piper,pepper,Undirected,8,2,6,Spices
B08C002S06,iura_ferventia_in_cervo,cuminum,cumin,Undirected,8,2,6,Spices
B08C002S06,iura_ferventia_in_cervo,petroselinum,parsley,Undirected,8,2,6,Herbs
B08C002S06,iura_ferventia_in_cervo,liquamen,liquamen,Undirected,8,2,6,Additive
B08C002S06,iura_ferventia_in_cervo,acetum,vinegar,Undirected,8,2,6,Additive
B08C002S06,iura_ferventia_in_cervo,mel,honey,Undirected,8,2,6,Additive
B08C002S06,iura_ferventia_in_cervo,oleum,oil,Undirected,8,2,6,Plants
B08C002S06,iura_ferventia_in_cervo,vinum,wine,Undirected,8,2,6,Alcoholic Beverages
B08C002S06,iura_ferventia_in_cervo,amygdala,almonds,Undirected,8,2,6,Nuts & Seeds
B08C002S06,iura_ferventia_in_cervo,cervus,venison ,Undirected,8,2,6,Meat
B08C002S06,iura_ferventia_in_cervo,ligusticum,lovage,Undirected,8,2,6,Herbs
B08C002S06,iura_ferventia_in_cervo,nucleus,pine nuts,Undirected,8,2,6,Nuts & Seeds
B08C002S07,embamma_in_cervinam_assam,piper,pepper,Undirected,8,2,7,Spices
B08C002S07,embamma_in_cervinam_assam,folium,aromatic leaf,Undirected,8,2,7,Spices
B08C002S07,embamma_in_cervinam_assam,ruta,rue,Undirected,8,2,7,Herbs
B08C002S07,embamma_in_cervinam_assam,apium,celery (celery seed),Undirected,8,2,7,Herbs
B08C002S07,embamma_in_cervinam_assam,cepa,onion,Undirected,8,2,7,Vegetables
B08C002S07,embamma_in_cervinam_assam,liquamen,liquamen,Undirected,8,2,7,Additive
B08C002S07,embamma_in_cervinam_assam,acetum,vinegar,Undirected,8,2,7,Additive
B08C002S07,embamma_in_cervinam_assam,mel,honey,Undirected,8,2,7,Additive
B08C002S07,embamma_in_cervinam_assam,oleum,oil,Undirected,8,2,7,Plants
B08C002S07,embamma_in_cervinam_assam,uva,grapes,Undirected,8,2,7,Fruit
B08C002S07,embamma_in_cervinam_assam,spica_nardi,indian spikenard,Undirected,8,2,7,Spices
B08C002S07,embamma_in_cervinam_assam,uvae_passae,raisins,Undirected,8,2,7,Fruit
B08C002S07,embamma_in_cervinam_assam,cariota,date,Undirected,8,2,7,Fruit
B08C002S07,embamma_in_cervinam_assam,cervus,venison ,Undirected,8,2,7,Meat
B08C002S08,embamma_in_cervinam_assam_aliter_in_cerv,piper,pepper,Undirected,8,2,8,Spices
B08C002S08,embamma_in_cervinam_assam_aliter_in_cerv,satureia,savory,Undirected,8,2,8,Herbs
B08C002S08,embamma_in_cervinam_assam_aliter_in_cerv,petroselinum,parsley,Undirected,8,2,8,Herbs
B08C002S08,embamma_in_cervinam_assam_aliter_in_cerv,porrum,leeks,Undirected,8,2,8,Vegetables
B08C002S08,embamma_in_cervinam_assam_aliter_in_cerv,liquamen,liquamen,Undirected,8,2,8,Additive
B08C002S08,embamma_in_cervinam_assam_aliter_in_cerv,acetum,vinegar,Undirected,8,2,8,Additive
B08C002S08,embamma_in_cervinam_assam_aliter_in_cerv,mel,honey,Undirected,8,2,8,Additive
B08C002S08,embamma_in_cervinam_assam_aliter_in_cerv,oleum,oil,Undirected,8,2,8,Plants
B08C002S08,embamma_in_cervinam_assam_aliter_in_cerv,vinum,wine,Undirected,8,2,8,Alcoholic Beverages
B08C002S08,embamma_in_cervinam_assam_aliter_in_cerv,cervus,venison ,Undirected,8,2,8,Meat
B08C002S08,embamma_in_cervinam_assam_aliter_in_cerv,ligusticum,lovage,Undirected,8,2,8,Herbs
B08C002S08,embamma_in_cervinam_assam_aliter_in_cerv,prunum_damascenum,damascene plums,Undirected,8,2,8,Fruit
B08C003S01,in_caprea,piper,pepper,Undirected,8,3,1,Spices
B08C003S01,in_caprea,cuminum,cumin,Undirected,8,3,1,Spices
B08C003S01,in_caprea,carum,caraway,Undirected,8,3,1,Spices
B08C003S01,in_caprea,ruta,rue,Undirected,8,3,1,Herbs
B08C003S01,in_caprea,petroselinum,parsley,Undirected,8,3,1,Herbs
B08C003S01,in_caprea,liquamen,liquamen,Undirected,8,3,1,Additive
B08C003S01,in_caprea,acetum,vinegar,Undirected,8,3,1,Additive
B08C003S01,in_caprea,mel,honey,Undirected,8,3,1,Additive
B08C003S01,in_caprea,oleum,oil,Undirected,8,3,1,Plants
B08C003S01,in_caprea,ligusticum,lovage,Undirected,8,3,1,Herbs
B08C003S01,in_caprea,sinapis,mustard,Undirected,8,3,1,Spices
B08C003S02,ius_in_caprea_assa,piper,pepper,Undirected,8,3,2,Spices
B08C003S02,ius_in_caprea_assa,ruta,rue,Undirected,8,3,2,Herbs
B08C003S02,ius_in_caprea_assa,cepa,onion,Undirected,8,3,2,Vegetables
B08C003S02,ius_in_caprea_assa,liquamen,liquamen,Undirected,8,3,2,Additive
B08C003S02,ius_in_caprea_assa,mel,honey,Undirected,8,3,2,Additive
B08C003S02,ius_in_caprea_assa,passum,raisin wine,Undirected,8,3,2,Alcoholic Beverages
B08C003S02,ius_in_caprea_assa,oleum,oil,Undirected,8,3,2,Plants
B08C003S02,ius_in_caprea_assa,amulum,roux,Undirected,8,3,2,Cereals
B08C003S03,ius_in_caprea_assa_aliter_ius_in_caprea_,piper,pepper,Undirected,8,3,3,Spices
B08C003S03,ius_in_caprea_assa_aliter_ius_in_caprea_,origanum,oregano,Undirected,8,3,3,Herbs
B08C003S03,ius_in_caprea_assa_aliter_ius_in_caprea_,ruta,rue,Undirected,8,3,3,Herbs
B08C003S03,ius_in_caprea_assa_aliter_ius_in_caprea_,petroselinum,parsley,Undirected,8,3,3,Herbs
B08C003S03,ius_in_caprea_assa_aliter_ius_in_caprea_,liquamen,liquamen,Undirected,8,3,3,Additive
B08C003S03,ius_in_caprea_assa_aliter_ius_in_caprea_,mel,honey,Undirected,8,3,3,Additive
B08C003S03,ius_in_caprea_assa_aliter_ius_in_caprea_,passum,raisin wine,Undirected,8,3,3,Alcoholic Beverages
B08C003S03,ius_in_caprea_assa_aliter_ius_in_caprea_,oleum,oil,Undirected,8,3,3,Plants
B08C003S03,ius_in_caprea_assa_aliter_ius_in_caprea_,amulum,roux,Undirected,8,3,3,Cereals
B08C004S01,in_ouifero,piper,pepper,Undirected,8,4,1,Spices
B08C004S01,in_ouifero,cuminum,cumin,Undirected,8,4,1,Spices
B08C004S01,in_ouifero,origanum,oregano,Undirected,8,4,1,Herbs
B08C004S01,in_ouifero,thymum,thyme,Undirected,8,4,1,Herbs
B08C004S01,in_ouifero,silphium,silphium,Undirected,8,4,1,Spices
B08C004S01,in_ouifero,liquamen,liquamen,Undirected,8,4,1,Additive
B08C004S01,in_ouifero,acetum,vinegar,Undirected,8,4,1,Additive
B08C004S01,in_ouifero,mel,honey,Undirected,8,4,1,Additive
B08C004S01,in_ouifero,passum,raisin wine,Undirected,8,4,1,Alcoholic Beverages
B08C004S01,in_ouifero,oleum,oil,Undirected,8,4,1,Plants
B08C004S01,in_ouifero,vinum,wine,Undirected,8,4,1,Alcoholic Beverages
B08C004S01,in_ouifero,ovis,mutton,Undirected,8,4,1,Meat
B08C004S01,in_ouifero,ligusticum,lovage,Undirected,8,4,1,Herbs
B08C004S01,in_ouifero,menta,mint,Undirected,8,4,1,Herbs
B08C004S01,in_ouifero,prunum,plums,Undirected,8,4,1,Fruit
B08C004S01,in_ouifero,prunum_damascenum,damascene plums,Undirected,8,4,1,Fruit
B08C004S02,ius_in_venationibus_omnibus_elixis_et_as,piper,pepper,Undirected,8,4,2,Spices
B08C004S02,ius_in_venationibus_omnibus_elixis_et_as,thymum,thyme,Undirected,8,4,2,Herbs
B08C004S02,ius_in_venationibus_omnibus_elixis_et_as,ruta,rue,Undirected,8,4,2,Herbs
B08C004S02,ius_in_venationibus_omnibus_elixis_et_as,apium,celery (celery seed),Undirected,8,4,2,Herbs
B08C004S02,ius_in_venationibus_omnibus_elixis_et_as,oxygarum,oxygarum,Undirected,8,4,2,Additive
B08C004S02,ius_in_venationibus_omnibus_elixis_et_as,mel,honey,Undirected,8,4,2,Additive
B08C004S02,ius_in_venationibus_omnibus_elixis_et_as,ligusticum,lovage,Undirected,8,4,2,Herbs
B08C004S02,ius_in_venationibus_omnibus_elixis_et_as,menta,mint,Undirected,8,4,2,Herbs
B08C004S02,ius_in_venationibus_omnibus_elixis_et_as,juniperus,juniper berries,Undirected,8,4,2,Spices
B08C004S02,ius_in_venationibus_omnibus_elixis_et_as,pulegium,pennyroyal,Undirected,8,4,2,Herbs
B08C004S03,ius_frigidum_in_ovifero,piper,pepper,Undirected,8,4,3,Spices
B08C004S03,ius_frigidum_in_ovifero,cuminum,cumin,Undirected,8,4,3,Spices
B08C004S03,ius_frigidum_in_ovifero,thymum,thyme,Undirected,8,4,3,Herbs
B08C004S03,ius_frigidum_in_ovifero,liquamen,liquamen,Undirected,8,4,3,Additive
B08C004S03,ius_frigidum_in_ovifero,acetum,vinegar,Undirected,8,4,3,Additive
B08C004S03,ius_frigidum_in_ovifero,mel,honey,Undirected,8,4,3,Additive
B08C004S03,ius_frigidum_in_ovifero,oleum,oil,Undirected,8,4,3,Plants
B08C004S03,ius_frigidum_in_ovifero,ligusticum,lovage,Undirected,8,4,3,Herbs
B08C004S03,ius_frigidum_in_ovifero,nucleus,pine nuts,Undirected,8,4,3,Nuts & Seeds
B08C004S03,ius_frigidum_in_ovifero,ovis,mutton,Undirected,8,4,3,Meat
B08C005S01,bubula_siue_uitellina,piper,pepper,Undirected,8,5,1,Spices
B08C005S01,bubula_siue_uitellina,cuminum,cumin,Undirected,8,5,1,Spices
B08C005S01,bubula_siue_uitellina,origanum,oregano,Undirected,8,5,1,Herbs
B08C005S01,bubula_siue_uitellina,apium,celery (celery seed),Undirected,8,5,1,Herbs
B08C005S01,bubula_siue_uitellina,cepa,onion,Undirected,8,5,1,Vegetables
B08C005S01,bubula_siue_uitellina,liquamen,liquamen,Undirected,8,5,1,Additive
B08C005S01,bubula_siue_uitellina,acetum,vinegar,Undirected,8,5,1,Additive
B08C005S01,bubula_siue_uitellina,mel,honey,Undirected,8,5,1,Additive
B08C005S01,bubula_siue_uitellina,oleum,oil,Undirected,8,5,1,Plants
B08C005S01,bubula_siue_uitellina,vinum,wine,Undirected,8,5,1,Alcoholic Beverages
B08C005S01,bubula_siue_uitellina,uva,grapes,Undirected,8,5,1,Fruit
B08C005S01,bubula_siue_uitellina,ligusticum,lovage,Undirected,8,5,1,Herbs
B08C005S01,bubula_siue_uitellina,uvae_passae,raisins,Undirected,8,5,1,Fruit
B08C005S01,bubula_siue_uitellina,vitellina,veal,Undirected,8,5,1,Meat
B08C005S02,vitulinam_sive_bubulam_cum_porris_vel_cy,piper,pepper,Undirected,8,5,2,Spices
B08C005S02,vitulinam_sive_bubulam_cum_porris_vel_cy,laser,laser,Undirected,8,5,2,Spices
B08C005S02,vitulinam_sive_bubulam_cum_porris_vel_cy,porrum,leeks,Undirected,8,5,2,Vegetables
B08C005S02,vitulinam_sive_bubulam_cum_porris_vel_cy,liquamen,liquamen,Undirected,8,5,2,Additive
B08C005S02,vitulinam_sive_bubulam_cum_porris_vel_cy,oleum,oil,Undirected,8,5,2,Plants
B08C005S02,vitulinam_sive_bubulam_cum_porris_vel_cy,vitellina,veal,Undirected,8,5,2,Meat
B08C005S03,in_vitulinam_elixam,piper,pepper,Undirected,8,5,3,Spices
B08C005S03,in_vitulinam_elixam,carum,caraway,Undirected,8,5,3,Spices
B08C005S03,in_vitulinam_elixam,apium,celery (celery seed),Undirected,8,5,3,Herbs
B08C005S03,in_vitulinam_elixam,liquamen,liquamen,Undirected,8,5,3,Additive
B08C005S03,in_vitulinam_elixam,acetum,vinegar,Undirected,8,5,3,Additive
B08C005S03,in_vitulinam_elixam,mel,honey,Undirected,8,5,3,Additive
B08C005S03,in_vitulinam_elixam,oleum,oil,Undirected,8,5,3,Plants
B08C005S03,in_vitulinam_elixam,amulum,roux,Undirected,8,5,3,Cereals
B08C005S03,in_vitulinam_elixam,ligusticum,lovage,Undirected,8,5,3,Herbs
B08C005S03,in_vitulinam_elixam,vitellina,veal,Undirected,8,5,3,Meat
B08C005S04,in_vitulinam_elixam_aliter_in_vitulina_e,piper,pepper,Undirected,8,5,4,Spices
B08C005S04,in_vitulinam_elixam_aliter_in_vitulina_e,origanum,oregano,Undirected,8,5,4,Herbs
B08C005S04,in_vitulinam_elixam_aliter_in_vitulina_e,foeniculum,fennel,Undirected,8,5,4,Herbs
B08C005S04,in_vitulinam_elixam_aliter_in_vitulina_e,sinapis,mustard,Undirected,8,5,4,Spices
B08C005S04,in_vitulinam_elixam_aliter_in_vitulina_e,liquamen,liquamen,Undirected,8,5,4,Additive
B08C005S04,in_vitulinam_elixam_aliter_in_vitulina_e,acetum,vinegar,Undirected,8,5,4,Additive
B08C005S04,in_vitulinam_elixam_aliter_in_vitulina_e,mel,honey,Undirected,8,5,4,Additive
B08C005S04,in_vitulinam_elixam_aliter_in_vitulina_e,oleum,oil,Undirected,8,5,4,Plants
B08C005S04,in_vitulinam_elixam_aliter_in_vitulina_e,vitellina,veal,Undirected,8,5,4,Meat
B08C005S04,in_vitulinam_elixam_aliter_in_vitulina_e,ligusticum,lovage,Undirected,8,5,4,Herbs
B08C005S04,in_vitulinam_elixam_aliter_in_vitulina_e,cariota,date,Undirected,8,5,4,Fruit
B08C005S04,in_vitulinam_elixam_aliter_in_vitulina_e,nucleus,pine nuts,Undirected,8,5,4,Nuts & Seeds
B08C006S01,in_haedo_uel_agno,piper,pepper,Undirected,8,6,1,Spices
B08C006S01,in_haedo_uel_agno,laser,laser,Undirected,8,6,1,Spices
B08C006S01,in_haedo_uel_agno,liquamen,liquamen,Undirected,8,6,1,Additive
B08C006S01,in_haedo_uel_agno,oleum,oil,Undirected,8,6,1,Plants
B08C006S01,in_haedo_uel_agno,panis,bread,Undirected,8,6,1,Bakery
B08C006S01,in_haedo_uel_agno,agnus,lamb,Undirected,8,6,1,Meat
B08C006S01,in_haedo_uel_agno,faba,bean,Undirected,8,6,1,Legumes
B08C006S01,in_haedo_uel_agno,haedus,kid,Undirected,8,6,1,Meat
B08C006S02,in_haedo_uel_agno_aliter_haedinam_sive_a,piper,pepper,Undirected,8,6,2,Spices
B08C006S02,in_haedo_uel_agno_aliter_haedinam_sive_a,cuminum,cumin,Undirected,8,6,2,Spices
B08C006S02,in_haedo_uel_agno_aliter_haedinam_sive_a,coriandrum,coriander,Undirected,8,6,2,Herbs
B08C006S02,in_haedo_uel_agno_aliter_haedinam_sive_a,cepa,onion,Undirected,8,6,2,Vegetables
B08C006S02,in_haedo_uel_agno_aliter_haedinam_sive_a,liquamen,liquamen,Undirected,8,6,2,Additive
B08C006S02,in_haedo_uel_agno_aliter_haedinam_sive_a,oleum,oil,Undirected,8,6,2,Plants
B08C006S02,in_haedo_uel_agno_aliter_haedinam_sive_a,vinum,wine,Undirected,8,6,2,Alcoholic Beverages
B08C006S02,in_haedo_uel_agno_aliter_haedinam_sive_a,amulum,roux,Undirected,8,6,2,Cereals
B08C006S02,in_haedo_uel_agno_aliter_haedinam_sive_a,ligusticum,lovage,Undirected,8,6,2,Herbs
B08C006S02,in_haedo_uel_agno_aliter_haedinam_sive_a,haedus,kid,Undirected,8,6,2,Meat
B08C006S02,in_haedo_uel_agno_aliter_haedinam_sive_a,porcus,pork,Undirected,8,6,2,Meat
B08C006S02,in_haedo_uel_agno_aliter_haedinam_sive_a,agnus,lamb,Undirected,8,6,2,Meat
B08C006S03,b8.6.3,capra,goat,Undirected,8,6,3,Meat
B08C006S03,b8.6.3,haedus,kid,Undirected,8,6,3,Meat
B08C006S03,b8.6.3,agnus,lamb,Undirected,8,6,3,Meat
B08C006S04,haedum_sive_agnum_assum,piper,pepper,Undirected,8,6,4,Spices
B08C006S04,haedum_sive_agnum_assum,laser,laser,Undirected,8,6,4,Spices
B08C006S04,haedum_sive_agnum_assum,liquamen,liquamen,Undirected,8,6,4,Additive
B08C006S04,haedum_sive_agnum_assum,oleum,oil,Undirected,8,6,4,Plants
B08C006S04,haedum_sive_agnum_assum,agnus,lamb,Undirected,8,6,4,Meat
B08C006S04,haedum_sive_agnum_assum,haedus,kid,Undirected,8,6,4,Meat
B08C006S05,haedum_sive_agnum_assum_aliter_haedum_si,piper,pepper,Undirected,8,6,5,Spices
B08C006S05,haedum_sive_agnum_assum_aliter_haedum_si,zingiber,ginger,Undirected,8,6,5,Spices
B08C006S05,haedum_sive_agnum_assum_aliter_haedum_si,laser,laser,Undirected,8,6,5,Spices
B08C006S05,haedum_sive_agnum_assum_aliter_haedum_si,petroselinum,parsley,Undirected,8,6,5,Herbs
B08C006S05,haedum_sive_agnum_assum_aliter_haedum_si,liquamen,liquamen,Undirected,8,6,5,Additive
B08C006S05,haedum_sive_agnum_assum_aliter_haedum_si,oleum,oil,Undirected,8,6,5,Plants
B08C006S05,haedum_sive_agnum_assum_aliter_haedum_si,agnus,lamb,Undirected,8,6,5,Meat
B08C006S05,haedum_sive_agnum_assum_aliter_haedum_si,haedus,kid,Undirected,8,6,5,Meat
B08C006S05,haedum_sive_agnum_assum_aliter_haedum_si,asaron,wild ginger,Undirected,8,6,5,Spices
B08C006S06,haedus_sive_agnus_syringiatus,piper,pepper,Undirected,8,6,6,Spices
B08C006S06,haedus_sive_agnus_syringiatus,liquamen,liquamen,Undirected,8,6,6,Additive
B08C006S06,haedus_sive_agnus_syringiatus,sal,salt,Undirected,8,6,6,Additive
B08C006S06,haedus_sive_agnus_syringiatus,caroenum,caroenum,Undirected,8,6,6,Additive
B08C006S06,haedus_sive_agnus_syringiatus,oleum,oil,Undirected,8,6,6,Plants
B08C006S06,haedus_sive_agnus_syringiatus,lac,milk,Undirected,8,6,6,Dairy
B08C006S06,haedus_sive_agnus_syringiatus,amulum,roux,Undirected,8,6,6,Cereals
B08C006S06,haedus_sive_agnus_syringiatus,agnus,lamb,Undirected,8,6,6,Meat
B08C006S06,haedus_sive_agnus_syringiatus,merum,pure wine,Undirected,8,6,6,Alcoholic Beverages
B08C006S06,haedus_sive_agnus_syringiatus,defritum,defritum,Undirected,8,6,6,Additive
B08C006S06,haedus_sive_agnus_syringiatus,haedus,kid,Undirected,8,6,6,Meat
B08C006S07,haedus_sive_agnus_syringiatus_aliter_hae,piper,pepper,Undirected,8,6,7,Spices
B08C006S07,haedus_sive_agnus_syringiatus_aliter_hae,laser,laser,Undirected,8,6,7,Spices
B08C006S07,haedus_sive_agnus_syringiatus_aliter_hae,liquamen,liquamen,Undirected,8,6,7,Additive
B08C006S07,haedus_sive_agnus_syringiatus_aliter_hae,sal,salt,Undirected,8,6,7,Additive
B08C006S07,haedus_sive_agnus_syringiatus_aliter_hae,mel,honey,Undirected,8,6,7,Additive
B08C006S07,haedus_sive_agnus_syringiatus_aliter_hae,oleum,oil,Undirected,8,6,7,Plants
B08C006S07,haedus_sive_agnus_syringiatus_aliter_hae,vinum,wine,Undirected,8,6,7,Alcoholic Beverages
B08C006S07,haedus_sive_agnus_syringiatus_aliter_hae,lac,milk,Undirected,8,6,7,Dairy
B08C006S07,haedus_sive_agnus_syringiatus_aliter_hae,amulum,roux,Undirected,8,6,7,Cereals
B08C006S07,haedus_sive_agnus_syringiatus_aliter_hae,palmula,dates,Undirected,8,6,7,Fruit
B08C006S07,haedus_sive_agnus_syringiatus_aliter_hae,agnus,lamb,Undirected,8,6,7,Meat
B08C006S07,haedus_sive_agnus_syringiatus_aliter_hae,haedus,kid,Undirected,8,6,7,Meat
B08C006S08,haedus_sive_agnus_crudus,piper,pepper,Undirected,8,6,8,Spices
B08C006S08,haedus_sive_agnus_crudus,coriandrum,coriander,Undirected,8,6,8,Herbs
B08C006S08,haedus_sive_agnus_crudus,sal,salt,Undirected,8,6,8,Additive
B08C006S08,haedus_sive_agnus_crudus,oleum,oil,Undirected,8,6,8,Plants
B08C006S08,haedus_sive_agnus_crudus,agnus,lamb,Undirected,8,6,8,Meat
B08C006S08,haedus_sive_agnus_crudus,haedus,kid,Undirected,8,6,8,Meat
B08C006S09,haedum_sive_agnum_tarpeianum,piper,pepper,Undirected,8,6,9,Spices
B08C006S09,haedum_sive_agnum_tarpeianum,thymum,thyme,Undirected,8,6,9,Herbs
B08C006S09,haedum_sive_agnum_tarpeianum,ruta,rue,Undirected,8,6,9,Herbs
B08C006S09,haedum_sive_agnum_tarpeianum,satureia,savory,Undirected,8,6,9,Herbs
B08C006S09,haedum_sive_agnum_tarpeianum,cepa,onion,Undirected,8,6,9,Vegetables
B08C006S09,haedum_sive_agnum_tarpeianum,liquamen,liquamen,Undirected,8,6,9,Additive
B08C006S09,haedum_sive_agnum_tarpeianum,caroenum,caroenum,Undirected,8,6,9,Additive
B08C006S09,haedum_sive_agnum_tarpeianum,oleum,oil,Undirected,8,6,9,Plants
B08C006S09,haedum_sive_agnum_tarpeianum,vinum,wine,Undirected,8,6,9,Alcoholic Beverages
B08C006S09,haedum_sive_agnum_tarpeianum,palmula,dates,Undirected,8,6,9,Fruit
B08C006S09,haedum_sive_agnum_tarpeianum,agnus,lamb,Undirected,8,6,9,Meat
B08C006S09,haedum_sive_agnum_tarpeianum,haedus,kid,Undirected,8,6,9,Meat
B08C006S10,haedumsive_agnum_parthicum,piper,pepper,Undirected,8,6,10,Spices
B08C006S10,haedumsive_agnum_parthicum,laser,laser,Undirected,8,6,10,Spices
B08C006S10,haedumsive_agnum_parthicum,ruta,rue,Undirected,8,6,10,Herbs
B08C006S10,haedumsive_agnum_parthicum,satureia,savory,Undirected,8,6,10,Herbs
B08C006S10,haedumsive_agnum_parthicum,cepa,onion,Undirected,8,6,10,Vegetables
B08C006S10,haedumsive_agnum_parthicum,liquamen,liquamen,Undirected,8,6,10,Additive
B08C006S10,haedumsive_agnum_parthicum,acetum,vinegar,Undirected,8,6,10,Additive
B08C006S10,haedumsive_agnum_parthicum,oleum,oil,Undirected,8,6,10,Plants
B08C006S10,haedumsive_agnum_parthicum,vinum,wine,Undirected,8,6,10,Alcoholic Beverages
B08C006S10,haedumsive_agnum_parthicum,agnus,lamb,Undirected,8,6,10,Meat
B08C006S10,haedumsive_agnum_parthicum,prunum_damascenum,damascene plums,Undirected,8,6,10,Fruit
B08C006S10,haedumsive_agnum_parthicum,haedus,kid,Undirected,8,6,10,Meat
B08C006S11,haedum_laureatum_ex_lacte,piper,pepper,Undirected,8,6,11,Spices
B08C006S11,haedum_laureatum_ex_lacte,laser,laser,Undirected,8,6,11,Spices
B08C006S11,haedum_laureatum_ex_lacte,liquamen,liquamen,Undirected,8,6,11,Additive
B08C006S11,haedum_laureatum_ex_lacte,sal,salt,Undirected,8,6,11,Additive
B08C006S11,haedum_laureatum_ex_lacte,mel,honey,Undirected,8,6,11,Additive
B08C006S11,haedum_laureatum_ex_lacte,oleum,oil,Undirected,8,6,11,Plants
B08C006S11,haedum_laureatum_ex_lacte,vinum,wine,Undirected,8,6,11,Alcoholic Beverages
B08C006S11,haedum_laureatum_ex_lacte,lac,milk,Undirected,8,6,11,Dairy
B08C006S11,haedum_laureatum_ex_lacte,amulum,roux,Undirected,8,6,11,Cereals
B08C006S11,haedum_laureatum_ex_lacte,ligusticum,lovage,Undirected,8,6,11,Herbs
B08C006S11,haedum_laureatum_ex_lacte,cerebrum,brain,Undirected,8,6,11,Meat
B08C006S11,haedum_laureatum_ex_lacte,haedus,kid,Undirected,8,6,11,Meat
B08C006S11,haedum_laureatum_ex_lacte,defritum,defritum,Undirected,8,6,11,Additive
B08C006S11,haedum_laureatum_ex_lacte,pyrethrum,pellitory,Undirected,8,6,11,Spices
B08C006S11,haedum_laureatum_ex_lacte,bacae_lauri,laurel berry,Undirected,8,6,11,Spices
B08C006S11,haedum_laureatum_ex_lacte,omentum,caul,Undirected,8,6,11,Meat
B08C006S11,haedum_laureatum_ex_lacte,coagulum,coagulant,Undirected,8,6,11,Additive
B08C007S01,in_porcello,piper,pepper,Undirected,8,7,1,Spices
B08C007S01,in_porcello,origanum,oregano,Undirected,8,7,1,Herbs
B08C007S01,in_porcello,laser,laser,Undirected,8,7,1,Spices
B08C007S01,in_porcello,liquamen,liquamen,Undirected,8,7,1,Additive
B08C007S01,in_porcello,ovum,eggs,Undirected,8,7,1,Dairy
B08C007S01,in_porcello,porcus,pork,Undirected,8,7,1,Meat
B08C007S01,in_porcello,ligusticum,lovage,Undirected,8,7,1,Herbs
B08C007S01,in_porcello,cerebrum,brain,Undirected,8,7,1,Meat
B08C007S01,in_porcello,nucleus,pine nuts,Undirected,8,7,1,Nuts & Seeds
B08C007S01,in_porcello,alica,spelt / emmer wheat,Undirected,8,7,1,Cereals
B08C007S01,in_porcello,porcellus,suckling pig,Undirected,8,7,1,Meat
B08C007S02,in_porcello_aliter_porcellum_1,cuminum,cumin,Undirected,8,7,2,Spices
B08C007S02,in_porcello_aliter_porcellum_1,laser,laser,Undirected,8,7,2,Spices
B08C007S02,in_porcello_aliter_porcellum_1,sal,salt,Undirected,8,7,2,Additive
B08C007S02,in_porcello_aliter_porcellum_1,porcus,pork,Undirected,8,7,2,Meat
B08C007S02,in_porcello_aliter_porcellum_1,porcellus,suckling pig,Undirected,8,7,2,Meat
B08C007S03,porcellum_liquaminatum,piper,pepper,Undirected,8,7,3,Spices
B08C007S03,porcellum_liquaminatum,origanum,oregano,Undirected,8,7,3,Herbs
B08C007S03,porcellum_liquaminatum,liquamen,liquamen,Undirected,8,7,3,Additive
B08C007S03,porcellum_liquaminatum,ovum,eggs,Undirected,8,7,3,Dairy
B08C007S03,porcellum_liquaminatum,porcus,pork,Undirected,8,7,3,Meat
B08C007S03,porcellum_liquaminatum,ligusticum,lovage,Undirected,8,7,3,Herbs
B08C007S03,porcellum_liquaminatum,cerebrum,brain,Undirected,8,7,3,Meat
B08C007S03,porcellum_liquaminatum,porcellus,suckling pig,Undirected,8,7,3,Meat
B08C007S04,porcellum_elixum_farsilem,piper,pepper,Undirected,8,7,4,Spices
B08C007S04,porcellum_elixum_farsilem,origanum,oregano,Undirected,8,7,4,Herbs
B08C007S04,porcellum_elixum_farsilem,liquamen,liquamen,Undirected,8,7,4,Additive
B08C007S04,porcellum_elixum_farsilem,ovum,eggs,Undirected,8,7,4,Dairy
B08C007S04,porcellum_elixum_farsilem,porcus,pork,Undirected,8,7,4,Meat
B08C007S04,porcellum_elixum_farsilem,ligusticum,lovage,Undirected,8,7,4,Herbs
B08C007S04,porcellum_elixum_farsilem,cerebrum,brain,Undirected,8,7,4,Meat
B08C007S04,porcellum_elixum_farsilem,porcellus,suckling pig,Undirected,8,7,4,Meat
B08C007S05,porcellum_assum_tractomelinum,piper,pepper,Undirected,8,7,5,Spices
B08C007S05,porcellum_assum_tractomelinum,mel,honey,Undirected,8,7,5,Additive
B08C007S05,porcellum_assum_tractomelinum,vinum,wine,Undirected,8,7,5,Alcoholic Beverages
B08C007S05,porcellum_assum_tractomelinum,porcus,pork,Undirected,8,7,5,Meat
B08C007S05,porcellum_assum_tractomelinum,porcellus,suckling pig,Undirected,8,7,5,Meat
B08C007S06,porcellum_lacte_pastum_elixum_calidum_iu,piper,pepper,Undirected,8,7,6,Spices
B08C007S06,porcellum_lacte_pastum_elixum_calidum_iu,coriandrum,coriander,Undirected,8,7,6,Herbs
B08C007S06,porcellum_lacte_pastum_elixum_calidum_iu,ruta,rue,Undirected,8,7,6,Herbs
B08C007S06,porcellum_lacte_pastum_elixum_calidum_iu,liquamen,liquamen,Undirected,8,7,6,Additive
B08C007S06,porcellum_lacte_pastum_elixum_calidum_iu,mel,honey,Undirected,8,7,6,Additive
B08C007S06,porcellum_lacte_pastum_elixum_calidum_iu,vinum,wine,Undirected,8,7,6,Alcoholic Beverages
B08C007S06,porcellum_lacte_pastum_elixum_calidum_iu,lac,milk,Undirected,8,7,6,Dairy
B08C007S06,porcellum_lacte_pastum_elixum_calidum_iu,porcus,pork,Undirected,8,7,6,Meat
B08C007S06,porcellum_lacte_pastum_elixum_calidum_iu,ligusticum,lovage,Undirected,8,7,6,Herbs
B08C007S06,porcellum_lacte_pastum_elixum_calidum_iu,menta,mint,Undirected,8,7,6,Herbs
B08C007S06,porcellum_lacte_pastum_elixum_calidum_iu,porcellus,suckling pig,Undirected,8,7,6,Meat
B08C007S07,porcellum_vitellianum,piper,pepper,Undirected,8,7,7,Spices
B08C007S07,porcellum_vitellianum,liquamen,liquamen,Undirected,8,7,7,Additive
B08C007S07,porcellum_vitellianum,sal,salt,Undirected,8,7,7,Additive
B08C007S07,porcellum_vitellianum,passum,raisin wine,Undirected,8,7,7,Alcoholic Beverages
B08C007S07,porcellum_vitellianum,oleum,oil,Undirected,8,7,7,Plants
B08C007S07,porcellum_vitellianum,vinum,wine,Undirected,8,7,7,Alcoholic Beverages
B08C007S07,porcellum_vitellianum,porcus,pork,Undirected,8,7,7,Meat
B08C007S07,porcellum_vitellianum,aper,wild boar,Undirected,8,7,7,Meat
B08C007S07,porcellum_vitellianum,ligusticum,lovage,Undirected,8,7,7,Herbs
B08C007S07,porcellum_vitellianum,porcellus,suckling pig,Undirected,8,7,7,Meat
B08C007S08,porcellum_flaccianum,piper,pepper,Undirected,8,7,8,Spices
B08C007S08,porcellum_flaccianum,laser,laser,Undirected,8,7,8,Spices
B08C007S08,porcellum_flaccianum,carum,caraway,Undirected,8,7,8,Spices
B08C007S08,porcellum_flaccianum,ruta,rue,Undirected,8,7,8,Herbs
B08C007S08,porcellum_flaccianum,apium,celery (celery seed),Undirected,8,7,8,Herbs
B08C007S08,porcellum_flaccianum,liquamen,liquamen,Undirected,8,7,8,Additive
B08C007S08,porcellum_flaccianum,sal,salt,Undirected,8,7,8,Additive
B08C007S08,porcellum_flaccianum,passum,raisin wine,Undirected,8,7,8,Alcoholic Beverages
B08C007S08,porcellum_flaccianum,oleum,oil,Undirected,8,7,8,Plants
B08C007S08,porcellum_flaccianum,vinum,wine,Undirected,8,7,8,Alcoholic Beverages
B08C007S08,porcellum_flaccianum,amulum,roux,Undirected,8,7,8,Cereals
B08C007S08,porcellum_flaccianum,porcus,pork,Undirected,8,7,8,Meat
B08C007S08,porcellum_flaccianum,aper,wild boar,Undirected,8,7,8,Meat
B08C007S08,porcellum_flaccianum,ligusticum,lovage,Undirected,8,7,8,Herbs
B08C007S08,porcellum_flaccianum,porcellus,suckling pig,Undirected,8,7,8,Meat
B08C007S09,porcellum_laureatum,piper,pepper,Undirected,8,7,9,Spices
B08C007S09,porcellum_laureatum,laser,laser,Undirected,8,7,9,Spices
B08C007S09,porcellum_laureatum,carum,caraway,Undirected,8,7,9,Spices
B08C007S09,porcellum_laureatum,apium,celery (celery seed),Undirected,8,7,9,Herbs
B08C007S09,porcellum_laureatum,liquamen,liquamen,Undirected,8,7,9,Additive
B08C007S09,porcellum_laureatum,passum,raisin wine,Undirected,8,7,9,Alcoholic Beverages
B08C007S09,porcellum_laureatum,oleum,oil,Undirected,8,7,9,Plants
B08C007S09,porcellum_laureatum,vinum,wine,Undirected,8,7,9,Alcoholic Beverages
B08C007S09,porcellum_laureatum,porcus,pork,Undirected,8,7,9,Meat
B08C007S09,porcellum_laureatum,ligusticum,lovage,Undirected,8,7,9,Herbs
B08C007S09,porcellum_laureatum,folium_lauri,bay/laurel leaves,Undirected,8,7,9,Herbs
B08C007S09,porcellum_laureatum,bacae_lauri,laurel berry,Undirected,8,7,9,Spices
B08C007S09,porcellum_laureatum,porcellus,suckling pig,Undirected,8,7,9,Meat
B08C007S10,porcellum_frontinianum,piper,pepper,Undirected,8,7,10,Spices
B08C007S10,porcellum_frontinianum,anethum,dill,Undirected,8,7,10,Herbs
B08C007S10,porcellum_frontinianum,porrum,leeks,Undirected,8,7,10,Vegetables
B08C007S10,porcellum_frontinianum,liquamen,liquamen,Undirected,8,7,10,Additive
B08C007S10,porcellum_frontinianum,vinum,wine,Undirected,8,7,10,Alcoholic Beverages
B08C007S10,porcellum_frontinianum,porcus,pork,Undirected,8,7,10,Meat
B08C007S10,porcellum_frontinianum,defritum,defritum,Undirected,8,7,10,Additive
B08C007S10,porcellum_frontinianum,porcellus,suckling pig,Undirected,8,7,10,Meat
B08C007S11,porcellum_aenococtum,piper,pepper,Undirected,8,7,11,Spices
B08C007S11,porcellum_aenococtum,coriandrum,coriander,Undirected,8,7,11,Herbs
B08C007S11,porcellum_aenococtum,origanum,oregano,Undirected,8,7,11,Herbs
B08C007S11,porcellum_aenococtum,laser,laser,Undirected,8,7,11,Spices
B08C007S11,porcellum_aenococtum,carum,caraway,Undirected,8,7,11,Spices
B08C007S11,porcellum_aenococtum,apium,celery (celery seed),Undirected,8,7,11,Herbs
B08C007S11,porcellum_aenococtum,porrum,leeks,Undirected,8,7,11,Vegetables
B08C007S11,porcellum_aenococtum,liquamen,liquamen,Undirected,8,7,11,Additive
B08C007S11,porcellum_aenococtum,passum,raisin wine,Undirected,8,7,11,Alcoholic Beverages
B08C007S11,porcellum_aenococtum,oleum,oil,Undirected,8,7,11,Plants
B08C007S11,porcellum_aenococtum,vinum,wine,Undirected,8,7,11,Alcoholic Beverages
B08C007S11,porcellum_aenococtum,amulum,roux,Undirected,8,7,11,Cereals
B08C007S11,porcellum_aenococtum,porcus,pork,Undirected,8,7,11,Meat
B08C007S11,porcellum_aenococtum,ligusticum,lovage,Undirected,8,7,11,Herbs
B08C007S11,porcellum_aenococtum,defritum,defritum,Undirected,8,7,11,Additive
B08C007S11,porcellum_aenococtum,porcellus,suckling pig,Undirected,8,7,11,Meat
B08C007S12,porcellum_celsinianum,piper,pepper,Undirected,8,7,12,Spices
B08C007S12,porcellum_celsinianum,ruta,rue,Undirected,8,7,12,Herbs
B08C007S12,porcellum_celsinianum,satureia,savory,Undirected,8,7,12,Herbs
B08C007S12,porcellum_celsinianum,cepa,onion,Undirected,8,7,12,Vegetables
B08C007S12,porcellum_celsinianum,liquamen,liquamen,Undirected,8,7,12,Additive
B08C007S12,porcellum_celsinianum,vinum,wine,Undirected,8,7,12,Alcoholic Beverages
B08C007S12,porcellum_celsinianum,ovum,eggs,Undirected,8,7,12,Dairy
B08C007S12,porcellum_celsinianum,porcus,pork,Undirected,8,7,12,Meat
B08C007S12,porcellum_celsinianum,acetum,vinegar,Undirected,8,7,12,Additive
B08C007S12,porcellum_celsinianum,porcellus,suckling pig,Undirected,8,7,12,Meat
B08C007S13,porcellum_assum,piper,pepper,Undirected,8,7,13,Spices
B08C007S13,porcellum_assum,ruta,rue,Undirected,8,7,13,Herbs
B08C007S13,porcellum_assum,satureia,savory,Undirected,8,7,13,Herbs
B08C007S13,porcellum_assum,cepa,onion,Undirected,8,7,13,Vegetables
B08C007S13,porcellum_assum,liquamen,liquamen,Undirected,8,7,13,Additive
B08C007S13,porcellum_assum,conditum,spiced wine,Undirected,8,7,13,Alcoholic Beverages
B08C007S13,porcellum_assum,oleum,oil,Undirected,8,7,13,Plants
B08C007S13,porcellum_assum,vinum,wine,Undirected,8,7,13,Alcoholic Beverages
B08C007S13,porcellum_assum,ovum,eggs,Undirected,8,7,13,Dairy
B08C007S13,porcellum_assum,porcus,pork,Undirected,8,7,13,Meat
B08C007S13,porcellum_assum,porcellus,suckling pig,Undirected,8,7,13,Meat
B08C007S14,porcellum_hortolanum,piper,pepper,Undirected,8,7,14,Spices
B08C007S14,porcellum_hortolanum,coriandrum,coriander,Undirected,8,7,14,Herbs
B08C007S14,porcellum_hortolanum,ruta,rue,Undirected,8,7,14,Herbs
B08C007S14,porcellum_hortolanum,apium,celery (celery seed),Undirected,8,7,14,Herbs
B08C007S14,porcellum_hortolanum,porrum,leeks,Undirected,8,7,14,Vegetables
B08C007S14,porcellum_hortolanum,liquamen,liquamen,Undirected,8,7,14,Additive
B08C007S14,porcellum_hortolanum,mel,honey,Undirected,8,7,14,Additive
B08C007S14,porcellum_hortolanum,passum,raisin wine,Undirected,8,7,14,Alcoholic Beverages
B08C007S14,porcellum_hortolanum,oleum,oil,Undirected,8,7,14,Plants
B08C007S14,porcellum_hortolanum,ovum,eggs,Undirected,8,7,14,Dairy
B08C007S14,porcellum_hortolanum,amulum,roux,Undirected,8,7,14,Cereals
B08C007S14,porcellum_hortolanum,beta,beet,Undirected,8,7,14,Vegetables
B08C007S14,porcellum_hortolanum,malva,mallows,Undirected,8,7,14,Vegetables
B08C007S14,porcellum_hortolanum,palmula,dates,Undirected,8,7,14,Fruit
B08C007S14,porcellum_hortolanum,porcus,pork,Undirected,8,7,14,Meat
B08C007S14,porcellum_hortolanum,pullus,chicken,Undirected,8,7,14,Meat
B08C007S14,porcellum_hortolanum,turdus,thrush,Undirected,8,7,14,Meat
B08C007S14,porcellum_hortolanum,isicium,isicium,Undirected,8,7,14,Meat
B08C007S14,porcellum_hortolanum,lucanica,lucanian sausage,Undirected,8,7,14,Meat
B08C007S14,porcellum_hortolanum,cochlea,snails,Undirected,8,7,14,Meat
B08C007S14,porcellum_hortolanum,ficedula,fig pecker,Undirected,8,7,14,Meat
B08C007S14,porcellum_hortolanum,folia_cauliculorum,cabbage,Undirected,8,7,14,Vegetables
B08C007S14,porcellum_hortolanum,porcellus,suckling pig,Undirected,8,7,14,Meat
B08C007S14,porcellum_hortolanum,bulbus,bulb,Undirected,8,7,14,Vegetables
B08C007S14,porcellum_hortolanum,nucleus,pine nuts,Undirected,8,7,14,Nuts & Seeds
B08C007S15,ius_frigidum_in_porcellum_elixum_ita_fac,piper,pepper,Undirected,8,7,15,Spices
B08C007S15,ius_frigidum_in_porcellum_elixum_ita_fac,anethum,dill,Undirected,8,7,15,Herbs
B08C007S15,ius_frigidum_in_porcellum_elixum_ita_fac,origanum,oregano,Undirected,8,7,15,Herbs
B08C007S15,ius_frigidum_in_porcellum_elixum_ita_fac,carum,caraway,Undirected,8,7,15,Spices
B08C007S15,ius_frigidum_in_porcellum_elixum_ita_fac,liquamen,liquamen,Undirected,8,7,15,Additive
B08C007S15,ius_frigidum_in_porcellum_elixum_ita_fac,acetum,vinegar,Undirected,8,7,15,Additive
B08C007S15,ius_frigidum_in_porcellum_elixum_ita_fac,mel,honey,Undirected,8,7,15,Additive
B08C007S15,ius_frigidum_in_porcellum_elixum_ita_fac,oleum,oil,Undirected,8,7,15,Plants
B08C007S15,ius_frigidum_in_porcellum_elixum_ita_fac,nucleus,pine nuts,Undirected,8,7,15,Nuts & Seeds
B08C007S15,ius_frigidum_in_porcellum_elixum_ita_fac,porcus,pork,Undirected,8,7,15,Meat
B08C007S15,ius_frigidum_in_porcellum_elixum_ita_fac,cariota,date,Undirected,8,7,15,Fruit
B08C007S15,ius_frigidum_in_porcellum_elixum_ita_fac,nucleus,pine nuts,Undirected,8,7,15,Nuts & Seeds
B08C007S15,ius_frigidum_in_porcellum_elixum_ita_fac,sinapis,mustard,Undirected,8,7,15,Spices
B08C007S15,ius_frigidum_in_porcellum_elixum_ita_fac,porcellus,suckling pig,Undirected,8,7,15,Meat
B08C007S16,porcellum_traianum,sal,salt,Undirected,8,7,16,Additive
B08C007S16,porcellum_traianum,porcus,pork,Undirected,8,7,16,Meat
B08C007S16,porcellum_traianum,porcellus,suckling pig,Undirected,8,7,16,Meat
B08C007S17,in_porcello_lactante,piper,pepper,Undirected,8,7,17,Spices
B08C007S17,in_porcello_lactante,liquamen,liquamen,Undirected,8,7,17,Additive
B08C007S17,in_porcello_lactante,acetum,vinegar,Undirected,8,7,17,Additive
B08C007S17,in_porcello_lactante,oleum,oil,Undirected,8,7,17,Plants
B08C007S17,in_porcello_lactante,vinum,wine,Undirected,8,7,17,Alcoholic Beverages
B08C007S17,in_porcello_lactante,porcus,pork,Undirected,8,7,17,Meat
B08C007S17,in_porcello_lactante,porcellus,suckling pig,Undirected,8,7,17,Meat
B08C008S01,leporem,piper,pepper,Undirected,8,8,1,Spices
B08C008S01,leporem,laser,laser,Undirected,8,8,1,Spices
B08C008S01,leporem,ruta,rue,Undirected,8,8,1,Herbs
B08C008S01,leporem,satureia,savory,Undirected,8,8,1,Herbs
B08C008S01,leporem,apium,celery (celery seed),Undirected,8,8,1,Herbs
B08C008S01,leporem,cepa,onion,Undirected,8,8,1,Vegetables
B08C008S01,leporem,allium,garlic,Undirected,8,8,1,Vegetables
B08C008S01,leporem,liquamen,liquamen,Undirected,8,8,1,Additive
B08C008S01,leporem,oleum,oil,Undirected,8,8,1,Plants
B08C008S01,leporem,vinum,wine,Undirected,8,8,1,Alcoholic Beverages
B08C008S01,leporem,lepus,hare,Undirected,8,8,1,Meat
B08C008S01,leporem,ligusticum,lovage,Undirected,8,8,1,Herbs
B08C008S01,leporem,praecoquis,apricots,Undirected,8,8,1,Fruit
B08C008S02,item_aliam_ad_eum_impensam,piper,pepper,Undirected,8,8,2,Spices
B08C008S02,item_aliam_ad_eum_impensam,laser,laser,Undirected,8,8,2,Spices
B08C008S02,item_aliam_ad_eum_impensam,liquamen,liquamen,Undirected,8,8,2,Additive
B08C008S02,item_aliam_ad_eum_impensam,caroenum,caroenum,Undirected,8,8,2,Additive
B08C008S02,item_aliam_ad_eum_impensam,oleum,oil,Undirected,8,8,2,Plants
B08C008S02,item_aliam_ad_eum_impensam,uva,grapes,Undirected,8,8,2,Fruit
B08C008S02,item_aliam_ad_eum_impensam,palmula,dates,Undirected,8,8,2,Fruit
B08C008S02,item_aliam_ad_eum_impensam,uvae_passae,raisins,Undirected,8,8,2,Fruit
B08C008S02,item_aliam_ad_eum_impensam,lepus,hare,Undirected,8,8,2,Meat
B08C008S03,leporem_farsum,piper,pepper,Undirected,8,8,3,Spices
B08C008S03,leporem_farsum,laser,laser,Undirected,8,8,3,Spices
B08C008S03,leporem_farsum,ruta,rue,Undirected,8,8,3,Herbs
B08C008S03,leporem_farsum,satureia,savory,Undirected,8,8,3,Herbs
B08C008S03,leporem_farsum,cepa,onion,Undirected,8,8,3,Vegetables
B08C008S03,leporem_farsum,liquamen,liquamen,Undirected,8,8,3,Additive
B08C008S03,leporem_farsum,conditum,spiced wine,Undirected,8,8,3,Alcoholic Beverages
B08C008S03,leporem_farsum,caroenum,caroenum,Undirected,8,8,3,Additive
B08C008S03,leporem_farsum,palmula,dates,Undirected,8,8,3,Fruit
B08C008S03,leporem_farsum,nux,wallnuts,Undirected,8,8,3,Nuts & Seeds
B08C008S03,leporem_farsum,amygdala,almonds,Undirected,8,8,3,Nuts & Seeds
B08C008S03,leporem_farsum,lepus,hare,Undirected,8,8,3,Meat
B08C008S03,leporem_farsum,porcus,pork,Undirected,8,8,3,Meat
B08C008S03,leporem_farsum,nucleus,pine nuts,Undirected,8,8,3,Nuts & Seeds
B08C008S03,leporem_farsum,ovum,eggs,Undirected,8,8,3,Dairy
B08C008S03,leporem_farsum,omentum,caul,Undirected,8,8,3,Meat
B08C008S04,lus_album_in_assum_leporem,piper,pepper,Undirected,8,8,4,Spices
B08C008S04,lus_album_in_assum_leporem,cuminum,cumin,Undirected,8,8,4,Spices
B08C008S04,lus_album_in_assum_leporem,origanum,oregano,Undirected,8,8,4,Herbs
B08C008S04,lus_album_in_assum_leporem,satureia,savory,Undirected,8,8,4,Herbs
B08C008S04,lus_album_in_assum_leporem,apium,celery (celery seed),Undirected,8,8,4,Herbs
B08C008S04,lus_album_in_assum_leporem,cepa,onion,Undirected,8,8,4,Vegetables
B08C008S04,lus_album_in_assum_leporem,liquamen,liquamen,Undirected,8,8,4,Additive
B08C008S04,lus_album_in_assum_leporem,acetum,vinegar,Undirected,8,8,4,Additive
B08C008S04,lus_album_in_assum_leporem,oleum,oil,Undirected,8,8,4,Plants
B08C008S04,lus_album_in_assum_leporem,vinum,wine,Undirected,8,8,4,Alcoholic Beverages
B08C008S04,lus_album_in_assum_leporem,ovum,eggs,Undirected,8,8,4,Dairy
B08C008S04,lus_album_in_assum_leporem,lepus,hare,Undirected,8,8,4,Meat
B08C008S04,lus_album_in_assum_leporem,ligusticum,lovage,Undirected,8,8,4,Herbs
B08C008S05,lus_album_in_assum_leporem_aliter_in_lep,piper,pepper,Undirected,8,8,5,Spices
B08C008S05,lus_album_in_assum_leporem_aliter_in_lep,cuminum,cumin,Undirected,8,8,5,Spices
B08C008S05,lus_album_in_assum_leporem_aliter_in_lep,coriandrum,coriander,Undirected,8,8,5,Herbs
B08C008S05,lus_album_in_assum_leporem_aliter_in_lep,laser,laser,Undirected,8,8,5,Spices
B08C008S05,lus_album_in_assum_leporem_aliter_in_lep,ruta,rue,Undirected,8,8,5,Herbs
B08C008S05,lus_album_in_assum_leporem_aliter_in_lep,porrum,leeks,Undirected,8,8,5,Vegetables
B08C008S05,lus_album_in_assum_leporem_aliter_in_lep,liquamen,liquamen,Undirected,8,8,5,Additive
B08C008S05,lus_album_in_assum_leporem_aliter_in_lep,acetum,vinegar,Undirected,8,8,5,Additive
B08C008S05,lus_album_in_assum_leporem_aliter_in_lep,mel,honey,Undirected,8,8,5,Additive
B08C008S05,lus_album_in_assum_leporem_aliter_in_lep,oleum,oil,Undirected,8,8,5,Plants
B08C008S05,lus_album_in_assum_leporem_aliter_in_lep,amulum,roux,Undirected,8,8,5,Cereals
B08C008S05,lus_album_in_assum_leporem_aliter_in_lep,lepus,hare,Undirected,8,8,5,Meat
B08C008S05,lus_album_in_assum_leporem_aliter_in_lep,menta,mint,Undirected,8,8,5,Herbs
B08C008S05,lus_album_in_assum_leporem_aliter_in_lep,pulegium,pennyroyal,Undirected,8,8,5,Herbs
B08C008S05,lus_album_in_assum_leporem_aliter_in_lep,iecur,liver,Undirected,8,8,5,Meat
B08C008S05,lus_album_in_assum_leporem_aliter_in_lep,pulmones,lungs,Undirected,8,8,5,Meat
B08C008S06,lus_album_in_assum_leporem_aliter_lepore,piper,pepper,Undirected,8,8,6,Spices
B08C008S06,lus_album_in_assum_leporem_aliter_lepore,cuminum,cumin,Undirected,8,8,6,Spices
B08C008S06,lus_album_in_assum_leporem_aliter_lepore,coriandrum,coriander,Undirected,8,8,6,Herbs
B08C008S06,lus_album_in_assum_leporem_aliter_lepore,anethum,dill,Undirected,8,8,6,Herbs
B08C008S06,lus_album_in_assum_leporem_aliter_lepore,laser,laser,Undirected,8,8,6,Spices
B08C008S06,lus_album_in_assum_leporem_aliter_lepore,ruta,rue,Undirected,8,8,6,Herbs
B08C008S06,lus_album_in_assum_leporem_aliter_lepore,apium,celery (celery seed),Undirected,8,8,6,Herbs
B08C008S06,lus_album_in_assum_leporem_aliter_lepore,cepa,onion,Undirected,8,8,6,Vegetables
B08C008S06,lus_album_in_assum_leporem_aliter_lepore,porrum,leeks,Undirected,8,8,6,Vegetables
B08C008S06,lus_album_in_assum_leporem_aliter_lepore,liquamen,liquamen,Undirected,8,8,6,Additive
B08C008S06,lus_album_in_assum_leporem_aliter_lepore,acetum,vinegar,Undirected,8,8,6,Additive
B08C008S06,lus_album_in_assum_leporem_aliter_lepore,mel,honey,Undirected,8,8,6,Additive
B08C008S06,lus_album_in_assum_leporem_aliter_lepore,oleum,oil,Undirected,8,8,6,Plants
B08C008S06,lus_album_in_assum_leporem_aliter_lepore,amulum,roux,Undirected,8,8,6,Cereals
B08C008S06,lus_album_in_assum_leporem_aliter_lepore,lepus,hare,Undirected,8,8,6,Meat
B08C008S06,lus_album_in_assum_leporem_aliter_lepore,ligusticum,lovage,Undirected,8,8,6,Herbs
B08C008S06,lus_album_in_assum_leporem_aliter_lepore,menta,mint,Undirected,8,8,6,Herbs
B08C008S06,lus_album_in_assum_leporem_aliter_lepore,defritum,defritum,Undirected,8,8,6,Additive
B08C008S07,leporem_passenianum,piper,pepper,Undirected,8,8,7,Spices
B08C008S07,leporem_passenianum,liquamen,liquamen,Undirected,8,8,7,Additive
B08C008S07,leporem_passenianum,sal,salt,Undirected,8,8,7,Additive
B08C008S07,leporem_passenianum,oleum,oil,Undirected,8,8,7,Plants
B08C008S07,leporem_passenianum,vinum,wine,Undirected,8,8,7,Alcoholic Beverages
B08C008S07,leporem_passenianum,amulum,roux,Undirected,8,8,7,Cereals
B08C008S07,leporem_passenianum,lepus,hare,Undirected,8,8,7,Meat
B08C008S07,leporem_passenianum,ligusticum,lovage,Undirected,8,8,7,Herbs
B08C008S07,leporem_passenianum,oenogarum,oenogarum,Undirected,8,8,7,Additive
B08C008S08,leporem_isiciatum,lepus,hare,Undirected,8,8,8,Meat
B08C008S08,leporem_isiciatum,nucleus,pine nuts,Undirected,8,8,8,Nuts & Seeds
B08C008S08,leporem_isiciatum,omentum,caul,Undirected,8,8,8,Meat
B08C008S09,leporem_farsislem,piper,pepper,Undirected,8,8,9,Spices
B08C008S09,leporem_farsislem,origanum,oregano,Undirected,8,8,9,Herbs
B08C008S09,leporem_farsislem,liquamen,liquamen,Undirected,8,8,9,Additive
B08C008S09,leporem_farsislem,vinum,wine,Undirected,8,8,9,Alcoholic Beverages
B08C008S09,leporem_farsislem,ovum,eggs,Undirected,8,8,9,Dairy
B08C008S09,leporem_farsislem,amulum,roux,Undirected,8,8,9,Cereals
B08C008S09,leporem_farsislem,lepus,hare,Undirected,8,8,9,Meat
B08C008S09,leporem_farsislem,gallina,hen,Undirected,8,8,9,Meat
B08C008S09,leporem_farsislem,ligusticum,lovage,Undirected,8,8,9,Herbs
B08C008S09,leporem_farsislem,cerebrum,brain,Undirected,8,8,9,Meat
B08C008S09,leporem_farsislem,iecur,liver,Undirected,8,8,9,Meat
B08C008S09,leporem_farsislem,omentum,caul,Undirected,8,8,9,Meat
B08C008S10,leporem_farsislem_aliter_leporem_elixum_,thymum,thyme,Undirected,8,8,10,Herbs
B08C008S10,leporem_farsislem_aliter_leporem_elixum_,ruta,rue,Undirected,8,8,10,Herbs
B08C008S10,leporem_farsislem_aliter_leporem_elixum_,cepa,onion,Undirected,8,8,10,Vegetables
B08C008S10,leporem_farsislem_aliter_leporem_elixum_,liquamen,liquamen,Undirected,8,8,10,Additive
B08C008S10,leporem_farsislem_aliter_leporem_elixum_,acetum,vinegar,Undirected,8,8,10,Additive
B08C008S10,leporem_farsislem_aliter_leporem_elixum_,passum,raisin wine,Undirected,8,8,10,Alcoholic Beverages
B08C008S10,leporem_farsislem_aliter_leporem_elixum_,oleum,oil,Undirected,8,8,10,Plants
B08C008S10,leporem_farsislem_aliter_leporem_elixum_,lepus,hare,Undirected,8,8,10,Meat
B08C008S11,leporis_conditura,piper,pepper,Undirected,8,8,11,Spices
B08C008S11,leporis_conditura,ruta,rue,Undirected,8,8,11,Herbs
B08C008S11,leporis_conditura,cepa,onion,Undirected,8,8,11,Vegetables
B08C008S11,leporis_conditura,liquamen,liquamen,Undirected,8,8,11,Additive
B08C008S11,leporis_conditura,passum,raisin wine,Undirected,8,8,11,Alcoholic Beverages
B08C008S11,leporis_conditura,caroenum,caroenum,Undirected,8,8,11,Additive
B08C008S11,leporis_conditura,oleum,oil,Undirected,8,8,11,Plants
B08C008S11,leporis_conditura,amulum,roux,Undirected,8,8,11,Cereals
B08C008S11,leporis_conditura,lepus,hare,Undirected,8,8,11,Meat
B08C008S11,leporis_conditura,iecur,liver,Undirected,8,8,11,Meat
B08C008S12,leporem_pipere_sicco_sparsum,piper,pepper,Undirected,8,8,12,Spices
B08C008S12,leporem_pipere_sicco_sparsum,thymum,thyme,Undirected,8,8,12,Herbs
B08C008S12,leporem_pipere_sicco_sparsum,ruta,rue,Undirected,8,8,12,Herbs
B08C008S12,leporem_pipere_sicco_sparsum,satureia,savory,Undirected,8,8,12,Herbs
B08C008S12,leporem_pipere_sicco_sparsum,cepa,onion,Undirected,8,8,12,Vegetables
B08C008S12,leporem_pipere_sicco_sparsum,liquamen,liquamen,Undirected,8,8,12,Additive
B08C008S12,leporem_pipere_sicco_sparsum,caroenum,caroenum,Undirected,8,8,12,Additive
B08C008S12,leporem_pipere_sicco_sparsum,oleum,oil,Undirected,8,8,12,Plants
B08C008S12,leporem_pipere_sicco_sparsum,vinum,wine,Undirected,8,8,12,Alcoholic Beverages
B08C008S12,leporem_pipere_sicco_sparsum,uva,grapes,Undirected,8,8,12,Fruit
B08C008S12,leporem_pipere_sicco_sparsum,palmula,dates,Undirected,8,8,12,Fruit
B08C008S12,leporem_pipere_sicco_sparsum,lepus,hare,Undirected,8,8,12,Meat
B08C008S12,leporem_pipere_sicco_sparsum,haedus,kid,Undirected,8,8,12,Meat
B08C008S12,leporem_pipere_sicco_sparsum,uvae_passae,raisins,Undirected,8,8,12,Fruit
B08C008S13,leporem_pipere_sicco_sparsum_aliter_lepo,piper,pepper,Undirected,8,8,13,Spices
B08C008S13,leporem_pipere_sicco_sparsum_aliter_lepo,anethum,dill,Undirected,8,8,13,Herbs
B08C008S13,leporem_pipere_sicco_sparsum_aliter_lepo,satureia,savory,Undirected,8,8,13,Herbs
B08C008S13,leporem_pipere_sicco_sparsum_aliter_lepo,cepa,onion,Undirected,8,8,13,Vegetables
B08C008S13,leporem_pipere_sicco_sparsum_aliter_lepo,porrum,leeks,Undirected,8,8,13,Vegetables
B08C008S13,leporem_pipere_sicco_sparsum_aliter_lepo,liquamen,liquamen,Undirected,8,8,13,Additive
B08C008S13,leporem_pipere_sicco_sparsum_aliter_lepo,conditum,spiced wine,Undirected,8,8,13,Alcoholic Beverages
B08C008S13,leporem_pipere_sicco_sparsum_aliter_lepo,caroenum,caroenum,Undirected,8,8,13,Additive
B08C008S13,leporem_pipere_sicco_sparsum_aliter_lepo,oleum,oil,Undirected,8,8,13,Plants
B08C008S13,leporem_pipere_sicco_sparsum_aliter_lepo,vinum,wine,Undirected,8,8,13,Alcoholic Beverages
B08C008S13,leporem_pipere_sicco_sparsum_aliter_lepo,amulum,roux,Undirected,8,8,13,Cereals
B08C008S13,leporem_pipere_sicco_sparsum_aliter_lepo,palmula,dates,Undirected,8,8,13,Fruit
B08C008S13,leporem_pipere_sicco_sparsum_aliter_lepo,lepus,hare,Undirected,8,8,13,Meat
B08C008S13,leporem_pipere_sicco_sparsum_aliter_lepo,prunum_damascenum,damascene plums,Undirected,8,8,13,Fruit
B08C009S01,glires,piper,pepper,Undirected,8,9,1,Spices
B08C009S01,glires,laser,laser,Undirected,8,9,1,Spices
B08C009S01,glires,liquamen,liquamen,Undirected,8,9,1,Additive
B08C009S01,glires,isicium,isicium,Undirected,8,9,1,Meat
B08C009S01,glires,porcus,pork,Undirected,8,9,1,Meat
B08C009S01,glires,glis,dormouse,Undirected,8,9,1,Meat
B08C009S01,glires,nucleus,pine nuts,Undirected,8,9,1,Nuts & Seeds
B09C001S01,in_lucusta,piper,pepper,Undirected,9,1,1,Spices
B09C001S01,in_lucusta,cuminum,cumin,Undirected,9,1,1,Spices
B09C001S01,in_lucusta,carum,caraway,Undirected,9,1,1,Spices
B09C001S01,in_lucusta,sinapis,mustard,Undirected,9,1,1,Spices
B09C001S01,in_lucusta,cepa,onion,Undirected,9,1,1,Vegetables
B09C001S01,in_lucusta,liquamen,liquamen,Undirected,9,1,1,Additive
B09C001S01,in_lucusta,acetum,vinegar,Undirected,9,1,1,Additive
B09C001S01,in_lucusta,mel,honey,Undirected,9,1,1,Additive
B09C001S01,in_lucusta,oleum,oil,Undirected,9,1,1,Plants
B09C001S01,in_lucusta,vinum,wine,Undirected,9,1,1,Alcoholic Beverages
B09C001S01,in_lucusta,ligusticum,lovage,Undirected,9,1,1,Herbs
B09C001S01,in_lucusta,defritum,defritum,Undirected,9,1,1,Additive
B09C001S01,in_lucusta,cariota,date,Undirected,9,1,1,Fruit
B09C001S01,in_lucusta,locusta,lobster,Undirected,9,1,1,Seafood
B09C001S01,in_lucusta,capparis,caper,Undirected,9,1,1,Plants
B09C001S02,MISSING_RECIPE_B09C001S02,piper,pepper,Undirected,9,1,2,Spices
B09C001S02,MISSING_RECIPE_B09C001S02,locusta,lobster,Undirected,9,1,2,Seafood
B09C001S03,lucustam_elixam_cum_cuminato,piper,pepper,Undirected,9,1,3,Spices
B09C001S03,lucustam_elixam_cum_cuminato,cuminum,cumin,Undirected,9,1,3,Spices
B09C001S03,lucustam_elixam_cum_cuminato,malabathrum,malabathrum,Undirected,9,1,3,Spices
B09C001S03,lucustam_elixam_cum_cuminato,folium,aromatic leaf,Undirected,9,1,3,Spices
B09C001S03,lucustam_elixam_cum_cuminato,petroselinum,parsley,Undirected,9,1,3,Herbs
B09C001S03,lucustam_elixam_cum_cuminato,liquamen,liquamen,Undirected,9,1,3,Additive
B09C001S03,lucustam_elixam_cum_cuminato,acetum,vinegar,Undirected,9,1,3,Additive
B09C001S03,lucustam_elixam_cum_cuminato,mel,honey,Undirected,9,1,3,Additive
B09C001S03,lucustam_elixam_cum_cuminato,ligusticum,lovage,Undirected,9,1,3,Herbs
B09C001S03,lucustam_elixam_cum_cuminato,menta,mint,Undirected,9,1,3,Herbs
B09C001S03,lucustam_elixam_cum_cuminato,locusta,lobster,Undirected,9,1,3,Seafood
B09C001S04,lucustam_elixam_cum_cuminato_aliter_lucu,piper,pepper,Undirected,9,1,4,Spices
B09C001S04,lucustam_elixam_cum_cuminato_aliter_lucu,folium,aromatic leaf,Undirected,9,1,4,Spices
B09C001S04,lucustam_elixam_cum_cuminato_aliter_lucu,liquamen,liquamen,Undirected,9,1,4,Additive
B09C001S04,lucustam_elixam_cum_cuminato_aliter_lucu,uva,grapes,Undirected,9,1,4,Fruit
B09C001S04,lucustam_elixam_cum_cuminato_aliter_lucu,locusta,lobster,Undirected,9,1,4,Seafood
B09C001S04,lucustam_elixam_cum_cuminato_aliter_lucu,isicium,isicium,Undirected,9,1,4,Meat
B09C001S04,lucustam_elixam_cum_cuminato_aliter_lucu,ovum,eggs,Undirected,9,1,4,Dairy
B09C001S05,in_lucusta_elixa,piper,pepper,Undirected,9,1,5,Spices
B09C001S05,in_lucusta_elixa,cuminum,cumin,Undirected,9,1,5,Spices
B09C001S05,in_lucusta_elixa,ruta,rue,Undirected,9,1,5,Herbs
B09C001S05,in_lucusta_elixa,liquamen,liquamen,Undirected,9,1,5,Additive
B09C001S05,in_lucusta_elixa,acetum,vinegar,Undirected,9,1,5,Additive
B09C001S05,in_lucusta_elixa,mel,honey,Undirected,9,1,5,Additive
B09C001S05,in_lucusta_elixa,oleum,oil,Undirected,9,1,5,Plants
B09C001S05,in_lucusta_elixa,locusta,lobster,Undirected,9,1,5,Seafood
B09C001S06,in_lucusta_elixa_aliter_in_lucusta_1,piper,pepper,Undirected,9,1,6,Spices
B09C001S06,in_lucusta_elixa_aliter_in_lucusta_1,cuminum,cumin,Undirected,9,1,6,Spices
B09C001S06,in_lucusta_elixa_aliter_in_lucusta_1,ruta,rue,Undirected,9,1,6,Herbs
B09C001S06,in_lucusta_elixa_aliter_in_lucusta_1,liquamen,liquamen,Undirected,9,1,6,Additive
B09C001S06,in_lucusta_elixa_aliter_in_lucusta_1,acetum,vinegar,Undirected,9,1,6,Additive
B09C001S06,in_lucusta_elixa_aliter_in_lucusta_1,mel,honey,Undirected,9,1,6,Additive
B09C001S06,in_lucusta_elixa_aliter_in_lucusta_1,vinum,wine,Undirected,9,1,6,Alcoholic Beverages
B09C001S06,in_lucusta_elixa_aliter_in_lucusta_1,ligusticum,lovage,Undirected,9,1,6,Herbs
B09C001S06,in_lucusta_elixa_aliter_in_lucusta_1,menta,mint,Undirected,9,1,6,Herbs
B09C001S06,in_lucusta_elixa_aliter_in_lucusta_1,nux,wallnuts,Undirected,9,1,6,Nuts & Seeds
B09C001S06,in_lucusta_elixa_aliter_in_lucusta_1,nucleus,pine nuts,Undirected,9,1,6,Nuts & Seeds
B09C001S06,in_lucusta_elixa_aliter_in_lucusta_1,locusta,lobster,Undirected,9,1,6,Seafood
B09C002S01,in_torpedine,piper,pepper,Undirected,9,2,1,Spices
B09C002S01,in_torpedine,ruta,rue,Undirected,9,2,1,Herbs
B09C002S01,in_torpedine,liquamen,liquamen,Undirected,9,2,1,Additive
B09C002S01,in_torpedine,mel,honey,Undirected,9,2,1,Additive
B09C002S01,in_torpedine,passum,raisin wine,Undirected,9,2,1,Alcoholic Beverages
B09C002S01,in_torpedine,oleum,oil,Undirected,9,2,1,Plants
B09C002S01,in_torpedine,vinum,wine,Undirected,9,2,1,Alcoholic Beverages
B09C002S01,in_torpedine,amulum,roux,Undirected,9,2,1,Cereals
B09C002S01,in_torpedine,torpedo,electric ray,Undirected,9,2,1,Fish
B09C002S02,in_torpedine_elixa,piper,pepper,Undirected,9,2,2,Spices
B09C002S02,in_torpedine_elixa,origanum,oregano,Undirected,9,2,2,Herbs
B09C002S02,in_torpedine_elixa,petroselinum,parsley,Undirected,9,2,2,Herbs
B09C002S02,in_torpedine_elixa,liquamen,liquamen,Undirected,9,2,2,Additive
B09C002S02,in_torpedine_elixa,acetum,vinegar,Undirected,9,2,2,Additive
B09C002S02,in_torpedine_elixa,mel,honey,Undirected,9,2,2,Additive
B09C002S02,in_torpedine_elixa,passum,raisin wine,Undirected,9,2,2,Alcoholic Beverages
B09C002S02,in_torpedine_elixa,oleum,oil,Undirected,9,2,2,Plants
B09C002S02,in_torpedine_elixa,vinum,wine,Undirected,9,2,2,Alcoholic Beverages
B09C002S02,in_torpedine_elixa,ovum,eggs,Undirected,9,2,2,Dairy
B09C002S02,in_torpedine_elixa,uva,grapes,Undirected,9,2,2,Fruit
B09C002S02,in_torpedine_elixa,ligusticum,lovage,Undirected,9,2,2,Herbs
B09C002S02,in_torpedine_elixa,menta,mint,Undirected,9,2,2,Herbs
B09C002S02,in_torpedine_elixa,uvae_passae,raisins,Undirected,9,2,2,Fruit
B09C002S02,in_torpedine_elixa,sinapis,mustard,Undirected,9,2,2,Spices
B09C002S02,in_torpedine_elixa,torpedo,electric ray,Undirected,9,2,2,Fish
B09C003S01,in_lolligine,piper,pepper,Undirected,9,3,1,Spices
B09C003S01,in_lolligine,ruta,rue,Undirected,9,3,1,Herbs
B09C003S01,in_lolligine,liquamen,liquamen,Undirected,9,3,1,Additive
B09C003S01,in_lolligine,mel,honey,Undirected,9,3,1,Additive
B09C003S01,in_lolligine,caroenum,caroenum,Undirected,9,3,1,Additive
B09C003S01,in_lolligine,oleum,oil,Undirected,9,3,1,Plants
B09C003S01,in_lolligine,lolligo,squid,Undirected,9,3,1,Seafood
B09C003S02,in_lolligine_farsili,piper,pepper,Undirected,9,3,2,Spices
B09C003S02,in_lolligine_farsili,coriandrum,coriander,Undirected,9,3,2,Herbs
B09C003S02,in_lolligine_farsili,apium,celery (celery seed),Undirected,9,3,2,Herbs
B09C003S02,in_lolligine_farsili,liquamen,liquamen,Undirected,9,3,2,Additive
B09C003S02,in_lolligine_farsili,acetum,vinegar,Undirected,9,3,2,Additive
B09C003S02,in_lolligine_farsili,mel,honey,Undirected,9,3,2,Additive
B09C003S02,in_lolligine_farsili,oleum,oil,Undirected,9,3,2,Plants
B09C003S02,in_lolligine_farsili,vinum,wine,Undirected,9,3,2,Alcoholic Beverages
B09C003S02,in_lolligine_farsili,ovum,eggs,Undirected,9,3,2,Dairy
B09C003S02,in_lolligine_farsili,ligusticum,lovage,Undirected,9,3,2,Herbs
B09C003S02,in_lolligine_farsili,lolligo,squid,Undirected,9,3,2,Seafood
B09C004S01,in_sepiis,piper,pepper,Undirected,9,4,1,Spices
B09C004S01,in_sepiis,carum,caraway,Undirected,9,4,1,Spices
B09C004S01,in_sepiis,apium,celery (celery seed),Undirected,9,4,1,Herbs
B09C004S01,in_sepiis,liquamen,liquamen,Undirected,9,4,1,Additive
B09C004S01,in_sepiis,mel,honey,Undirected,9,4,1,Additive
B09C004S01,in_sepiis,vinum,wine,Undirected,9,4,1,Alcoholic Beverages
B09C004S01,in_sepiis,sepia,cuttlefish,Undirected,9,4,1,Seafood
B09C004S01,in_sepiis,ligusticum,lovage,Undirected,9,4,1,Herbs
B09C004S02,sic_farcies_eam_sepiam_coctam,piper,pepper,Undirected,9,4,2,Spices
B09C004S02,sic_farcies_eam_sepiam_coctam,ovum,eggs,Undirected,9,4,2,Dairy
B09C004S02,sic_farcies_eam_sepiam_coctam,sepia,cuttlefish,Undirected,9,4,2,Seafood
B09C004S02,sic_farcies_eam_sepiam_coctam,cerebrum,brain,Undirected,9,4,2,Meat
B09C004S02,sic_farcies_eam_sepiam_coctam,isicium,isicium,Undirected,9,4,2,Meat
B09C004S03,sepias_elixas_ab_aheno,piper,pepper,Undirected,9,4,3,Spices
B09C004S03,sepias_elixas_ab_aheno,laser,laser,Undirected,9,4,3,Spices
B09C004S03,sepias_elixas_ab_aheno,liquamen,liquamen,Undirected,9,4,3,Additive
B09C004S03,sepias_elixas_ab_aheno,ovum,eggs,Undirected,9,4,3,Dairy
B09C004S03,sepias_elixas_ab_aheno,sepia,cuttlefish,Undirected,9,4,3,Seafood
B09C004S03,sepias_elixas_ab_aheno,nucleus,pine nuts,Undirected,9,4,3,Nuts & Seeds
B09C004S04,sepias_elixas_ab_aheno_aliter_sepias_1,piper,pepper,Undirected,9,4,4,Spices
B09C004S04,sepias_elixas_ab_aheno_aliter_sepias_1,cuminum,cumin,Undirected,9,4,4,Spices
B09C004S04,sepias_elixas_ab_aheno_aliter_sepias_1,coriandrum,coriander,Undirected,9,4,4,Herbs
B09C004S04,sepias_elixas_ab_aheno_aliter_sepias_1,liquamen,liquamen,Undirected,9,4,4,Additive
B09C004S04,sepias_elixas_ab_aheno_aliter_sepias_1,acetum,vinegar,Undirected,9,4,4,Additive
B09C004S04,sepias_elixas_ab_aheno_aliter_sepias_1,mel,honey,Undirected,9,4,4,Additive
B09C004S04,sepias_elixas_ab_aheno_aliter_sepias_1,oleum,oil,Undirected,9,4,4,Plants
B09C004S04,sepias_elixas_ab_aheno_aliter_sepias_1,vinum,wine,Undirected,9,4,4,Alcoholic Beverages
B09C004S04,sepias_elixas_ab_aheno_aliter_sepias_1,ovum,eggs,Undirected,9,4,4,Dairy
B09C004S04,sepias_elixas_ab_aheno_aliter_sepias_1,amulum,roux,Undirected,9,4,4,Cereals
B09C004S04,sepias_elixas_ab_aheno_aliter_sepias_1,sepia,cuttlefish,Undirected,9,4,4,Seafood
B09C004S04,sepias_elixas_ab_aheno_aliter_sepias_1,ligusticum,lovage,Undirected,9,4,4,Herbs
B09C004S04,sepias_elixas_ab_aheno_aliter_sepias_1,menta,mint,Undirected,9,4,4,Herbs
B09C005S01,in_polypo,piper,pepper,Undirected,9,5,1,Spices
B09C005S01,in_polypo,laser,laser,Undirected,9,5,1,Spices
B09C005S01,in_polypo,liquamen,liquamen,Undirected,9,5,1,Additive
B09C005S01,in_polypo,polypus,octopus,Undirected,9,5,1,Seafood
B09C006S01,in_ostreis,piper,pepper,Undirected,9,6,1,Spices
B09C006S01,in_ostreis,liquamen,liquamen,Undirected,9,6,1,Additive
B09C006S01,in_ostreis,acetum,vinegar,Undirected,9,6,1,Additive
B09C006S01,in_ostreis,mel,honey,Undirected,9,6,1,Additive
B09C006S01,in_ostreis,oleum,oil,Undirected,9,6,1,Plants
B09C006S01,in_ostreis,vinum,wine,Undirected,9,6,1,Alcoholic Beverages
B09C006S01,in_ostreis,ovum,eggs,Undirected,9,6,1,Dairy
B09C006S01,in_ostreis,ostrea,oysters,Undirected,9,6,1,Seafood
B09C006S01,in_ostreis,ligusticum,lovage,Undirected,9,6,1,Herbs
B09C007S01,in_omne_genus_conchyliorum,piper,pepper,Undirected,9,7,1,Spices
B09C007S01,in_omne_genus_conchyliorum,cuminum,cumin,Undirected,9,7,1,Spices
B09C007S01,in_omne_genus_conchyliorum,malabathrum,malabathrum,Undirected,9,7,1,Spices
B09C007S01,in_omne_genus_conchyliorum,folium,aromatic leaf,Undirected,9,7,1,Spices
B09C007S01,in_omne_genus_conchyliorum,petroselinum,parsley,Undirected,9,7,1,Herbs
B09C007S01,in_omne_genus_conchyliorum,liquamen,liquamen,Undirected,9,7,1,Additive
B09C007S01,in_omne_genus_conchyliorum,mel,honey,Undirected,9,7,1,Additive
B09C007S01,in_omne_genus_conchyliorum,ligusticum,lovage,Undirected,9,7,1,Herbs
B09C007S01,in_omne_genus_conchyliorum,menta,mint,Undirected,9,7,1,Herbs
B09C008S01,in_echino,piper,pepper,Undirected,9,8,1,Spices
B09C008S01,in_echino,liquamen,liquamen,Undirected,9,8,1,Additive
B09C008S01,in_echino,oleum,oil,Undirected,9,8,1,Plants
B09C008S01,in_echino,vinum,wine,Undirected,9,8,1,Alcoholic Beverages
B09C008S01,in_echino,echinus,sea urchin,Undirected,9,8,1,Seafood
B09C008S02,in_echino_aliter_in_echino_1,piper,pepper,Undirected,9,8,2,Spices
B09C008S02,in_echino_aliter_in_echino_1,costum,costmary,Undirected,9,8,2,Plants
B09C008S02,in_echino_aliter_in_echino_1,folium,aromatic leaf,Undirected,9,8,2,Spices
B09C008S02,in_echino_aliter_in_echino_1,liquamen,liquamen,Undirected,9,8,2,Additive
B09C008S02,in_echino_aliter_in_echino_1,mulsum,honied wine,Undirected,9,8,2,Alcoholic Beverages
B09C008S02,in_echino_aliter_in_echino_1,echinus,sea urchin,Undirected,9,8,2,Seafood
B09C008S02,in_echino_aliter_in_echino_1,menta,mint,Undirected,9,8,2,Herbs
B09C008S02,in_echino_aliter_in_echino_1,spica_nardi,indian spikenard,Undirected,9,8,2,Spices
B09C008S03,in_echino_aliter_in_echino_2,piper,pepper,Undirected,9,8,3,Spices
B09C008S03,in_echino_aliter_in_echino_2,folium,aromatic leaf,Undirected,9,8,3,Spices
B09C008S03,in_echino_aliter_in_echino_2,liquamen,liquamen,Undirected,9,8,3,Additive
B09C008S03,in_echino_aliter_in_echino_2,mel,honey,Undirected,9,8,3,Additive
B09C008S03,in_echino_aliter_in_echino_2,oleum,oil,Undirected,9,8,3,Plants
B09C008S03,in_echino_aliter_in_echino_2,ovum,eggs,Undirected,9,8,3,Dairy
B09C008S03,in_echino_aliter_in_echino_2,echinus,sea urchin,Undirected,9,8,3,Seafood
B09C008S04,in_echino_salso,piper,pepper,Undirected,9,8,4,Spices
B09C008S04,in_echino_salso,liquamen,liquamen,Undirected,9,8,4,Additive
B09C008S04,in_echino_salso,caroenum,caroenum,Undirected,9,8,4,Additive
B09C008S04,in_echino_salso,echinus,sea urchin,Undirected,9,8,4,Seafood
B09C008S04,in_echino_salso,salsamenta,salt fish,Undirected,9,8,4,Additive
B09C008S05,in_echino_salso_aliter_1,liquamen,liquamen,Undirected,9,8,5,Additive
B09C008S05,in_echino_salso_aliter_1,echinus,sea urchin,Undirected,9,8,5,Seafood
B09C008S05,in_echino_salso_aliter_1,salsamenta,salt fish,Undirected,9,8,5,Additive
B09C009S01,in_mitulis,cuminum,cumin,Undirected,9,9,1,Spices
B09C009S01,in_mitulis,satureia,savory,Undirected,9,9,1,Herbs
B09C009S01,in_mitulis,porrum,leeks,Undirected,9,9,1,Vegetables
B09C009S01,in_mitulis,liquamen,liquamen,Undirected,9,9,1,Additive
B09C009S01,in_mitulis,passum,raisin wine,Undirected,9,9,1,Alcoholic Beverages
B09C009S01,in_mitulis,vinum,wine,Undirected,9,9,1,Alcoholic Beverages
B09C009S01,in_mitulis,mitulus,mussels,Undirected,9,9,1,Seafood
B09C009S01,in_mitulis,mustum,must / grape must (mustum),Undirected,9,9,1,Additive
B09C010S01,in_sarda_cordula_mugile,piper,pepper,Undirected,9,10,1,Spices
B09C010S01,in_sarda_cordula_mugile,cuminum,cumin,Undirected,9,10,1,Spices
B09C010S01,in_sarda_cordula_mugile,mel,honey,Undirected,9,10,1,Additive
B09C010S01,in_sarda_cordula_mugile,caroenum,caroenum,Undirected,9,10,1,Additive
B09C010S01,in_sarda_cordula_mugile,oleum,oil,Undirected,9,10,1,Plants
B09C010S01,in_sarda_cordula_mugile,nux,wallnuts,Undirected,9,10,1,Nuts & Seeds
B09C010S01,in_sarda_cordula_mugile,menta,mint,Undirected,9,10,1,Herbs
B09C010S01,in_sarda_cordula_mugile,origanum,oregano,Undirected,9,10,1,Herbs
B09C010S01,in_sarda_cordula_mugile,sarda,sardine,Undirected,9,10,1,Fish
B09C010S01,in_sarda_cordula_mugile,mugil,mullet,Undirected,9,10,1,Fish
B09C010S01,in_sarda_cordula_mugile,allec,fish paste,Undirected,9,10,1,Additive
B09C010S01,in_sarda_cordula_mugile,pulegium,pennyroyal,Undirected,9,10,1,Herbs
B09C010S02,sarda_ita_fit,piper,pepper,Undirected,9,10,2,Spices
B09C010S02,sarda_ita_fit,origanum,oregano,Undirected,9,10,2,Herbs
B09C010S02,sarda_ita_fit,thymum,thyme,Undirected,9,10,2,Herbs
B09C010S02,sarda_ita_fit,ruta,rue,Undirected,9,10,2,Herbs
B09C010S02,sarda_ita_fit,acetum,vinegar,Undirected,9,10,2,Additive
B09C010S02,sarda_ita_fit,mel,honey,Undirected,9,10,2,Additive
B09C010S02,sarda_ita_fit,oleum,oil,Undirected,9,10,2,Plants
B09C010S02,sarda_ita_fit,vinum,wine,Undirected,9,10,2,Alcoholic Beverages
B09C010S02,sarda_ita_fit,ligusticum,lovage,Undirected,9,10,2,Herbs
B09C010S02,sarda_ita_fit,sarda,sardine,Undirected,9,10,2,Fish
B09C010S02,sarda_ita_fit,defritum,defritum,Undirected,9,10,2,Additive
B09C010S02,sarda_ita_fit,cariota,date,Undirected,9,10,2,Fruit
B09C010S02,sarda_ita_fit,ovum,eggs,Undirected,9,10,2,Dairy
B09C010S03,ius_in_sarda,piper,pepper,Undirected,9,10,3,Spices
B09C010S03,ius_in_sarda,origanum,oregano,Undirected,9,10,3,Herbs
B09C010S03,ius_in_sarda,cepa,onion,Undirected,9,10,3,Vegetables
B09C010S03,ius_in_sarda,acetum,vinegar,Undirected,9,10,3,Additive
B09C010S03,ius_in_sarda,oleum,oil,Undirected,9,10,3,Plants
B09C010S03,ius_in_sarda,menta,mint,Undirected,9,10,3,Herbs
B09C010S03,ius_in_sarda,sarda,sardine,Undirected,9,10,3,Fish
B09C010S04,ius_in_sarda_aliter_1,piper,pepper,Undirected,9,10,4,Spices
B09C010S04,ius_in_sarda_aliter_1,cepa,onion,Undirected,9,10,4,Vegetables
B09C010S04,ius_in_sarda_aliter_1,acetum,vinegar,Undirected,9,10,4,Additive
B09C010S04,ius_in_sarda_aliter_1,mel,honey,Undirected,9,10,4,Additive
B09C010S04,ius_in_sarda_aliter_1,oleum,oil,Undirected,9,10,4,Plants
B09C010S04,ius_in_sarda_aliter_1,ligusticum,lovage,Undirected,9,10,4,Herbs
B09C010S04,ius_in_sarda_aliter_1,menta,mint,Undirected,9,10,4,Herbs
B09C010S04,ius_in_sarda_aliter_1,sarda,sardine,Undirected,9,10,4,Fish
B09C010S04,ius_in_sarda_aliter_1,ovum,eggs,Undirected,9,10,4,Dairy
B09C010S05,ius_in_cordula_assa,piper,pepper,Undirected,9,10,5,Spices
B09C010S05,ius_in_cordula_assa,ruta,rue,Undirected,9,10,5,Herbs
B09C010S05,ius_in_cordula_assa,apium,celery (celery seed),Undirected,9,10,5,Herbs
B09C010S05,ius_in_cordula_assa,acetum,vinegar,Undirected,9,10,5,Additive
B09C010S05,ius_in_cordula_assa,mel,honey,Undirected,9,10,5,Additive
B09C010S05,ius_in_cordula_assa,oleum,oil,Undirected,9,10,5,Plants
B09C010S05,ius_in_cordula_assa,vinum,wine,Undirected,9,10,5,Alcoholic Beverages
B09C010S05,ius_in_cordula_assa,ligusticum,lovage,Undirected,9,10,5,Herbs
B09C010S05,ius_in_cordula_assa,menta,mint,Undirected,9,10,5,Herbs
B09C010S05,ius_in_cordula_assa,palmula,dates,Undirected,9,10,5,Fruit
B09C010S05,ius_in_cordula_assa,cariota,date,Undirected,9,10,5,Fruit
B09C010S05,ius_in_cordula_assa,sarda,sardine,Undirected,9,10,5,Fish
B09C010S06,ius_in_mugile_salso,piper,pepper,Undirected,9,10,6,Spices
B09C010S06,ius_in_mugile_salso,cuminum,cumin,Undirected,9,10,6,Spices
B09C010S06,ius_in_mugile_salso,ruta,rue,Undirected,9,10,6,Herbs
B09C010S06,ius_in_mugile_salso,cepa,onion,Undirected,9,10,6,Vegetables
B09C010S06,ius_in_mugile_salso,acetum,vinegar,Undirected,9,10,6,Additive
B09C010S06,ius_in_mugile_salso,mel,honey,Undirected,9,10,6,Additive
B09C010S06,ius_in_mugile_salso,oleum,oil,Undirected,9,10,6,Plants
B09C010S06,ius_in_mugile_salso,mugil,mullet,Undirected,9,10,6,Fish
B09C010S06,ius_in_mugile_salso,ligusticum,lovage,Undirected,9,10,6,Herbs
B09C010S06,ius_in_mugile_salso,menta,mint,Undirected,9,10,6,Herbs
B09C010S06,ius_in_mugile_salso,salvia,sage,Undirected,9,10,6,Herbs
B09C010S06,ius_in_mugile_salso,palmula,dates,Undirected,9,10,6,Fruit
B09C010S06,ius_in_mugile_salso,sinapis,mustard,Undirected,9,10,6,Spices
B09C010S06,ius_in_mugile_salso,salsamenta,salt fish,Undirected,9,10,6,Additive
B09C010S06,ius_in_mugile_salso,cariota,date,Undirected,9,10,6,Fruit
B09C010S07,ius_in_mugile_salso_aliter_ius_in_mugile,piper,pepper,Undirected,9,10,7,Spices
B09C010S07,ius_in_mugile_salso_aliter_ius_in_mugile,origanum,oregano,Undirected,9,10,7,Herbs
B09C010S07,ius_in_mugile_salso_aliter_ius_in_mugile,ruta,rue,Undirected,9,10,7,Herbs
B09C010S07,ius_in_mugile_salso_aliter_ius_in_mugile,acetum,vinegar,Undirected,9,10,7,Additive
B09C010S07,ius_in_mugile_salso_aliter_ius_in_mugile,mel,honey,Undirected,9,10,7,Additive
B09C010S07,ius_in_mugile_salso_aliter_ius_in_mugile,oleum,oil,Undirected,9,10,7,Plants
B09C010S07,ius_in_mugile_salso_aliter_ius_in_mugile,mugil,mullet,Undirected,9,10,7,Fish
B09C010S07,ius_in_mugile_salso_aliter_ius_in_mugile,menta,mint,Undirected,9,10,7,Herbs
B09C010S07,ius_in_mugile_salso_aliter_ius_in_mugile,eruca,rocket,Undirected,9,10,7,Plants
B09C010S07,ius_in_mugile_salso_aliter_ius_in_mugile,salvia,sage,Undirected,9,10,7,Herbs
B09C010S07,ius_in_mugile_salso_aliter_ius_in_mugile,palmula,dates,Undirected,9,10,7,Fruit
B09C010S07,ius_in_mugile_salso_aliter_ius_in_mugile,sinapis,mustard,Undirected,9,10,7,Spices
B09C010S07,ius_in_mugile_salso_aliter_ius_in_mugile,salsamenta,salt fish,Undirected,9,10,7,Additive
B09C010S07,ius_in_mugile_salso_aliter_ius_in_mugile,cariota,date,Undirected,9,10,7,Fruit
B09C011S01,"ius_in_siluro,_in_pelamyde_et_in_thynno_",piper,pepper,Undirected,9,11,1,Spices
B09C011S01,"ius_in_siluro,_in_pelamyde_et_in_thynno_",cuminum,cumin,Undirected,9,11,1,Spices
B09C011S01,"ius_in_siluro,_in_pelamyde_et_in_thynno_",ruta,rue,Undirected,9,11,1,Herbs
B09C011S01,"ius_in_siluro,_in_pelamyde_et_in_thynno_",cepa,onion,Undirected,9,11,1,Vegetables
B09C011S01,"ius_in_siluro,_in_pelamyde_et_in_thynno_",acetum,vinegar,Undirected,9,11,1,Additive
B09C011S01,"ius_in_siluro,_in_pelamyde_et_in_thynno_",mel,honey,Undirected,9,11,1,Additive
B09C011S01,"ius_in_siluro,_in_pelamyde_et_in_thynno_",ligusticum,lovage,Undirected,9,11,1,Herbs
B09C011S01,"ius_in_siluro,_in_pelamyde_et_in_thynno_",menta,mint,Undirected,9,11,1,Herbs
B09C011S01,"ius_in_siluro,_in_pelamyde_et_in_thynno_",salvia,sage,Undirected,9,11,1,Herbs
B09C011S01,"ius_in_siluro,_in_pelamyde_et_in_thynno_",palmula,dates,Undirected,9,11,1,Fruit
B09C011S01,"ius_in_siluro,_in_pelamyde_et_in_thynno_",sinapis,mustard,Undirected,9,11,1,Spices
B09C011S01,"ius_in_siluro,_in_pelamyde_et_in_thynno_",oleum,oil,Undirected,9,11,1,Plants
B09C011S01,"ius_in_siluro,_in_pelamyde_et_in_thynno_",cariota,date,Undirected,9,11,1,Fruit
B09C012S01,ius_in_mullo_taricho,piper,pepper,Undirected,9,12,1,Spices
B09C012S01,ius_in_mullo_taricho,sinapis,mustard,Undirected,9,12,1,Spices
B09C012S01,ius_in_mullo_taricho,ruta,rue,Undirected,9,12,1,Herbs
B09C012S01,ius_in_mullo_taricho,cepa,onion,Undirected,9,12,1,Vegetables
B09C012S01,ius_in_mullo_taricho,oleum,oil,Undirected,9,12,1,Plants
B09C012S01,ius_in_mullo_taricho,palmula,dates,Undirected,9,12,1,Fruit
B09C012S01,ius_in_mullo_taricho,piscis,fish,Undirected,9,12,1,Fish
B09C012S01,ius_in_mullo_taricho,echinus,sea urchin,Undirected,9,12,1,Seafood
B09C013S01,salsum_sine_salso,piper,pepper,Undirected,9,13,1,Spices
B09C013S01,salsum_sine_salso,liquamen,liquamen,Undirected,9,13,1,Additive
B09C013S01,salsum_sine_salso,sal,salt,Undirected,9,13,1,Additive
B09C013S01,salsum_sine_salso,oleum,oil,Undirected,9,13,1,Plants
B09C013S01,salsum_sine_salso,agnus,lamb,Undirected,9,13,1,Meat
B09C013S01,salsum_sine_salso,pullus,chicken,Undirected,9,13,1,Meat
B09C013S01,salsum_sine_salso,piscis,fish,Undirected,9,13,1,Fish
B09C013S01,salsum_sine_salso,salsamenta,salt fish,Undirected,9,13,1,Additive
B09C013S01,salsum_sine_salso,haedus,kid,Undirected,9,13,1,Meat
B09C013S01,salsum_sine_salso,lepus,hare,Undirected,9,13,1,Meat
B09C013S01,salsum_sine_salso,iecur,liver,Undirected,9,13,1,Meat
B09C013S02,salsum_sine_salso_aliter_vice_salsi_1,piper,pepper,Undirected,9,13,2,Spices
B09C013S02,salsum_sine_salso_aliter_vice_salsi_1,cuminum,cumin,Undirected,9,13,2,Spices
B09C013S02,salsum_sine_salso_aliter_vice_salsi_1,liquamen,liquamen,Undirected,9,13,2,Additive
B09C013S02,salsum_sine_salso_aliter_vice_salsi_1,passum,raisin wine,Undirected,9,13,2,Alcoholic Beverages
B09C013S02,salsum_sine_salso_aliter_vice_salsi_1,caroenum,caroenum,Undirected,9,13,2,Additive
B09C013S02,salsum_sine_salso_aliter_vice_salsi_1,oleum,oil,Undirected,9,13,2,Plants
B09C013S02,salsum_sine_salso_aliter_vice_salsi_1,nux,wallnuts,Undirected,9,13,2,Nuts & Seeds
B09C013S02,salsum_sine_salso_aliter_vice_salsi_1,salsamenta,salt fish,Undirected,9,13,2,Additive
B09C013S03,salsum_sine_salso_aliter_salsum_sine_sal,piper,pepper,Undirected,9,13,3,Spices
B09C013S03,salsum_sine_salso_aliter_salsum_sine_sal,cuminum,cumin,Undirected,9,13,3,Spices
B09C013S03,salsum_sine_salso_aliter_salsum_sine_sal,liquamen,liquamen,Undirected,9,13,3,Additive
B09C013S03,salsum_sine_salso_aliter_salsum_sine_sal,oleum,oil,Undirected,9,13,3,Plants
B09C013S03,salsum_sine_salso_aliter_salsum_sine_sal,salsamenta,salt fish,Undirected,9,13,3,Additive
B09C014S01,embractum_baianum,piper,pepper,Undirected,9,14,1,Spices
B09C014S01,embractum_baianum,cuminum,cumin,Undirected,9,14,1,Spices
B09C014S01,embractum_baianum,coriandrum,coriander,Undirected,9,14,1,Herbs
B09C014S01,embractum_baianum,ruta,rue,Undirected,9,14,1,Herbs
B09C014S01,embractum_baianum,apium,celery (celery seed),Undirected,9,14,1,Herbs
B09C014S01,embractum_baianum,liquamen,liquamen,Undirected,9,14,1,Additive
B09C014S01,embractum_baianum,passum,raisin wine,Undirected,9,14,1,Alcoholic Beverages
B09C014S01,embractum_baianum,oleum,oil,Undirected,9,14,1,Plants
B09C014S01,embractum_baianum,ostrea,oysters,Undirected,9,14,1,Seafood
B09C014S01,embractum_baianum,sphondylus,hogweed,Undirected,9,14,1,Plants
B09C014S01,embractum_baianum,cariota,date,Undirected,9,14,1,Fruit
B09C014S01,embractum_baianum,nucleus,pine nuts,Undirected,9,14,1,Nuts & Seeds
B09C014S01,embractum_baianum,urtica,nettles,Undirected,9,14,1,Plants
B10C001S01,in_piscibus,piper,pepper,Undirected,10,1,1,Spices
B10C001S01,in_piscibus,cuminum,cumin,Undirected,10,1,1,Spices
B10C001S01,in_piscibus,coriandrum,coriander,Undirected,10,1,1,Herbs
B10C001S01,in_piscibus,origanum,oregano,Undirected,10,1,1,Herbs
B10C001S01,in_piscibus,laser,laser,Undirected,10,1,1,Spices
B10C001S01,in_piscibus,ruta,rue,Undirected,10,1,1,Herbs
B10C001S01,in_piscibus,liquamen,liquamen,Undirected,10,1,1,Additive
B10C001S01,in_piscibus,acetum,vinegar,Undirected,10,1,1,Additive
B10C001S01,in_piscibus,mel,honey,Undirected,10,1,1,Additive
B10C001S01,in_piscibus,oleum,oil,Undirected,10,1,1,Plants
B10C001S01,in_piscibus,piscis,fish,Undirected,10,1,1,Fish
B10C001S01,in_piscibus,defritum,defritum,Undirected,10,1,1,Additive
B10C001S01,in_piscibus,cariota,date,Undirected,10,1,1,Fruit
B10C001S02,ius_in_pisce_elixo_(b10.1),piper,pepper,Undirected,10,1,2,Spices
B10C001S02,ius_in_pisce_elixo_(b10.1),cuminum,cumin,Undirected,10,1,2,Spices
B10C001S02,ius_in_pisce_elixo_(b10.1),origanum,oregano,Undirected,10,1,2,Herbs
B10C001S02,ius_in_pisce_elixo_(b10.1),sinapis,mustard,Undirected,10,1,2,Spices
B10C001S02,ius_in_pisce_elixo_(b10.1),cepa,onion,Undirected,10,1,2,Vegetables
B10C001S02,ius_in_pisce_elixo_(b10.1),liquamen,liquamen,Undirected,10,1,2,Additive
B10C001S02,ius_in_pisce_elixo_(b10.1),acetum,vinegar,Undirected,10,1,2,Additive
B10C001S02,ius_in_pisce_elixo_(b10.1),mel,honey,Undirected,10,1,2,Additive
B10C001S02,ius_in_pisce_elixo_(b10.1),oleum,oil,Undirected,10,1,2,Plants
B10C001S02,ius_in_pisce_elixo_(b10.1),uva,grapes,Undirected,10,1,2,Fruit
B10C001S02,ius_in_pisce_elixo_(b10.1),piscis,fish,Undirected,10,1,2,Fish
B10C001S02,ius_in_pisce_elixo_(b10.1),ligusticum,lovage,Undirected,10,1,2,Herbs
B10C001S02,ius_in_pisce_elixo_(b10.1),uvae_passae,raisins,Undirected,10,1,2,Fruit
B10C001S02,ius_in_pisce_elixo_(b10.1),cariota,date,Undirected,10,1,2,Fruit
B10C001S02,ius_in_pisce_elixo_(b10.1),nucleus,pine nuts,Undirected,10,1,2,Nuts & Seeds
B10C001S03,ius_in_pisce_elixo_aliter_in_pisce_elixo,piper,pepper,Undirected,10,1,3,Spices
B10C001S03,ius_in_pisce_elixo_aliter_in_pisce_elixo,coriandrum,coriander,Undirected,10,1,3,Herbs
B10C001S03,ius_in_pisce_elixo_aliter_in_pisce_elixo,satureia,savory,Undirected,10,1,3,Herbs
B10C001S03,ius_in_pisce_elixo_aliter_in_pisce_elixo,cepa,onion,Undirected,10,1,3,Vegetables
B10C001S03,ius_in_pisce_elixo_aliter_in_pisce_elixo,liquamen,liquamen,Undirected,10,1,3,Additive
B10C001S03,ius_in_pisce_elixo_aliter_in_pisce_elixo,acetum,vinegar,Undirected,10,1,3,Additive
B10C001S03,ius_in_pisce_elixo_aliter_in_pisce_elixo,passum,raisin wine,Undirected,10,1,3,Alcoholic Beverages
B10C001S03,ius_in_pisce_elixo_aliter_in_pisce_elixo,oleum,oil,Undirected,10,1,3,Plants
B10C001S03,ius_in_pisce_elixo_aliter_in_pisce_elixo,ovum,eggs,Undirected,10,1,3,Dairy
B10C001S03,ius_in_pisce_elixo_aliter_in_pisce_elixo,piscis,fish,Undirected,10,1,3,Fish
B10C001S03,ius_in_pisce_elixo_aliter_in_pisce_elixo,ligusticum,lovage,Undirected,10,1,3,Herbs
B10C001S04,ius_in_pisce_elixo_aliter_ius_in_pisce_e,coriandrum,coriander,Undirected,10,1,4,Herbs
B10C001S04,ius_in_pisce_elixo_aliter_ius_in_pisce_e,acetum,vinegar,Undirected,10,1,4,Additive
B10C001S04,ius_in_pisce_elixo_aliter_ius_in_pisce_e,sal,salt,Undirected,10,1,4,Additive
B10C001S04,ius_in_pisce_elixo_aliter_ius_in_pisce_e,piscis,fish,Undirected,10,1,4,Fish
B10C001S05,ius_in_pisce_elixo_aliter_ius_in_pisce_e,coriandrum,coriander,Undirected,10,1,5,Herbs
B10C001S05,ius_in_pisce_elixo_aliter_ius_in_pisce_e,anethum,dill,Undirected,10,1,5,Herbs
B10C001S05,ius_in_pisce_elixo_aliter_ius_in_pisce_e,acetum,vinegar,Undirected,10,1,5,Additive
B10C001S05,ius_in_pisce_elixo_aliter_ius_in_pisce_e,piscis,fish,Undirected,10,1,5,Fish
B10C001S06,ius_alexandrinum_in_pisce_asso,piper,pepper,Undirected,10,1,6,Spices
B10C001S06,ius_alexandrinum_in_pisce_asso,cuminum,cumin,Undirected,10,1,6,Spices
B10C001S06,ius_alexandrinum_in_pisce_asso,origanum,oregano,Undirected,10,1,6,Herbs
B10C001S06,ius_alexandrinum_in_pisce_asso,apium,celery (celery seed),Undirected,10,1,6,Herbs
B10C001S06,ius_alexandrinum_in_pisce_asso,cepa,onion,Undirected,10,1,6,Vegetables
B10C001S06,ius_alexandrinum_in_pisce_asso,liquamen,liquamen,Undirected,10,1,6,Additive
B10C001S06,ius_alexandrinum_in_pisce_asso,acetum,vinegar,Undirected,10,1,6,Additive
B10C001S06,ius_alexandrinum_in_pisce_asso,mulsum,honied wine,Undirected,10,1,6,Alcoholic Beverages
B10C001S06,ius_alexandrinum_in_pisce_asso,oleum,oil,Undirected,10,1,6,Plants
B10C001S06,ius_alexandrinum_in_pisce_asso,piscis,fish,Undirected,10,1,6,Fish
B10C001S06,ius_alexandrinum_in_pisce_asso,ligusticum,lovage,Undirected,10,1,6,Herbs
B10C001S06,ius_alexandrinum_in_pisce_asso,defritum,defritum,Undirected,10,1,6,Additive
B10C001S06,ius_alexandrinum_in_pisce_asso,prunum_damascenum,damascene plums,Undirected,10,1,6,Fruit
B10C001S06,ius_alexandrinum_in_pisce_asso,prunum,plums,Undirected,10,1,6,Fruit
B10C001S07,ius_alexandrinum_in_pisce_asso_aliter_iu,piper,pepper,Undirected,10,1,7,Spices
B10C001S07,ius_alexandrinum_in_pisce_asso_aliter_iu,coriandrum,coriander,Undirected,10,1,7,Herbs
B10C001S07,ius_alexandrinum_in_pisce_asso_aliter_iu,liquamen,liquamen,Undirected,10,1,7,Additive
B10C001S07,ius_alexandrinum_in_pisce_asso_aliter_iu,passum,raisin wine,Undirected,10,1,7,Alcoholic Beverages
B10C001S07,ius_alexandrinum_in_pisce_asso_aliter_iu,oleum,oil,Undirected,10,1,7,Plants
B10C001S07,ius_alexandrinum_in_pisce_asso_aliter_iu,vinum,wine,Undirected,10,1,7,Alcoholic Beverages
B10C001S07,ius_alexandrinum_in_pisce_asso_aliter_iu,uva,grapes,Undirected,10,1,7,Fruit
B10C001S07,ius_alexandrinum_in_pisce_asso_aliter_iu,piscis,fish,Undirected,10,1,7,Fish
B10C001S07,ius_alexandrinum_in_pisce_asso_aliter_iu,ligusticum,lovage,Undirected,10,1,7,Herbs
B10C001S07,ius_alexandrinum_in_pisce_asso_aliter_iu,uvae_passae,raisins,Undirected,10,1,7,Fruit
B10C001S08,ius_alexandrinum_in_pisce_asso_aliter_iu,piper,pepper,Undirected,10,1,8,Spices
B10C001S08,ius_alexandrinum_in_pisce_asso_aliter_iu,coriandrum,coriander,Undirected,10,1,8,Herbs
B10C001S08,ius_alexandrinum_in_pisce_asso_aliter_iu,cepa,onion,Undirected,10,1,8,Vegetables
B10C001S08,ius_alexandrinum_in_pisce_asso_aliter_iu,liquamen,liquamen,Undirected,10,1,8,Additive
B10C001S08,ius_alexandrinum_in_pisce_asso_aliter_iu,acetum,vinegar,Undirected,10,1,8,Additive
B10C001S08,ius_alexandrinum_in_pisce_asso_aliter_iu,passum,raisin wine,Undirected,10,1,8,Alcoholic Beverages
B10C001S08,ius_alexandrinum_in_pisce_asso_aliter_iu,oleum,oil,Undirected,10,1,8,Plants
B10C001S08,ius_alexandrinum_in_pisce_asso_aliter_iu,piscis,fish,Undirected,10,1,8,Fish
B10C001S08,ius_alexandrinum_in_pisce_asso_aliter_iu,ligusticum,lovage,Undirected,10,1,8,Herbs
B10C001S08,ius_alexandrinum_in_pisce_asso_aliter_iu,prunum_damascenum,damascene plums,Undirected,10,1,8,Fruit
B10C001S09,ius_in_gongro_asso,piper,pepper,Undirected,10,1,9,Spices
B10C001S09,ius_in_gongro_asso,cuminum,cumin,Undirected,10,1,9,Spices
B10C001S09,ius_in_gongro_asso,origanum,oregano,Undirected,10,1,9,Herbs
B10C001S09,ius_in_gongro_asso,cepa,onion,Undirected,10,1,9,Vegetables
B10C001S09,ius_in_gongro_asso,liquamen,liquamen,Undirected,10,1,9,Additive
B10C001S09,ius_in_gongro_asso,acetum,vinegar,Undirected,10,1,9,Additive
B10C001S09,ius_in_gongro_asso,mulsum,honied wine,Undirected,10,1,9,Alcoholic Beverages
B10C001S09,ius_in_gongro_asso,vinum,wine,Undirected,10,1,9,Alcoholic Beverages
B10C001S09,ius_in_gongro_asso,ovum,eggs,Undirected,10,1,9,Dairy
B10C001S09,ius_in_gongro_asso,ligusticum,lovage,Undirected,10,1,9,Herbs
B10C001S09,ius_in_gongro_asso,defritum,defritum,Undirected,10,1,9,Additive
B10C001S10,ius_in_cornutam,piper,pepper,Undirected,10,1,10,Spices
B10C001S10,ius_in_cornutam,origanum,oregano,Undirected,10,1,10,Herbs
B10C001S10,ius_in_cornutam,cepa,onion,Undirected,10,1,10,Vegetables
B10C001S10,ius_in_cornutam,liquamen,liquamen,Undirected,10,1,10,Additive
B10C001S10,ius_in_cornutam,acetum,vinegar,Undirected,10,1,10,Additive
B10C001S10,ius_in_cornutam,mel,honey,Undirected,10,1,10,Additive
B10C001S10,ius_in_cornutam,oleum,oil,Undirected,10,1,10,Plants
B10C001S10,ius_in_cornutam,vinum,wine,Undirected,10,1,10,Alcoholic Beverages
B10C001S10,ius_in_cornutam,uva,grapes,Undirected,10,1,10,Fruit
B10C001S10,ius_in_cornutam,ligusticum,lovage,Undirected,10,1,10,Herbs
B10C001S10,ius_in_cornutam,uvae_passae,raisins,Undirected,10,1,10,Fruit
B10C001S11,ius_in_mullos_assos,piper,pepper,Undirected,10,1,11,Spices
B10C001S11,ius_in_mullos_assos,ruta,rue,Undirected,10,1,11,Herbs
B10C001S11,ius_in_mullos_assos,liquamen,liquamen,Undirected,10,1,11,Additive
B10C001S11,ius_in_mullos_assos,acetum,vinegar,Undirected,10,1,11,Additive
B10C001S11,ius_in_mullos_assos,mel,honey,Undirected,10,1,11,Additive
B10C001S11,ius_in_mullos_assos,oleum,oil,Undirected,10,1,11,Plants
B10C001S11,ius_in_mullos_assos,vinum,wine,Undirected,10,1,11,Alcoholic Beverages
B10C001S11,ius_in_mullos_assos,mullus,red mullet,Undirected,10,1,11,Fish
B10C001S11,ius_in_mullos_assos,ligusticum,lovage,Undirected,10,1,11,Herbs
B10C001S11,ius_in_mullos_assos,nucleus,pine nuts,Undirected,10,1,11,Nuts & Seeds
B10C001S12,ius_in_mullos_assos_aliter_ius_in_mullos,piper,pepper,Undirected,10,1,12,Spices
B10C001S12,ius_in_mullos_assos_aliter_ius_in_mullos,coriandrum,coriander,Undirected,10,1,12,Herbs
B10C001S12,ius_in_mullos_assos_aliter_ius_in_mullos,foeniculum,fennel,Undirected,10,1,12,Herbs
B10C001S12,ius_in_mullos_assos_aliter_ius_in_mullos,ruta,rue,Undirected,10,1,12,Herbs
B10C001S12,ius_in_mullos_assos_aliter_ius_in_mullos,liquamen,liquamen,Undirected,10,1,12,Additive
B10C001S12,ius_in_mullos_assos_aliter_ius_in_mullos,mel,honey,Undirected,10,1,12,Additive
B10C001S12,ius_in_mullos_assos_aliter_ius_in_mullos,oleum,oil,Undirected,10,1,12,Plants
B10C001S12,ius_in_mullos_assos_aliter_ius_in_mullos,mullus,red mullet,Undirected,10,1,12,Fish
B10C001S12,ius_in_mullos_assos_aliter_ius_in_mullos,ligusticum,lovage,Undirected,10,1,12,Herbs
B10C001S12,ius_in_mullos_assos_aliter_ius_in_mullos,menta,mint,Undirected,10,1,12,Herbs
B10C001S13,ius_in_pelamyde_assa,piper,pepper,Undirected,10,1,13,Spices
B10C001S13,ius_in_pelamyde_assa,coriandrum,coriander,Undirected,10,1,13,Herbs
B10C001S13,ius_in_pelamyde_assa,origanum,oregano,Undirected,10,1,13,Herbs
B10C001S13,ius_in_pelamyde_assa,cepa,onion,Undirected,10,1,13,Vegetables
B10C001S13,ius_in_pelamyde_assa,liquamen,liquamen,Undirected,10,1,13,Additive
B10C001S13,ius_in_pelamyde_assa,acetum,vinegar,Undirected,10,1,13,Additive
B10C001S13,ius_in_pelamyde_assa,mel,honey,Undirected,10,1,13,Additive
B10C001S13,ius_in_pelamyde_assa,passum,raisin wine,Undirected,10,1,13,Alcoholic Beverages
B10C001S13,ius_in_pelamyde_assa,oleum,oil,Undirected,10,1,13,Plants
B10C001S13,ius_in_pelamyde_assa,uva,grapes,Undirected,10,1,13,Fruit
B10C001S13,ius_in_pelamyde_assa,ligusticum,lovage,Undirected,10,1,13,Herbs
B10C001S13,ius_in_pelamyde_assa,defritum,defritum,Undirected,10,1,13,Additive
B10C001S13,ius_in_pelamyde_assa,uvae_passae,raisins,Undirected,10,1,13,Fruit
B10C001S14,ius_in_percam,piper,pepper,Undirected,10,1,14,Spices
B10C001S14,ius_in_percam,cuminum,cumin,Undirected,10,1,14,Spices
B10C001S14,ius_in_percam,cepa,onion,Undirected,10,1,14,Vegetables
B10C001S14,ius_in_percam,acetum,vinegar,Undirected,10,1,14,Additive
B10C001S14,ius_in_percam,mulsum,honied wine,Undirected,10,1,14,Alcoholic Beverages
B10C001S14,ius_in_percam,oleum,oil,Undirected,10,1,14,Plants
B10C001S14,ius_in_percam,vinum,wine,Undirected,10,1,14,Alcoholic Beverages
B10C001S14,ius_in_percam,ligusticum,lovage,Undirected,10,1,14,Herbs
B10C001S14,ius_in_percam,defritum,defritum,Undirected,10,1,14,Additive
B10C001S14,ius_in_percam,prunum_damascenum,damascene plums,Undirected,10,1,14,Fruit
B10C001S14,ius_in_percam,prunum,plums,Undirected,10,1,14,Fruit
B10C001S15,ius_in_pisce_rubellione,piper,pepper,Undirected,10,1,15,Spices
B10C001S15,ius_in_pisce_rubellione,carum,caraway,Undirected,10,1,15,Spices
B10C001S15,ius_in_pisce_rubellione,serpyllum,wild thyme,Undirected,10,1,15,Herbs
B10C001S15,ius_in_pisce_rubellione,apium,celery (celery seed),Undirected,10,1,15,Herbs
B10C001S15,ius_in_pisce_rubellione,cepa,onion,Undirected,10,1,15,Vegetables
B10C001S15,ius_in_pisce_rubellione,liquamen,liquamen,Undirected,10,1,15,Additive
B10C001S15,ius_in_pisce_rubellione,acetum,vinegar,Undirected,10,1,15,Additive
B10C001S15,ius_in_pisce_rubellione,passum,raisin wine,Undirected,10,1,15,Alcoholic Beverages
B10C001S15,ius_in_pisce_rubellione,oleum,oil,Undirected,10,1,15,Plants
B10C001S15,ius_in_pisce_rubellione,vinum,wine,Undirected,10,1,15,Alcoholic Beverages
B10C001S15,ius_in_pisce_rubellione,amulum,roux,Undirected,10,1,15,Cereals
B10C001S15,ius_in_pisce_rubellione,piscis,fish,Undirected,10,1,15,Fish
B10C001S15,ius_in_pisce_rubellione,ligusticum,lovage,Undirected,10,1,15,Herbs
B10C002S01,in_murenam,piper,pepper,Undirected,10,2,1,Spices
B10C002S01,in_murenam,satureia,savory,Undirected,10,2,1,Herbs
B10C002S01,in_murenam,cepa,onion,Undirected,10,2,1,Vegetables
B10C002S01,in_murenam,liquamen,liquamen,Undirected,10,2,1,Additive
B10C002S01,in_murenam,acetum,vinegar,Undirected,10,2,1,Additive
B10C002S01,in_murenam,mulsum,honied wine,Undirected,10,2,1,Alcoholic Beverages
B10C002S01,in_murenam,oleum,oil,Undirected,10,2,1,Plants
B10C002S01,in_murenam,vinum,wine,Undirected,10,2,1,Alcoholic Beverages
B10C002S01,in_murenam,ligusticum,lovage,Undirected,10,2,1,Herbs
B10C002S01,in_murenam,muraena,moray eel,Undirected,10,2,1,Fish
B10C002S01,in_murenam,prunum_damascenum,damascene plums,Undirected,10,2,1,Fruit
B10C002S01,in_murenam,crocus,saffron,Undirected,10,2,1,Spices
B10C002S01,in_murenam,prunum,plums,Undirected,10,2,1,Fruit
B10C002S02,in_murenam_aliter_ius_in_murena_assa_1,piper,pepper,Undirected,10,2,2,Spices
B10C002S02,in_murenam_aliter_ius_in_murena_assa_1,liquamen,liquamen,Undirected,10,2,2,Additive
B10C002S02,in_murenam_aliter_ius_in_murena_assa_1,acetum,vinegar,Undirected,10,2,2,Additive
B10C002S02,in_murenam_aliter_ius_in_murena_assa_1,mulsum,honied wine,Undirected,10,2,2,Alcoholic Beverages
B10C002S02,in_murenam_aliter_ius_in_murena_assa_1,oleum,oil,Undirected,10,2,2,Plants
B10C002S02,in_murenam_aliter_ius_in_murena_assa_1,vinum,wine,Undirected,10,2,2,Alcoholic Beverages
B10C002S02,in_murenam_aliter_ius_in_murena_assa_1,ligusticum,lovage,Undirected,10,2,2,Herbs
B10C002S02,in_murenam_aliter_ius_in_murena_assa_1,muraena,moray eel,Undirected,10,2,2,Fish
B10C002S02,in_murenam_aliter_ius_in_murena_assa_1,defritum,defritum,Undirected,10,2,2,Additive
B10C002S02,in_murenam_aliter_ius_in_murena_assa_1,prunum_damascenum,damascene plums,Undirected,10,2,2,Fruit
B10C002S02,in_murenam_aliter_ius_in_murena_assa_1,prunum,plums,Undirected,10,2,2,Fruit
B10C002S03,in_murenam_aliter_ius_in_murena_assa_2,piper,pepper,Undirected,10,2,3,Spices
B10C002S03,in_murenam_aliter_ius_in_murena_assa_2,coriandrum,coriander,Undirected,10,2,3,Herbs
B10C002S03,in_murenam_aliter_ius_in_murena_assa_2,nepeta,catnip,Undirected,10,2,3,Herbs
B10C002S03,in_murenam_aliter_ius_in_murena_assa_2,cepa,onion,Undirected,10,2,3,Vegetables
B10C002S03,in_murenam_aliter_ius_in_murena_assa_2,liquamen,liquamen,Undirected,10,2,3,Additive
B10C002S03,in_murenam_aliter_ius_in_murena_assa_2,acetum,vinegar,Undirected,10,2,3,Additive
B10C002S03,in_murenam_aliter_ius_in_murena_assa_2,mel,honey,Undirected,10,2,3,Additive
B10C002S03,in_murenam_aliter_ius_in_murena_assa_2,oleum,oil,Undirected,10,2,3,Plants
B10C002S03,in_murenam_aliter_ius_in_murena_assa_2,nucleus,pine nuts,Undirected,10,2,3,Nuts & Seeds
B10C002S03,in_murenam_aliter_ius_in_murena_assa_2,ligusticum,lovage,Undirected,10,2,3,Herbs
B10C002S03,in_murenam_aliter_ius_in_murena_assa_2,muraena,moray eel,Undirected,10,2,3,Fish
B10C002S03,in_murenam_aliter_ius_in_murena_assa_2,nucleus,pine nuts,Undirected,10,2,3,Nuts & Seeds
B10C002S04,in_murenam_aliter_ius_in_murena_elixa_3,piper,pepper,Undirected,10,2,4,Spices
B10C002S04,in_murenam_aliter_ius_in_murena_elixa_3,anethum,dill,Undirected,10,2,4,Herbs
B10C002S04,in_murenam_aliter_ius_in_murena_elixa_3,apium,celery (celery seed),Undirected,10,2,4,Herbs
B10C002S04,in_murenam_aliter_ius_in_murena_elixa_3,liquamen,liquamen,Undirected,10,2,4,Additive
B10C002S04,in_murenam_aliter_ius_in_murena_elixa_3,acetum,vinegar,Undirected,10,2,4,Additive
B10C002S04,in_murenam_aliter_ius_in_murena_elixa_3,mel,honey,Undirected,10,2,4,Additive
B10C002S04,in_murenam_aliter_ius_in_murena_elixa_3,oleum,oil,Undirected,10,2,4,Plants
B10C002S04,in_murenam_aliter_ius_in_murena_elixa_3,ligusticum,lovage,Undirected,10,2,4,Herbs
B10C002S04,in_murenam_aliter_ius_in_murena_elixa_3,muraena,moray eel,Undirected,10,2,4,Fish
B10C002S04,in_murenam_aliter_ius_in_murena_elixa_3,defritum,defritum,Undirected,10,2,4,Additive
B10C002S04,in_murenam_aliter_ius_in_murena_elixa_3,rhus,sumac,Undirected,10,2,4,Spices
B10C002S04,in_murenam_aliter_ius_in_murena_elixa_3,cariota,date,Undirected,10,2,4,Fruit
B10C002S04,in_murenam_aliter_ius_in_murena_elixa_3,sinapis,mustard,Undirected,10,2,4,Spices
B10C002S05,in_murenam_aliter_ius_in_murena_elixa_4,piper,pepper,Undirected,10,2,5,Spices
B10C002S05,in_murenam_aliter_ius_in_murena_elixa_4,coriandrum,coriander,Undirected,10,2,5,Herbs
B10C002S05,in_murenam_aliter_ius_in_murena_elixa_4,carum,caraway,Undirected,10,2,5,Spices
B10C002S05,in_murenam_aliter_ius_in_murena_elixa_4,ruta,rue,Undirected,10,2,5,Herbs
B10C002S05,in_murenam_aliter_ius_in_murena_elixa_4,apium,celery (celery seed),Undirected,10,2,5,Herbs
B10C002S05,in_murenam_aliter_ius_in_murena_elixa_4,liquamen,liquamen,Undirected,10,2,5,Additive
B10C002S05,in_murenam_aliter_ius_in_murena_elixa_4,acetum,vinegar,Undirected,10,2,5,Additive
B10C002S05,in_murenam_aliter_ius_in_murena_elixa_4,mel,honey,Undirected,10,2,5,Additive
B10C002S05,in_murenam_aliter_ius_in_murena_elixa_4,oleum,oil,Undirected,10,2,5,Plants
B10C002S05,in_murenam_aliter_ius_in_murena_elixa_4,vinum,wine,Undirected,10,2,5,Alcoholic Beverages
B10C002S05,in_murenam_aliter_ius_in_murena_elixa_4,amulum,roux,Undirected,10,2,5,Cereals
B10C002S05,in_murenam_aliter_ius_in_murena_elixa_4,nucleus,pine nuts,Undirected,10,2,5,Nuts & Seeds
B10C002S05,in_murenam_aliter_ius_in_murena_elixa_4,ligusticum,lovage,Undirected,10,2,5,Herbs
B10C002S05,in_murenam_aliter_ius_in_murena_elixa_4,menta,mint,Undirected,10,2,5,Herbs
B10C002S05,in_murenam_aliter_ius_in_murena_elixa_4,anethum,dill,Undirected,10,2,5,Herbs
B10C002S05,in_murenam_aliter_ius_in_murena_elixa_4,muraena,moray eel,Undirected,10,2,5,Fish
B10C002S05,in_murenam_aliter_ius_in_murena_elixa_4,nucleus,pine nuts,Undirected,10,2,5,Nuts & Seeds
B10C002S06,in_murenam_aliter_ius_in_murena_elixa_5,piper,pepper,Undirected,10,2,6,Spices
B10C002S06,in_murenam_aliter_ius_in_murena_elixa_5,cuminum,cumin,Undirected,10,2,6,Spices
B10C002S06,in_murenam_aliter_ius_in_murena_elixa_5,carum,caraway,Undirected,10,2,6,Spices
B10C002S06,in_murenam_aliter_ius_in_murena_elixa_5,liquamen,liquamen,Undirected,10,2,6,Additive
B10C002S06,in_murenam_aliter_ius_in_murena_elixa_5,acetum,vinegar,Undirected,10,2,6,Additive
B10C002S06,in_murenam_aliter_ius_in_murena_elixa_5,mel,honey,Undirected,10,2,6,Additive
B10C002S06,in_murenam_aliter_ius_in_murena_elixa_5,oleum,oil,Undirected,10,2,6,Plants
B10C002S06,in_murenam_aliter_ius_in_murena_elixa_5,ligusticum,lovage,Undirected,10,2,6,Herbs
B10C002S06,in_murenam_aliter_ius_in_murena_elixa_5,muraena,moray eel,Undirected,10,2,6,Fish
B10C002S06,in_murenam_aliter_ius_in_murena_elixa_5,defritum,defritum,Undirected,10,2,6,Additive
B10C002S06,in_murenam_aliter_ius_in_murena_elixa_5,cariota,date,Undirected,10,2,6,Fruit
B10C002S06,in_murenam_aliter_ius_in_murena_elixa_5,nucleus,pine nuts,Undirected,10,2,6,Nuts & Seeds
B10C002S06,in_murenam_aliter_ius_in_murena_elixa_5,sinapis,mustard,Undirected,10,2,6,Spices
B10C003S01,ius_in_lacertos_elixos,piper,pepper,Undirected,10,3,1,Spices
B10C003S01,ius_in_lacertos_elixos,cuminum,cumin,Undirected,10,3,1,Spices
B10C003S01,ius_in_lacertos_elixos,ruta,rue,Undirected,10,3,1,Herbs
B10C003S01,ius_in_lacertos_elixos,cepa,onion,Undirected,10,3,1,Vegetables
B10C003S01,ius_in_lacertos_elixos,liquamen,liquamen,Undirected,10,3,1,Additive
B10C003S01,ius_in_lacertos_elixos,acetum,vinegar,Undirected,10,3,1,Additive
B10C003S01,ius_in_lacertos_elixos,mel,honey,Undirected,10,3,1,Additive
B10C003S01,ius_in_lacertos_elixos,oleum,oil,Undirected,10,3,1,Plants
B10C003S01,ius_in_lacertos_elixos,amulum,roux,Undirected,10,3,1,Cereals
B10C003S01,ius_in_lacertos_elixos,ligusticum,lovage,Undirected,10,3,1,Herbs
B10C003S02,ius_in_pisce_elixo_(b10.3),piper,pepper,Undirected,10,3,2,Spices
B10C003S02,ius_in_pisce_elixo_(b10.3),origanum,oregano,Undirected,10,3,2,Herbs
B10C003S02,ius_in_pisce_elixo_(b10.3),petroselinum,parsley,Undirected,10,3,2,Herbs
B10C003S02,ius_in_pisce_elixo_(b10.3),cepa,onion,Undirected,10,3,2,Vegetables
B10C003S02,ius_in_pisce_elixo_(b10.3),liquamen,liquamen,Undirected,10,3,2,Additive
B10C003S02,ius_in_pisce_elixo_(b10.3),acetum,vinegar,Undirected,10,3,2,Additive
B10C003S02,ius_in_pisce_elixo_(b10.3),mel,honey,Undirected,10,3,2,Additive
B10C003S02,ius_in_pisce_elixo_(b10.3),oleum,oil,Undirected,10,3,2,Plants
B10C003S02,ius_in_pisce_elixo_(b10.3),vinum,wine,Undirected,10,3,2,Alcoholic Beverages
B10C003S02,ius_in_pisce_elixo_(b10.3),amulum,roux,Undirected,10,3,2,Cereals
B10C003S02,ius_in_pisce_elixo_(b10.3),piscis,fish,Undirected,10,3,2,Fish
B10C003S02,ius_in_pisce_elixo_(b10.3),ligusticum,lovage,Undirected,10,3,2,Herbs
B10C003S03,ius_in_pisce_asso,piper,pepper,Undirected,10,3,3,Spices
B10C003S03,ius_in_pisce_asso,coriandrum,coriander,Undirected,10,3,3,Herbs
B10C003S03,ius_in_pisce_asso,thymum,thyme,Undirected,10,3,3,Herbs
B10C003S03,ius_in_pisce_asso,ruta,rue,Undirected,10,3,3,Herbs
B10C003S03,ius_in_pisce_asso,liquamen,liquamen,Undirected,10,3,3,Additive
B10C003S03,ius_in_pisce_asso,acetum,vinegar,Undirected,10,3,3,Additive
B10C003S03,ius_in_pisce_asso,mel,honey,Undirected,10,3,3,Additive
B10C003S03,ius_in_pisce_asso,oleum,oil,Undirected,10,3,3,Plants
B10C003S03,ius_in_pisce_asso,vinum,wine,Undirected,10,3,3,Alcoholic Beverages
B10C003S03,ius_in_pisce_asso,amulum,roux,Undirected,10,3,3,Cereals
B10C003S03,ius_in_pisce_asso,piscis,fish,Undirected,10,3,3,Fish
B10C003S03,ius_in_pisce_asso,ligusticum,lovage,Undirected,10,3,3,Herbs
B10C003S03,ius_in_pisce_asso,defritum,defritum,Undirected,10,3,3,Additive
B10C003S04,ius_in_thynno,piper,pepper,Undirected,10,3,4,Spices
B10C003S04,ius_in_thynno,cuminum,cumin,Undirected,10,3,4,Spices
B10C003S04,ius_in_thynno,coriandrum,coriander,Undirected,10,3,4,Herbs
B10C003S04,ius_in_thynno,thymum,thyme,Undirected,10,3,4,Herbs
B10C003S04,ius_in_thynno,cepa,onion,Undirected,10,3,4,Vegetables
B10C003S04,ius_in_thynno,liquamen,liquamen,Undirected,10,3,4,Additive
B10C003S04,ius_in_thynno,acetum,vinegar,Undirected,10,3,4,Additive
B10C003S04,ius_in_thynno,mel,honey,Undirected,10,3,4,Additive
B10C003S04,ius_in_thynno,passum,raisin wine,Undirected,10,3,4,Alcoholic Beverages
B10C003S04,ius_in_thynno,oleum,oil,Undirected,10,3,4,Plants
B10C003S04,ius_in_thynno,vinum,wine,Undirected,10,3,4,Alcoholic Beverages
B10C003S04,ius_in_thynno,amulum,roux,Undirected,10,3,4,Cereals
B10C003S04,ius_in_thynno,uva,grapes,Undirected,10,3,4,Fruit
B10C003S04,ius_in_thynno,uvae_passae,raisins,Undirected,10,3,4,Fruit
B10C003S05,ius_in_thynno_elixo,piper,pepper,Undirected,10,3,5,Spices
B10C003S05,ius_in_thynno_elixo,thymum,thyme,Undirected,10,3,5,Herbs
B10C003S05,ius_in_thynno_elixo,cepa,onion,Undirected,10,3,5,Vegetables
B10C003S05,ius_in_thynno_elixo,liquamen,liquamen,Undirected,10,3,5,Additive
B10C003S05,ius_in_thynno_elixo,acetum,vinegar,Undirected,10,3,5,Additive
B10C003S05,ius_in_thynno_elixo,mel,honey,Undirected,10,3,5,Additive
B10C003S05,ius_in_thynno_elixo,oleum,oil,Undirected,10,3,5,Plants
B10C003S05,ius_in_thynno_elixo,ligusticum,lovage,Undirected,10,3,5,Herbs
B10C003S05,ius_in_thynno_elixo,cariota,date,Undirected,10,3,5,Fruit
B10C003S05,ius_in_thynno_elixo,sinapis,mustard,Undirected,10,3,5,Spices
B10C003S06,ius_in_dentice_asso,piper,pepper,Undirected,10,3,6,Spices
B10C003S06,ius_in_dentice_asso,coriandrum,coriander,Undirected,10,3,6,Herbs
B10C003S06,ius_in_dentice_asso,ruta,rue,Undirected,10,3,6,Herbs
B10C003S06,ius_in_dentice_asso,liquamen,liquamen,Undirected,10,3,6,Additive
B10C003S06,ius_in_dentice_asso,mel,honey,Undirected,10,3,6,Additive
B10C003S06,ius_in_dentice_asso,oleum,oil,Undirected,10,3,6,Plants
B10C003S06,ius_in_dentice_asso,vinum,wine,Undirected,10,3,6,Alcoholic Beverages
B10C003S06,ius_in_dentice_asso,amulum,roux,Undirected,10,3,6,Cereals
B10C003S06,ius_in_dentice_asso,malum,apple,Undirected,10,3,6,Fruit
B10C003S06,ius_in_dentice_asso,ligusticum,lovage,Undirected,10,3,6,Herbs
B10C003S06,ius_in_dentice_asso,menta,mint,Undirected,10,3,6,Herbs
B10C003S06,ius_in_dentice_asso,cotoneum,quince,Undirected,10,3,6,Fruit
B10C003S06,ius_in_dentice_asso,dentex,dentex fish,Undirected,10,3,6,Fish
B10C003S07,in_dentice_elixo,piper,pepper,Undirected,10,3,7,Spices
B10C003S07,in_dentice_elixo,cuminum,cumin,Undirected,10,3,7,Spices
B10C003S07,in_dentice_elixo,anethum,dill,Undirected,10,3,7,Herbs
B10C003S07,in_dentice_elixo,thymum,thyme,Undirected,10,3,7,Herbs
B10C003S07,in_dentice_elixo,ruta,rue,Undirected,10,3,7,Herbs
B10C003S07,in_dentice_elixo,liquamen,liquamen,Undirected,10,3,7,Additive
B10C003S07,in_dentice_elixo,acetum,vinegar,Undirected,10,3,7,Additive
B10C003S07,in_dentice_elixo,mel,honey,Undirected,10,3,7,Additive
B10C003S07,in_dentice_elixo,oleum,oil,Undirected,10,3,7,Plants
B10C003S07,in_dentice_elixo,vinum,wine,Undirected,10,3,7,Alcoholic Beverages
B10C003S07,in_dentice_elixo,amulum,roux,Undirected,10,3,7,Cereals
B10C003S07,in_dentice_elixo,piscis,fish,Undirected,10,3,7,Fish
B10C003S07,in_dentice_elixo,aurata,bream,Undirected,10,3,7,Fish
B10C003S07,in_dentice_elixo,menta,mint,Undirected,10,3,7,Herbs
B10C003S08,b10.3.8,origanum,oregano,Undirected,10,3,8,Herbs
B10C003S08,b10.3.8,carum,caraway,Undirected,10,3,8,Spices
B10C003S08,b10.3.8,ruta,rue,Undirected,10,3,8,Herbs
B10C003S08,b10.3.8,liquamen,liquamen,Undirected,10,3,8,Additive
B10C003S08,b10.3.8,acetum,vinegar,Undirected,10,3,8,Additive
B10C003S08,b10.3.8,mel,honey,Undirected,10,3,8,Additive
B10C003S08,b10.3.8,oleum,oil,Undirected,10,3,8,Plants
B10C003S08,b10.3.8,vinum,wine,Undirected,10,3,8,Alcoholic Beverages
B10C003S08,b10.3.8,ovum,eggs,Undirected,10,3,8,Dairy
B10C003S08,b10.3.8,ligusticum,lovage,Undirected,10,3,8,Herbs
B10C003S08,b10.3.8,menta,mint,Undirected,10,3,8,Herbs
B10C003S08,b10.3.8,bacae_myrti,myrtle berry,Undirected,10,3,8,Fruit
B10C003S08,b10.3.8,piper,pepper,Undirected,10,3,8,Spices
B10C003S09,ius_in_pisce_aurata_assa,piper,pepper,Undirected,10,3,9,Spices
B10C003S09,ius_in_pisce_aurata_assa,coriandrum,coriander,Undirected,10,3,9,Herbs
B10C003S09,ius_in_pisce_aurata_assa,apium,celery (celery seed),Undirected,10,3,9,Herbs
B10C003S09,ius_in_pisce_aurata_assa,cepa,onion,Undirected,10,3,9,Vegetables
B10C003S09,ius_in_pisce_aurata_assa,liquamen,liquamen,Undirected,10,3,9,Additive
B10C003S09,ius_in_pisce_aurata_assa,acetum,vinegar,Undirected,10,3,9,Additive
B10C003S09,ius_in_pisce_aurata_assa,mel,honey,Undirected,10,3,9,Additive
B10C003S09,ius_in_pisce_aurata_assa,oleum,oil,Undirected,10,3,9,Plants
B10C003S09,ius_in_pisce_aurata_assa,vinum,wine,Undirected,10,3,9,Alcoholic Beverages
B10C003S09,ius_in_pisce_aurata_assa,uva,grapes,Undirected,10,3,9,Fruit
B10C003S09,ius_in_pisce_aurata_assa,piscis,fish,Undirected,10,3,9,Fish
B10C003S09,ius_in_pisce_aurata_assa,aurata,bream,Undirected,10,3,9,Fish
B10C003S09,ius_in_pisce_aurata_assa,menta,mint,Undirected,10,3,9,Herbs
B10C003S09,ius_in_pisce_aurata_assa,uvae_passae,raisins,Undirected,10,3,9,Fruit
B10C003S10,ius_in_scorpione_elixo,piper,pepper,Undirected,10,3,10,Spices
B10C003S10,ius_in_scorpione_elixo,carum,caraway,Undirected,10,3,10,Spices
B10C003S10,ius_in_scorpione_elixo,petroselinum,parsley,Undirected,10,3,10,Herbs
B10C003S10,ius_in_scorpione_elixo,liquamen,liquamen,Undirected,10,3,10,Additive
B10C003S10,ius_in_scorpione_elixo,acetum,vinegar,Undirected,10,3,10,Additive
B10C003S10,ius_in_scorpione_elixo,mel,honey,Undirected,10,3,10,Additive
B10C003S10,ius_in_scorpione_elixo,oleum,oil,Undirected,10,3,10,Plants
B10C003S10,ius_in_scorpione_elixo,defritum,defritum,Undirected,10,3,10,Additive
B10C003S10,ius_in_scorpione_elixo,cariota,date,Undirected,10,3,10,Fruit
B10C003S10,ius_in_scorpione_elixo,sinapis,mustard,Undirected,10,3,10,Spices
B10C003S11,in_pisce_oenogarum,piper,pepper,Undirected,10,3,11,Spices
B10C003S11,in_pisce_oenogarum,ruta,rue,Undirected,10,3,11,Herbs
B10C003S11,in_pisce_oenogarum,liquamen,liquamen,Undirected,10,3,11,Additive
B10C003S11,in_pisce_oenogarum,oenogarum,oenogarum,Undirected,10,3,11,Additive
B10C003S11,in_pisce_oenogarum,mel,honey,Undirected,10,3,11,Additive
B10C003S11,in_pisce_oenogarum,passum,raisin wine,Undirected,10,3,11,Alcoholic Beverages
B10C003S11,in_pisce_oenogarum,caroenum,caroenum,Undirected,10,3,11,Additive
B10C003S12,in_pisce_oenogarum_aliter_in_pisce_oenog,oenogarum,oenogarum,Undirected,10,3,12,Additive
B10C003S12,in_pisce_oenogarum_aliter_in_pisce_oenog,amulum,roux,Undirected,10,3,12,Cereals
B10C003S12,in_pisce_oenogarum_aliter_in_pisce_oenog,piper,pepper,Undirected,10,3,12,Spices
B10C003S12,in_pisce_oenogarum_aliter_in_pisce_oenog,ruta,rue,Undirected,10,3,12,Herbs
B10C003S12,in_pisce_oenogarum_aliter_in_pisce_oenog,liquamen,liquamen,Undirected,10,3,12,Additive
B10C003S12,in_pisce_oenogarum_aliter_in_pisce_oenog,mel,honey,Undirected,10,3,12,Additive
B10C003S12,in_pisce_oenogarum_aliter_in_pisce_oenog,passum,raisin wine,Undirected,10,3,12,Alcoholic Beverages
B10C003S12,in_pisce_oenogarum_aliter_in_pisce_oenog,caroenum,caroenum,Undirected,10,3,12,Additive
B10C004S01,in_anguillam,piper,pepper,Undirected,10,4,1,Spices
B10C004S01,in_anguillam,anethum,dill,Undirected,10,4,1,Herbs
B10C004S01,in_anguillam,apium,celery (celery seed),Undirected,10,4,1,Herbs
B10C004S01,in_anguillam,liquamen,liquamen,Undirected,10,4,1,Additive
B10C004S01,in_anguillam,acetum,vinegar,Undirected,10,4,1,Additive
B10C004S01,in_anguillam,mel,honey,Undirected,10,4,1,Additive
B10C004S01,in_anguillam,oleum,oil,Undirected,10,4,1,Plants
B10C004S01,in_anguillam,ligusticum,lovage,Undirected,10,4,1,Herbs
B10C004S01,in_anguillam,menta,mint,Undirected,10,4,1,Herbs
B10C004S01,in_anguillam,coriandrum,coriander,Undirected,10,4,1,Herbs
B10C004S01,in_anguillam,nucleus,pine nuts,Undirected,10,4,1,Nuts & Seeds
B10C004S01,in_anguillam,ruta,rue,Undirected,10,4,1,Herbs
B10C004S01,in_anguillam,anguilla,eel,Undirected,10,4,1,Fish
B10C004S01,in_anguillam,defritum,defritum,Undirected,10,4,1,Additive
B10C004S01,in_anguillam,rhus,sumac,Undirected,10,4,1,Spices
B10C004S01,in_anguillam,cariota,date,Undirected,10,4,1,Fruit
B10C004S01,in_anguillam,sinapis,mustard,Undirected,10,4,1,Spices
B10C004S02,in_anguillam_aliter_ius_in_anguillam_1,piper,pepper,Undirected,10,4,2,Spices
B10C004S02,in_anguillam_aliter_ius_in_anguillam_1,ruta,rue,Undirected,10,4,2,Herbs
B10C004S02,in_anguillam_aliter_ius_in_anguillam_1,liquamen,liquamen,Undirected,10,4,2,Additive
B10C004S02,in_anguillam_aliter_ius_in_anguillam_1,acetum,vinegar,Undirected,10,4,2,Additive
B10C004S02,in_anguillam_aliter_ius_in_anguillam_1,mulsum,honied wine,Undirected,10,4,2,Alcoholic Beverages
B10C004S02,in_anguillam_aliter_ius_in_anguillam_1,oleum,oil,Undirected,10,4,2,Plants
B10C004S02,in_anguillam_aliter_ius_in_anguillam_1,ovum,eggs,Undirected,10,4,2,Dairy
B10C004S02,in_anguillam_aliter_ius_in_anguillam_1,ligusticum,lovage,Undirected,10,4,2,Herbs
B10C004S02,in_anguillam_aliter_ius_in_anguillam_1,anguilla,eel,Undirected,10,4,2,Fish
B10C004S02,in_anguillam_aliter_ius_in_anguillam_1,menta,mint,Undirected,10,4,2,Herbs
B10C004S02,in_anguillam_aliter_ius_in_anguillam_1,rhus,sumac,Undirected,10,4,2,Spices
